01003c1bbad8f87c328f93b574c92c744cf90023736d12a65cc482369cc8ed885e443b7ddb9aafc058f0f771557cd0403f3f5a54e7fe83628df0e9fd585ab7629ce2522eae8e1dbd388d78a86ab1936d2a19316ec60bc318e2c0f0d908404040404000000003e814faf5b25fd153ed78afd2b44631f629913c8889be1b6d3f8884f496efeea1a7aef6ffcb816d68a0aba24afacf5cbf670a8b35ac28218e86c5f62cac069e250462656e63686d61726b73
01001187f74624e171393102e1f66c878b3a00d47d20de94ed9a41d60c8ffb7df9bc112950fb6c5f871ebb90919710a1312242481ede772da15785c9e59a086201b8c3f9c307129e3fc6d7f34aa4dfed5814e56ec60bc318e2c0f0d908414141414100000003e8cf0ab0953154918a743e98c522099638f4ba9a29341a888c654dfea10e9e9d57d97681ae167ddda54a49c2cffa0ec64a95239ad5550fb7c718caceedb445470362656e63686d61726b73
010045a761331926367fc436797a7570440300ab9f2628c325c141e9fb2430f106850f62930bc3f0b12df39a9b84a49c7c1d12af4927db60a3b8ab01a0d15ad475699935982c49a3d19c13779574fa94bec9856ec60bc318e2c0f0d908424242424200000003e8fbe5034f5c36c03065888a6a23916bc521b3e64705a6f4dddad03c87bb0f5ce6f224e20c27bff1912b666351675067345da9977a32e2ba9bd1d3edda60c94b0b62656e63686d61726b73
0100d233aaf32b304c87e287c09ba4016f09005869aff450549732cbaaed5e5df9b30a6da31cb0e5742bad5ad4a1a768f1a67badc14011f82d1c56d956aa4f9d73d8858361a606048525e0d08c638dc75dd8c76ec60bc318e2c0f0d908434343434300000003e890661803599224bb35737035a04f58d6980452f9a0bf47373bffef30522d0caa2616f7b55a95c033fa6c4b2593dbd4323956a7345f131bbdc9f926578eed570e62656e63686d61726b73
0100cf0b2a4a8d2a0b6978b71290da7cc80e0079a631eede1bf9c98f12032cdeadd0e7a079398fc786b88cc846ec89af85a51a174553b456dddfc6908ecab1c101fe6ab21e2baa0617795b7d43a63482993fd56ec60bc318e2c0f0d908444444444400000003e886161e1cf5d11d5bc204c3dd6a57500278cfd890cb15e57f88b25af7d64724895f1bbb4062f698ac530e4517fe0aa7013762395051672db83968c7520655b70c62656e63686d61726b73
010004c5dcaf495f51d85abb7e30fb226aa800a3f7cd7faa139aea6c30f62e4657d156bcd68946c82c35b7bdc2a3374db92d1233a199bcf0bbbc77104f57b7bfea9e61c929fdf1aa07007ef5777d97bc94057c6ec60bc318e2c0f0d908454545454500000003e85830d4ff8dc0a482fe066b795a161d7ff8af1b502c367625be8026b54d7a998444d7bd6c2b3bf73f0f22f005204bd383ac5a3e8f6691e5a69e42f9e70cc7df0862656e63686d61726b73
01006b938770de438c30602c81af1a377e24006426856ea47bc6c1b6a712eff97e335b6eaa5a796f66618f230b8e75ab22e563b89b13fe160da484a361b27ebaf9914ade7126c1f580f591d9d4c4dc770c347e6ec60bc318e2c0f0d908464646464600000003e8938f439ea9a9daf581d46fb4a8903c2f6e452ee9f5d334dc5a7fd84e0a9a3a33f3bd5e85a07a8c22a55132349dca9d6fc71019a6142111701b133bf392c1590562656e63686d61726b73
0100ba8bf4d11e1b1ea306ad8b7d5f99d28700e071ef8a7396d00883649e89724b1c8b2d51227a45a0eeab55c023e1b8299e6a5e4e41f48759047832fd9c0b1e0e456a0bf24bccd0b9aa3cae501c25527b7d4f6ec60bc318e2c0f0d908474747474700000003e886758b95a5a2293b5c3fccaf0f5290a6ad57ceb0fe326d3a2ea0377f61861fa751eaef31733161c1ea52b907965eafc071222c37d9be75b6d95aef30ce29620462656e63686d61726b73
010037e03fdd71bdf46ec159930501ed735200d00afcf7c16ad752fc2f5f331c437ad8bb8749eb84c947c1401987aac966f1792f88a6377142473e5ee9b1d53b6ff504f9a60e6e1d15b804fadd6f2be3255d746ec60bc318e2c0f0d908484848484800000003e88eda429e46625c7779aea54a2b6a2c18b94a30d768dcff59b3c64e520d28bddf652cd23d0ef612dbe04d443bf65ee30bbc3b229656022a8bfbdae1f3361b900862656e63686d61726b73
01002c68c59cf4a42827f37ca04fee0e915c007c10766c386fc446decf3a0e6d264402f4db601b69fd4c568a22fa3ccec66525f56eae48230986f45f58380144e6aac55e194d8055d777c3986bc03eb9ed8cdc6ec60bc318e2c0f0d908494949494900000003e83420cf1c8d8f0a556ff36e7e069eedd52c9867d5560580a898594ef3dd88736fff26edcb0e0fb2ece4b400450fa539208d2122492cfeb532232a7f9acc738e0362656e63686d61726b73
0100bf4ddbf317c103a044948a9bea91e63600b762a76811a92a1ecc32dcb1178729a28a25b19a8d81e5477696d3cf788c93685ca777c7d9d979ff49127cc05196c94a070fab5a5e6c7ec8b82e6f8f26fd01686ec60bc318e2c0f0d9084a4a4a4a4a00000003e879fec982f1644b7d478379edd46390809afc57cef0377a0613aeded6f14be2dda1d37fe24ab587f806ad91386cc478b97cabadc026e27745f959ead63c540b0862656e63686d61726b73
0100e4746a71dc657f28d8ee0ee5ea32318c005b2316dc2b5c71366ef575388c844d3142aca905dbcbfa0399e12bc4925f5e31a0d5dbc324bd67c12b00e7e7995549ba4530f59e79490ce5b4c89c87dcae22396ec60bc318e2c0f0d9084b4b4b4b4b00000003e8a5e0a156d67fa67d5b7d6124e5e91cbe3ca2d5ca61b0bf2740b9127eda12a75fc73e469553180c3cb97f9ec75f195e6456b4dbf902eadec0f019ef43f1eb960462656e63686d61726b73
0100015cd622face7f19ccfee2164d6ba99000a02090967476345dfe80b7d871054541823a61e1441f21584bc85148f5f9ef0d4b191b4dc9bb64ddb6170faae9fd0e7016cd01d74d26f87165df45267da902476ec60bc318e2c0f0d9084c4c4c4c4c00000003e8244903db4e0c5f06885cf54a869f3d81cfb074cd033fbd06cd3a70af2fed56f62ea4a9914875e481d03c9273ce10c026bd362a33dcc9c5eff717751f0ee3f10462656e63686d61726b73
01002b8cbbee5c89212e52ccb0e00d43c1bd0027da2e9fcad7ef13ed32ba952051a628e88a638397c848a637035b441c3ea324f26697dc398df5a736ed72b5472c9a82458bcc6060573d48187382d0bacdfdc06ec60bc318e2c0f0d9084d4d4d4d4d00000003e85bbf7af0feea79ca27fb12728651a87ac0adeead0eaa8e11d76166b37194997bd3f77803572633b51f4a656088f19f4fe1ebd9665878614b97cab5757ba9280462656e63686d61726b73
0100565ac119881a48963737c311ad0111ae0006aff291e4d5d8e811b2e833c7ffdfb9a2e6184af1b53a13d9d8d48717654a2988cb427f64d02222515729f3a16d2f758bb252587ec9421a07c63d1593380eac6ec60bc318e2c0f0d9084e4e4e4e4e00000003e8fcf4ce5ebba87785895ceb8901c05830f02f8bf775830685f5a8fb4c171b5ea9cfd1a2bccea985531aca91d6366a14f35eaf7014a2023d18d5e765434228060862656e63686d61726b73
01006b48230ae501bb97cee33eb011851035000e8e7a1585273df2cb2f5db3e57f3d4adfd51b4a737e25e836a85b36ffe8d419a86cc6c945cfa43b9d367eebe7f03c83f196a4b50ee2fa1def45b5ae2e30f2df6ec60bc318e2c0f0d9084f4f4f4f4f00000003e88e6e1bbbc103534f01537c91ed513fee1c57acf37f9fc693494fa2916ecefc0aa1a332ce477e20609922cf8d2ad281aeafbd6c639f22030438cd0f6fcb3ba70a62656e63686d61726b73
0100c142303aa91a143a05f64c6503415859002448f29d6e7df3f60afcab9b9a8a1f8240bdf5699798b28b71156edc4afaba45f97f6f18352e8d0acf5a4bb82ad0732c82f89a042472df8381778752d6695abf6ec60bc318e2c0f0d908505050505000000003e816cc661d6fe02aa1a22e4b1e903f07d6c1aff5de842f14a4d8124fbc403f0617cff1dfa6c58939141d4a28293e970858878e433b07e99d9a906474b7d4b5f60262656e63686d61726b73
0100a0ff2bee6f51ff82bda3972bfdc69c2100f3b2be60073b21d88e17cca214decbb4d74b6b12d79dbaee6611ecd4e81c6c27d4cfae62dab1a7634f422faf41dfea83acc4b15b12fe0feeee642d1d5e83a61e6ec60bc318e2c0f0d908515151515100000003e8939846b7fc01be2f74744d98d2214d1ae4c02bfdb78a2e80149e71a3efa19ce56143d8acde7bb9a446784680b7fb94ae818d1188c79db9007948f240e0bd560962656e63686d61726b73
0100d2c3306957e95c48b71b904487660898002da5414d1935984b817c7d3fd086a0288a2b73a7c33deb24f10d68a22762a46c252b66a642661c87d3c8799f271a7efdcf2e146776d0a804aa3ef06a0f5133e16ec60bc318e2c0f0d908525252525200000003e8f94ad5a783eb09650b15b18987628a4f6ff994690aa2ceb2779424172c07518cbff0481e2546bf2eeb1bcc70f27a3e41600eebbdb0df41ea8338bf7817a1a60462656e63686d61726b73
0100243f53656fcdbb0f07b143659db01fe0004d27bcee3135c4944b28d27dd809b07be10c35160d20131caa7e85575498d07c6c28fd058c18c88c6cce2af981d2d11c851b123ed5b69b7876773ed099ea3f836ec60bc318e2c0f0d908535353535300000003e808d7c87094faba8a4a47ce0d02719920ff592c09df2686c77f8c8b997b737c890f2b7de3ecda20b24d50df92137e16b32c79f9d6f94c4a8fb411c8670c921b0862656e63686d61726b73
0100e7851b9a6fe3e88d37ed336bf8ebc7780034e42d4af5ef94a07a3a84201b889d4cd1a743cb27b11b6a10438a8feb8e58473f7708d5f5cc2bc633b59d2b3a2ed92e7479220c6f08ade208bebcd8580ab93b6ec60bc318e2c0f0d908545454545400000003e86ea26668a836b4467c4aafd634fd5fee5fcfcfd8798f93930f8df08adc5e53986b4a8680af542ac7166964641818a1795da294d8e61a29a2c3c87c8965ebbb0962656e63686d61726b73
0100d00f98a0380dec3106efc3ca7f2d314200e832ca1dbe67b91f866a0d61836667756247c3ef0bfd85323a14f29b30e42716dd368fcf081bae97bc44fde21e8f1b373baa212d4e0887efb61360acb4067cb56ec60bc318e2c0f0d908555555555500000003e83ad22c7389bec0f4b06ca3bdeaa1dde96c1c54bf95abb14f43310786fead1ca45c6e7fc6de7068fef9e4b604ef22a0e775b9690f4726e0920af5a0b918f0500262656e63686d61726b73
01003c17c9e0e6c0fe60a5c4a9ecc409da11000747eaf57d1ed5d169f1379ce0ed383029747776fe4b1f0e7fe4211ebd815e5f61ef333fb28e7f4a01309d75603d5520999f8618a88228f2f2aa4aa1a849c8616ec60bc318e2c0f0d908565656565600000003e85af5c523a7b69f7f29ff59b1dc3b3431f49e86026f22638627efa2ccdc49cb3448b41f1e41da01a81065b7e7558091131338b5f055a5870f2b84fdba3a617c0662656e63686d61726b73
0100e5645d38c849299a2059aa80f50317450018e182e27ef04c42c44b362fb921d86d8a03d4ca2839659c5258ec560af7ff1610be1493ba19fd2f9ff60697d689ba73481ff66584f8a6770fc250c1d03b77f26ec60bc318e2c0f0d908575757575700000003e848b06183bad3cde307bec6bec710eaa39d8c8dd9dd9fb615f904c4631ed07353d6506e32fb7a68c71f205e1438ab4e3c7c27adcd0314ff789ceca916bd733e0562656e63686d61726b73
0100f78d9d87ab96d8ca4008529443290c2600a3107a460b1238745b0f7a71daa311d5b87d15f0866ac2165426254e6831cc7688de84e295c43674906f5973a92cd5ab80171512f8055adf5718b47dbbd02e546ec60bc318e2c0f0d908585858585800000003e8941133ec0c6d32e8fc60805c4036008372ac575d2566956c42f8fb75affa76c9c0b5bb9719ba8fb6f8c543842824f2199c4cdae966b10166e1e4d855fd966b0762656e63686d61726b73
0100b725a677aea63ae08197a4fcd62bfb58005ee76fdbb25af2f929a0a1c4a5db18255290ef71f9aca098f5acf7b3b19efa3f2493b02e63f6b42eaa50844715c062917d015cffa4b928bb883523edbe999d6e6ec60bc318e2c0f0d908595959595900000003e808506d837b9d4a5e5e1147cf631aadf31ebcf8cb25cf43e9fd96b435b1f14d17857c614e5404760c8a17da8e1d8bdd002deac8e59453ea9f2f11f5cb068a0b0262656e63686d61726b73
01004ac4882503c022c9097db82d72ccb7c600b7b915400d631ffe75302957d0f05840a539d8cec7c96b2eca66cc751b6e5a3450b29e9fa63888f812b1bbc9a8c684c57800d85f3e504b2e13468525a50d951e6ec60bc318e2c0f0d9085a5a5a5a5a00000003e8605bcdceff76e478422b696523013d0ac394c67895bf56dfee6f7ca401e38b7b26672a36fe526be2de8098b515a3c2d14d6d19f8ee6d8cd4a61b11071618d70462656e63686d61726b73
01009868c526a620de52f5f7beacffda9a0d00808be2169ea81b45e407e79ce4e092add24a9fc6ec23843317cac34215f11822c7aa4a6ce4f5e6842b3dec9bf79d3189b680482a422d9da835fe9bffa67f2ef16ec60bc318e2c0f0d9085b5b5b5b5b00000003e8bcca5d27d91133d751ba00e78e8cc20a57ad02b8c5d491aaebee2a7911edd058d1e102f88fcf0f8791b4fd084fccee1878f9c9fa55e4a53968155f00a6881b0c62656e63686d61726b73
01007a83c1acc94403e0c7ea9e36d8a68da600492f1cb85847ffc7bb427865f64c5e8041ec0499b37a1da945a15b4102af027ed7b4749ae3119a0e0a1159e4b44c07834742488852d37cf644e9ae12f414abe76ec60bc318e2c0f0d9085c5c5c5c5c00000003e83a3b80715135079636a16b5710a3ca75498ee9feae128f7c0cdf3f666bfa34b8e45fbd05d96e04e9a125efa37dd1320229c62e9a2c018e0ed7e1e1de4afad70062656e63686d61726b73
0100999b4947043c1f766ae3146bc671c0dd00eb048c490cce104c8b9db35b435bde05c74a86f3a2fc1c5b64d7d4222a5ffe3f4906fb53259fd97ce5259a727472120fb5abd0d42e755531885fad59264754106ec60bc318e2c0f0d9085d5d5d5d5d00000003e85220089c393ad4b6a2aebe067e80e3f200ad071dd06cd638930a449a6a8a8ab698ecc73309debc1cf148e1c3140787c2f4d01f4a3dd16e94c821176e8229780762656e63686d61726b73
0100215f0548a2ddc7e80fa620030f9fe07e00ca0ff4a4b789fc3063bb068e648933f844a9d284c6bd7f6ba2cb0d44089c100b0d5b96bbaa271feceb6263bf30310b4b613a99731d7b11d5c4c8bdac8fb8b1656ec60bc318e2c0f0d9085e5e5e5e5e00000003e86a04bdfa372800a1bf0753825aa04ccb73b479cc1ca8ad032f1a161069adaac79fed66a29c587b75e196d4f944039ad218840e3b9034c6ebd431d301b804f70c62656e63686d61726b73
01002a99e493276e94735c59e957cbd7617d00e0895c817d5f67cd017f0a910a933f63da967f5ba99792b789c4d75675c319598160435f1dab5991958e3dfc254545e357101022d8fd7ce8f9e31a44515a895d6ec60bc318e2c0f0d9085f5f5f5f5f00000003e8bb3d69dc06b6b0adfd02cba95d5c5a0ce24839d69fa78501abc999f6d3acea64e10d7e3175dd1b9928309032a6d21b83acb7030362c35b7e28f69443c4d5050262656e63686d61726b73
01004a93cc8611918ef19e2f8d5dc1713be90020f999985e197e2df77c0b21c4348620937d4bcf649ea2d2b4bcaff560ed574dbce125e80378420e050167ddaef3c8790b327ca9e5cc4138428052efb58f01ef6ec60bc318e2c0f0d908606060606000000003e84ce1a3c82541f0116601b69d390c0fb1a92eab40701b670f054a3972442ed43cf5fbaf639c44585c239a86c567652fe94d3ef1b1840dc63cbc34ae83fc1c230d62656e63686d61726b73
01003b967d5262aba8bb6231183b571abdaf00da3a8fd5a50ffa3b641f1bf224143d9084505b907d2323410c259fbb653ddf32c4daaab22710cc8b3d79af499eb722308cabf6cbb10ec1027f64d92fb7dd7d9b6ec60bc318e2c0f0d908616161616100000003e8444be863e6a8b6931956e3429937878a9498c15c7bdc7f2e64f936db69ba9b498fbbd5c0117547a410c3f709d22acfd30e139a1f304ef1e6f47a0360323ab50f62656e63686d61726b73
0100c1180524c53b31ee8672804bbd86141b00c1f19aec414fc60c2d5a7cea64e5cd123aed38dc834b2b88f58f9bd739bdba1e43cdc023d22d5f9e107d1a0693457d35d1d10eb7d21c721192f56f5de40665d36ec60bc318e2c0f0d908626262626200000003e82ef538bb6fee323b1fde34608dbeaae748f1bb00df026cf2f890f870c89a06b1d588d85956e71d835e6f39d4a048b357073e23e0661a7b816f6a882cabc8a00f62656e63686d61726b73
01004ca1677223757e1036d8f87cf18d9ad90007a37cbc142093c8b755dc1b10e86cb426374ad16aa853ed0bdfc0b2b86d1c7ce7f162a10bec559afea195e4dce84b69568d5d2cb0963eb446c0685e2b17f2f06ec60bc318e2c0f0d908636363636300000003e8583e3938677be631f0ee1c7cf130fa7587bad613df856423f79eaf986c1eb0d59333a845615a37fb7ba14dccced85ceb28860817f2903de79757ab6d64f2e40062656e63686d61726b73
01007ca1f5f47307b3966150a76062f4a11a00358072d6365880d1aeea329adf9121383851ed21a28e3b75e965d0d2cd1662542543b92ff1095511476adc8369db6ddc933665a11978dda1404ee1066ca9559d6ec60bc318e2c0f0d908646464646400000003e8995df2e2bec5bc418372c86f0a79ef5844f7f23b210d67331b94fa42bf5a988f2d0612b645dec56f6b453d4618b4a7b1c72908d1727839ab7f42e7aeb3c4070762656e63686d61726b73
0100ad32c8ebe5ca0fc5d077e51041c8305200fce51e3e2fa5a17e21c581d8b1d68476d730b350e99a63c2da3505ab3ff84031a42c21fd916d69beafea642d7b05f1bb39fa7a255fe942bf7f4e2e97f1e371676ec60bc318e2c0f0d908656565656500000003e8fe35948248041a363eafc1a5dbd0095c60c5ce6879da605ecc9fe60a76a431d646b04d3d407a04dfa4aecd14143d111c48f3847e4ee7b6013015faf220b0460762656e63686d61726b73
010096d61053a8cf21d338d997336ec563f700e93e81073dec75531838982d87d3a769df90a7bd7fdb29397fbb2719745d8665c50d5911dc6fb300b17478f800ed76f5198b7752b1487122d9d8e8a3336ff8726ec60bc318e2c0f0d908666666666600000003e8529d753e7c769118a795eef329ced63153ce913948a221a20df69a8fa51f40a9c1f6d805ee447dd396c15163b2b57240be754a7652dade920e152f70615f700562656e63686d61726b73
0100e4776412bc83758ec6fac606975acefa0019f4122881ad276aa48917c4518ea46fedcb44af1d7454b3f44bac66a4d23662aeb63d2292d5089f500049eaf7e72eae7a256d9a09dd3da68e99fe17583d79b66ec60bc318e2c0f0d908676767676700000003e828e7998ffd9f0102040d556f4683bb8bc2eb994f1ed12964b21b28498d79813179126b0eb96df0a6bc2fbbd6f06884599a0a94f7ac84f50125e781e69cb4e10962656e63686d61726b73
0100a3b62f37bc6b34d1878a84b95a5c145a00b82d0d90fdc447b47794edd1aa141b46fdf0cd19841920b8ee30c099a061863ee3e384103d3e303b416998610680943603bea9a28c38ed77c5b83b788184aff26ec60bc318e2c0f0d908686868686800000003e8f3d0427aa7da970909128d7cfde08b19f9edbb0f294c64a9c54227f6863b6ef14f11b62d99f1c0c113161fc711d65cafb310dd9ca7080eb4e4af8f013bef5c0962656e63686d61726b73
01003b747e17fa8033b4be0ed68d2fe8788400fd2e64f2d0757680e75a05d41751aa16bd7d979c759d478d02be02b132d0af40335fce013234bf7e8b87b5664b1a50516e1a42874cb231f1b491239e908161af6ec60bc318e2c0f0d908696969696900000003e80ad4a707f1aa8519445843d6eecbc830682b00322f0558e1cfb310fa3cd7cef4ee18988f0b0e1de76f1fc56e6c977cbbf365fd6ba067f9370019ada84f20fd0262656e63686d61726b73
0100b57dacd7213bb1c8e06748b57317cef600aa6d1cfb57e660ee605e0a7c001220441cc05baad49582ad30d80741f31dde2ccc8cf62b730fdcdf2142cd24f1930fe3ab2d94b68c584aeb6715f785de0935ce6ec60bc318e2c0f0d9086a6a6a6a6a00000003e8cb7f0e083c042751b22b7162778302d65ef4576dc4e7857c409b0c0c1789090bdf72010f51766c545e0f0db955cf80364d0f4701fc854bb9c1d83ba25be11e0462656e63686d61726b73
0100e2cfc46eb743b52499205730873c189700c368ef4ab487895486ec35b49171fed92fefb21dbbd1146aef59f5ee9a71440f6e5e458ff795a08807931fda06b58c5f4842b46bcaffb5f535c673b5225e47166ec60bc318e2c0f0d9086b6b6b6b6b00000003e8acce34f523ae940bf71abff474b38b4a598c671ec303975d012b8f44dffc2bf852cc860481ab22251849d1b54b5518ac5f5bba65ea2ae2a9292cd913605b8c0c62656e63686d61726b73
0100a4a09acf1853755bb3e9e1ff09d0119100e3902163a70af5dcb2aec48ceee743474fbaa64b0244000d124483ee76adcc19ea4af22d82b187738c4faad8368086866a2b81178ec833b3d23945bb8683b8fd6ec60bc318e2c0f0d9086c6c6c6c6c00000003e8a55a69cb0f52d945383047f0e80f47abbe0afe909876a8a89a6f6bfbc91cf4fa0c9bd0a69339cd8161a4670c6d38dd3fe28c322941e7dbe3c4f84c6b853bfa0a62656e63686d61726b73
0100a800440c2d4e1d05fa52b39183e4fb3800dcf7d947500a276cd43f9a38fa9886a3187f17b2d2fa0b42fa07122038922c0be10bd7743e0a11655a3a5784d3c25cbe2b09eebf75f243ab9184fbe03f63159b6ec60bc318e2c0f0d9086d6d6d6d6d00000003e8440c7aaace0a8b04c491ed33c945806dde0a3d4e093ec6ed9902720bcff8f1c6afa13b2bd694e69d961d7df7acf43e79365cf1b4887ad27aab2b2c7cb82a770662656e63686d61726b73
01009050f4991262ca0b65446c84e9f85f2200a17e2ff6fb2e0e98cf1eef79f0e0ad58ad760f57722a1b791d64663d0afeb80556d7b4d79a5140d69284ca37f884f089ef0f42d99aa99d4466d0f3294e4d3f886ec60bc318e2c0f0d9086e6e6e6e6e00000003e826569d3904ce32eaba9ec554e592fb373c719fe92c89dd2a03f3e4836b23b079b32041b005045081f04f2cae4a761a029930926f5344ee9ccb0f8558ca37190562656e63686d61726b73
01003d40fc608b26c61b74a40199b1442bbf0087fd570dc1cad9a15d4b2396fe271921a449e3dda5f5d6de8873b49009b0d209eaf4698e649eced91cc5db6e1bdb099409e4e3c7013e135d16241790e8af37726ec60bc318e2c0f0d9086f6f6f6f6f00000003e86d17cca3c70438621244e6011eff3c414846f84bf74a19c04a6e6ff6c0d525cc856b0b7936df19a166857466b9b6184afd02de522a6d2fe9421dcf1d3879f90462656e63686d61726b73
010065f29a76b64744aa8fda2053a2d5ad6600103439a31bc103dced44c17f9eaf7f83e92fb0e6f79733e5e3e9e3b11b098706595b9878302e56e54a0c340638db891ece2221a7385c34688ecbddcc84d5ebef6ec60bc318e2c0f0d908707070707000000003e8f35ee9f8b89e8f50ed0008e618a8d47f26ec15dc8a4d44114249efaba5f8f9350a348360ee92585adb71aaeda5c1c6512dfc52325a061cf374d620212953b70962656e63686d61726b73
0100af7a7e6e4880d9443729b8bc7be05fda0081d1126fb72a7e7b4aead898946d21bfb764f8f3b32f9890c3b7205ebbd402436ad6c5fdc71b3a926c642a1fb1c1bb5c8acb2cf58aaa65772590f3997da9392e6ec60bc318e2c0f0d908717171717100000003e8f70a920072de6fafa8aa31062fe984546f00e21ea7d6f77738c21f4fa69069fef64ae55bedece70ba071c328cf7e78fdb54717e8e012ed42e9bc052ad9928f0f62656e63686d61726b73
0100476d4f21d54ea6af4b9d18165f41811500bb6ae8f2e0d8b7342fd28580d3b6158091210414faa55a02c02f3e11cd2b3a1705e6f19c12ac3bee8d074d0c3939c305cec819950b0b5b98a999c8b8c1e386cb6ec60bc318e2c0f0d908727272727200000003e8b2a7648df06ac8b9315a4eed049d6864dd207441ea953117f686bb46dc895a3bb7b8f01bd719218d67ca8cac3cbe6a62a140b587438e1411ba0d762d9c663e0e62656e63686d61726b73
0100bd7559ecaf79576deaa5af0b84b039e60035fdea9e30d3a32c8c366dd18e1eee4c13266995fd5c1c04ea694206cea3087ced54a59fb1ac3a51239351362941b868e85a60e3d7b2485d828821dc7a69c2796ec60bc318e2c0f0d908737373737300000003e804896247b5e10ee46893034a2bd7ddc48a67120aa5340ac94172d78b1f119057ca80d5c4f6b599e5dbb8160f487ea9d6ff5a963bdbb244aa313f31451946fb0f62656e63686d61726b73
0100b2206c806af46544debf38f6c4a0b84c00d89e3bad79437dbed9f843418304f460ff05c7fe81fe4a9577a804cb9367ff668bb04e1c1b83dddf311f5bcddf7c50ede3c0802f47ec796e2a131cf41298d9f36ec60bc318e2c0f0d908747474747400000003e80e20cb23107fda82ba1b41d75425744ac1f023740dd4716e9b03cac08e700ba2baf4d77cccc5bf11b5b9ce654a7256234ea229ce0daa13f3522e188c1d7abd0062656e63686d61726b73
0100ac67c5b52a61dbdd5984b8dbbc864fff006c22bfcdd02d6c490953b2feeccc5af589190495d1a7cf6ffdb0a27aa5e85a53650f47127b39c39a8cf6510d64c0941f9fae6e8bb15ade8502e6d55d3fbf7a0f6ec60bc318e2c0f0d908757575757500000003e8cf79ef99054ad6b773f8972e3ab3879444cdf40eb76b9e6769c19f93f8a26c0842ffb17615e156e1115179215dc0ba6852433971dee7036249201a3aa800000462656e63686d61726b73
01006b8377ef21b34de3aad1e821696858c0003d6470a68b545e857c3bea1d70cf4e7b8381933341eb355aa0988ec7fcaedd1e7f06222150f8782176dcf9d51b37751051b95f6421836e657a76379d2e616a1b6ec60bc318e2c0f0d908767676767600000003e8188147d058d1a8b64fc4a399ff8cb73e43e7db3dc9bad1d419509dbff647e3e7a60b8639c9eb44fcf90d5a13b655c03798188b9354acdf5cfd15bcd856e3bf0262656e63686d61726b73
0100ac5469a6ae562542a711d76fb86c27c900da2c57f8cbfb3b97ecb02bb2ffba18cd7b0078772c00072df80a06112fdead5857603cfebb97761d4e7f0c2f5641baa6348e2cec5cd926bacc8d685fd841a7836ec60bc318e2c0f0d908777777777700000003e8282d7a6a78f0acd2a6850d3f7ca1b08b1f3c4554c1955c171d6de11eb42b39351a34551485bccc9d677bc2e9b9077092dcffcbf476103cd626790b0e34bafa0c62656e63686d61726b73
01007e222ecf0e785561093dbb7ffcc90f9700152dab99279f45dd66eb2c7f9e5682a2e14a7feb42aff04e5cc4238621c2624bb950f889304aa148c3bb9bfb3ca66e0d261f9b0280a849fbc5bc69b5bf93eb756ec60bc318e2c0f0d908787878787800000003e894b20c2ad3136988f9934e3f6d869ef43fe5d57bb45ea51c1571c6fee91ccc14aa884d2870af7cbe461a7f0a529064d85bb010afd2d45c038117c5e54d0dd60362656e63686d61726b73
0100db0bc4b401b52091d1b4245a964e925000b45d2132dd6f4a2d490e49c5c02f3dee235ffe389af90c65e4c942f5937065522770e7537288b6f9da4045c83b004a66f6077786ba0ccaf3338bedd038be6b936ec60bc318e2c0f0d908797979797900000003e8359dcf28bd7d06d7364cc54c28d799b212e0a650909dc1f401da07f98ec860f9d6cdd91db5395c422aa72062f978c05b0bc7cc3edda0281750b1534690a8d30262656e63686d61726b73
0100acc1968e52e84f134a7cbd8b2151d76500e2d5dfa0ad2cdb3944a10a4605796d66f5698f9345194b6e5409f74035b92544c4dc2e70496ad1a0e5770c6297952f605aad816b6342f2aaf283c2710d05fec26ec60bc318e2c0f0d9087a7a7a7a7a00000003e86a64bba57c74efdc0793c68d71c3da9a88dcf21f0b1ad675b86c43ecdf3ea77f512e177f351b7cacd05b7fbf3ab8d055f833aa45bdd3a365cbf337780117be0d62656e63686d61726b73
0100c72d1ca50194e787227a3cbe76d34fb700b35b171377289075f029289a7d6f11df0a8f5b2442c665d7005b38182d47e548677edd9c7a6fbaa5d609dc7005ce8011d54e0314acf89ca172057bc140ede62a6ec60bc318e2c0f0d9087b7b7b7b7b00000003e836cffc6cb73bdfaa4d934bdc33cf2a0019a9c2cc19bbbb15aed844ddb55c8393e58f555d6de9a78d4660a4f431a9d7839590fff226ff9d8ad98533a601748c0162656e63686d61726b73
0100b37ba092c419792dcd2a22b186caccda006ab71182224ee3a8eef1a590dc471ade6dab86fdeef038907cba1a727d42704f88e47695444940bc3c6a2ac6ff52ea08fabebcd87c59d58ad4b930d607a760d16ec60bc318e2c0f0d9087c7c7c7c7c00000003e80c36706000c874b9efd216d18f9c42be70a6349cc0da4cc937f09cf357082f721ccd80332e57e410bcfcb31df73c82c374f1410b2f7d4c5465a4a8fa41a7190c62656e63686d61726b73
01000f3d44ebb952001705de3dd013270ba10049ba42ba4d9d050c9b7f55cb2cb8cf3b04f5fae0abf71ad90394dbd032d1de418a390084f238767650ee1135e19759f6c9598a5e28a12f1fbd152d04a5ff29336ec60bc318e2c0f0d9087d7d7d7d7d00000003e85160348e6aca04f53dc48f4cfecb2c28f0264d27a6e7d246eb1fe1a7e00441f12e0d95ea95899a08b9ec7114b18f6c2f3f17ee1e9f67441e90f98cecd7b51b0a62656e63686d61726b73
01005e0f9ecc7395be6d98feb20696674e4600143fdc5a07b572d2639d9d1406e1d2c5c6c4a0193b13023ec589478d00b1663bce92398c8247149756f2c7f7483a8be4820f44c49ed0c3644eb71a6490fb04a86ec60bc318e2c0f0d9087e7e7e7e7e00000003e83a1f32eebfe23b4415a5809cdf9af1a9a0e0efe8780ece7cfed93f2ceffe6da085787bf50a66d524c5c39b9beccfc5c2a1eadce5004f9c217f50e269e3f0850062656e63686d61726b73
01007198ed0442b9e1749d23e2eaeec7e2b8005714769d116bf76436ae74bc793d2c30ad1903c59ac5273805c7e2698b410c361a366fd50be5607fde86c593ee01ad870b2167d07d8917d7f497e6ea3f05febf6ec60bc318e2c0f0d9087f7f7f7f7f00000003e889d93573063ac59871edca37c566e7ab3e5f40591db78a67f2c0833b50e7df41b285bb30c1881113fc1e22f2f9a3196897effde1fdbfbc15bf301ccd20ec780f62656e63686d61726b73
01005e713bfa16e02c90d9fe75a5964038930010c24f96ce36a3b54441013b54fc020736290e2d07853ba35228a35bc418ad2fbeea3d3f9cad5c558262d8cf51eea0b6138229ca2f23055384b0fc1676530c116ec60bc318e2c0f0d908808080808000000003e87c603bb4cb094b7f7d0baad58660a8026343a21f717d6b4dfa504cda5ddf30e9482532f6195423634eb06f10f22da7502eab8265a9949a60011c068c0d1d510962656e63686d61726b73
0100e42803c670befa24fe603f3e023487e600e293411aefc44dd15f5ff5f6f73e415e73629223b8003a2f6fe626a175aa692b4e4226ae80c0d8dc5e1db51b3dc1faf331b889503428ac2ceb2bb927b4679f156ec60bc318e2c0f0d908818181818100000003e8ab340cf68303351d4ad6f402e4e313baca04aeabc1fcd6f77f7ed804420440f4abc1d4a6927d69911afb9cd3beb233170f46d267e3a300b3306b640ab8feba0462656e63686d61726b73
01004901e6e5e99e0d596e8f0633f330a85100ccf0b1d1023d6b09b6672499b239307ab809c89a2b5276f062068953ddba3379f7f2225bb2ef2d93ed493ffa15f729fc048092c6f2e128ec14eabbd4661a8b296ec60bc318e2c0f0d908828282828200000003e864b03f412e95bc2ca1e731c099dc2478a28aac11e020ac1183c1d53b029fbf9a1b6f4e91f7c77a5961882bef04c8824c765ccfab547190121a210196c8e2140c62656e63686d61726b73
010061f91a1ed9d36edfc2774eba5c8d86e500489cebba7a166c619835fe12eedc581dbfc1b36de10c830e4f0bc1c48734864b79b5562e8fe654f94078b112e8a98ba7901f853ae695bed7e0e3910bad0496646ec60bc318e2c0f0d908838383838300000003e857681354207c54234fc70997391c882c47b7c3561bbdf311469cd86501f615928114851827886bef12332711c900dcf5e6331dc7131d4020a822daccd704690162656e63686d61726b73
0100fae321c442e3c9bdcd7a3e79d850e03c008f40c5adb68f25624ae5b214ea767a6ec94d829d3d7b5e1ad1ba6f3e2138285f29acbae141bccaf0b22e1a94d34d0bc7361e526d0bfe12c89794bc9322966dd76ec60bc318e2c0f0d908848484848400000003e8486c912e449ef064b042bab6159e0941e6ada873e2065f808a6f529b32e94de0195cf8fa84c94c45a0affe1b768efdf2cc2caebc23c3ea5ba074fb361c03490762656e63686d61726b73
010075c356e9b9f3df1e7aa45dfa9c20a4bb00d9d98527749513a99bad389e19e71f3819ecd2cba1782743f4a71d602f1f05353f78684dcadb879ecb0913bbda070de5f7c08109f71462df7c1b24c4af21f19e6ec60bc318e2c0f0d908858585858500000003e86a1097652e824e3afed72d2a34021848cf7995e89c833442d971c46dd66d2e7bf1c6671a0bc813dec62272eddd3d985f6a53d99d956865e7bf1757d7c35ec30762656e63686d61726b73
0100d82c5bf8d0145124c9536b98e59938c6000ebbe16b1b05486d2eba1f2cb505782410674ab4720e3243b14e08c867ee8c25d30c76d63d038afa444ffb16b41a0889022993726ab6c2252c3b253bf9f75baf6ec60bc318e2c0f0d908868686868600000003e803081ca05a03fe2c2464c66a8adf4c631f0bfdad378a9920097cbca24a083afe9e112a9d90b6745055aba0fbad90c25191a05cf3a6d160ba2d5ec9366dbfc20e62656e63686d61726b73
01009652040579f068217ea058bd264256e900dc96798bf083c082d18dc3e106d77a887946518eccac0650a72f86239389a746dcbbfa5896673f421cf78fdbe04f6e04912033a1b7a7aa60104d7188c0a36d926ec60bc318e2c0f0d908878787878700000003e80712c9e65088abfd67b6f38f2c42d93d60083b11a203930e2de3c7b0eb903d260a03bf9443256649223b6e892da5ac962fee98aad5e8bace62921a7b4df4800e62656e63686d61726b73
0100b36cc0875b239b88705b0b5330377aaa00f7ebff9e828ddbf306f08f6c44268bc988826cd0dc5889d962428fb43496a356e062340ef67f48fb461e45fb2129ddee089c548fe3192e553e4cbe2ec7d79b836ec60bc318e2c0f0d908888888888800000003e847dce418b80996484f10a89e5928449c69d6e9d25f782013b71dbfbcada991250983b8819e030355177a96a90c4f048794903c3e8c71b031d0415750e84bf30f62656e63686d61726b73
010080574cd0991e3b7a84d8801ad71472da002d66f936e6b6593e507b50d753113f379c5735137a5a49df0f6469e03d91e179fc74ea72396c16db492a8013d8a4913503dafd7412b170700bd4331a60b760c46ec60bc318e2c0f0d908898989898900000003e86c60595c47e6c9ed3f7bd032465e6ac83700acd829c3dfbea474de6bb3984573d3a0adcd4af158f7d78b57bbb82b20321354970860ec131be9b69600741f6d0e62656e63686d61726b73
01004694d1bf70a481024d389168f32bebbc00e9ce5169ac9afe667636b14c8098fccecf772ea571db17fbf7091a7890a1c73daee40fe8afc06beb6a1d7283fca4a65cd538a02b16c0419c620f47c4e8529cae6ec60bc318e2c0f0d9088a8a8a8a8a00000003e8e298330151b1b542aea6742ff96162375bc6442c32aae2b71b2b17335c10923c4dacf3a3b903d11787304b63ae4f6a114559bed0de2ae1979109b1035cbcec0962656e63686d61726b73
01000eb3c758f8507281658a07aa852b86aa005731e7f95862d1ccbbfa2eff1c3bba9cdeb2305e3082e6e7f719d08ca3aecd4279c3d2b5162c93bcfae0f0d082bad8af752087c776d11bc7d9a78dfae02d795a6ec60bc318e2c0f0d9088b8b8b8b8b00000003e8b8f4f40a32bd0899f066a95046344e25920d0f896f5e4facb79415a16d60c8004d95fe660411821674ec02e1678bf9aa070af0d52b386bd0d93ce0cadccaa10b62656e63686d61726b73
0100400d726118648448c404c34c4dc8e51600794bdc5d814557cc62725ec5da81d1494e96683179a640cd8eafca7e1f9774675b293b56795aabbe2db02716ce9afaf329142bef2f5749c9dc9e1be3671abc746ec60bc318e2c0f0d9088c8c8c8c8c00000003e8b596e1669a7e7509e7b3b2669b22fc21e9485f7eb2330c8226069aa6a213c2a08416a3427eaa856ddec3e02e971c494c76b274ff9ed0b7cfd759e44679dd8c0d62656e63686d61726b73
0100d8d85fb1775dff586444445292dc75fe00c7dbc15210dc9f1a5f7a3d9d8e4a3b3de387bd8e83eef1523341f15ec5852269f30e02b5e8fee811ecaf4e82781922bc9dbadd65e925309b3bc3ba6bcec4a4a56ec60bc318e2c0f0d9088d8d8d8d8d00000003e86a13ab0c0a5d8ca981f4958ee53f11ab18efb6fda740fcb6fdd53a53f06d1fc049388b02223f3c1d06c6909ae575eff170b93a4e2cf2c109586ade9a450cf70862656e63686d61726b73
0100001b2ccb3c8aaee557da5fd7016f24950013b51bb5f21a4c59a71a62f5f82756fc5048be95f75b46fc3f52443a91a24168d4af1c09f2615cc0428d2fc30fd246661a67e37c968ed1f83afb7fb9af08e0fb6ec60bc318e2c0f0d9088e8e8e8e8e00000003e843d2ed456b362281027a8204af16f0aa75300fdd010b48fad5233e78ee2eccf907cb536c957548db09fb93a5abd018b1943e50685555e920c04294c46287860762656e63686d61726b73
01008141f13843ddb7ac7ad493bd389c33aa005c914f0f2835f62117ad4a3fe4e44319a61205f5b0461b41da5595f7bb48ef2867dd304ec7431917b953824feb33875749ad7495c5037426ea3f6ed3e019f68f6ec60bc318e2c0f0d9088f8f8f8f8f00000003e8a852acfbbfbd7082b4ee0aa476c83ba3fa55ab8dade32c0827ff267b364d4a57b5c0555f426361463c99e5195c4ac5fc8d1f3a6a76929ab8b39629d80b57240a62656e63686d61726b73
0100922d7b1ebd36d034e673893580ee061900521a0e65efec77cdfdb4c16cf8886d0241232cddbcfbecce6c1ac57efe83ac624bbbdff0292021c255ec2182636ae7d8c8106ec12e353a4584e24c5680afa7216ec60bc318e2c0f0d908909090909000000003e8ccbee4460589926dda643742579498304f70244aa439870fc095ac296526ed680bbf36cb4237759afc92f1f98225b71ee5ec042ae3bacdf2f29369fb4fa0430862656e63686d61726b73
0100aa66a0ec69c5d8cc40ce451ec0b49f6a009ccc2096135a07c11a2144add1cb4231e54f934f9378247bc7d0e7b76e5a7674764532455ea49bb6425496187e5437d35a98adbcf8da8761adb5115ea7664ecf6ec60bc318e2c0f0d908919191919100000003e873af7c4e4bd88f4e0681893be4c960bfc9e3cd69a0ffb4333a6da4f918738f78b8b3d51465351d84a7e4857b3cc0b8de9c2f577a8e5f9e0b2d86e685b86b360262656e63686d61726b73
0100c7667532cb19289d09ba0af8c2a044b9000750dfba4c5b7d1c711c0e3be6206aad38560eba30998f95092d330006abbb62e22c057fbbcc33e1bedf7729251472cfc4a1d4559336eaaa8079febc96a4e4086ec60bc318e2c0f0d908929292929200000003e8c1585656f1248578a3a2a3de43b93856452aab0e1b0b96cdbb290ac275f5ab6d9ab029ab5a73df4040d06152c67aee441f5086f6b257c434d3fae55db1106e0262656e63686d61726b73
0100c30feb4ccd6aec699c593a24124bd8f50021c3332b61be6a7b6ab8461e155651b17501b6e07532ecf9ab6661bd5a2ca575615bf45aaa657a4e64d752c6ef53628cdebdddb491dcaefb0fc8caa5a4b63f236ec60bc318e2c0f0d908939393939300000003e8392277888cc98df6938130f0d577351e1cd2722c32cbc5eba84058638404aa7c37eae557bc5314c9cd5f4472a5865c24d9722b516acea8721884199f91a9f40f62656e63686d61726b73
0100a94222984408da064a830b5f7dadc50d003e73ce162827a32ff92378fcf4f36464d8cf0a8113638690a775f2b699abd66e7776e870b93354f2a0b24c23f2a36cc4e80e223218c1b97926fdd018396a2b9b6ec60bc318e2c0f0d908949494949400000003e8e8654aa24cbb0445a26eda3b7064f0ee509295f164ff5e81f99b01ff63ed75b2c9ceb21ba2a326a4a5ef4ec9e015084029d61597f3c18dd22a6fb58898b3e70862656e63686d61726b73
010057d7fc8a4aec27c545aba1b7ade9fa14009cd88f8fa6b07818d4cd990dd4866adcf0cb93985cc002a8ed95f6ced4a0bb510ad85a938477ce039213a13ae8f98c92925249ef990d7567aca19377d892e5626ec60bc318e2c0f0d908959595959500000003e8344957919e0714f38ada8a5f59353c00614bf51f3a1c81c4bcc8132eb4a44420c230ae56117dbc82dc08ed378217d648f44c95a9f9a68d89a078255cdcc04e0062656e63686d61726b73
010054d56af68819457f427fc0074c3a838a0086d42dcfed557c8d240e56e79b39cc561a76451b28ce018073cbfaa2d3f3014d81ee61edd00e8680b569c88e371547b5ab6becfd5af50c438fe493d638dee7ae6ec60bc318e2c0f0d908969696969600000003e8a3705dc6a67ffa01e71fd79f84fbb390c398e4d0d5c25b8cd2703f73c1bc93c213a2b42838ea02f88677a1e19fae1feea684c9e1ad652ee0125f285dd939b90e62656e63686d61726b73
010048bb299dbd3998f4173e31c5b9e1bbe20088f75064d074f3fc02c81c12c3bad30044f92a275cbe110b7817645795d38c5eeea4331c264dc85566d3b9490cf49f1383bdea08c31afcd3c00ca1babd74ecdc6ec60bc318e2c0f0d908979797979700000003e86aaa99d5dddf771c0bbd81283fdbd06f4c828fad49ee4621bab9f652b2ca5f8bbfb9146d139c2871281c733e03bc338283dd306b39c320bfcdfb0b58a4f1310f62656e63686d61726b73
01008d27435cae1f07b5dbaca6d3609cfb06001144b9a8a482186b3b78261e0cb4f4e4c2aefd0c6556bdcdb5aa9846e638a255de1ca5be7396732d6f0fc8cc104285ebe5fa9103c9225b75f169701d8d2b95d36ec60bc318e2c0f0d908989898989800000003e87b787135315b38621d191992fc87117bd01665dfd12bac6c97b20d2de2c6df68b8f042e668f52b0c68cadaaadc13c9d07715fb9824e0c3c48a2a6e7d0f8a340862656e63686d61726b73
01001168541bb31f87ec729b6c206ff981650042d46733910503ae2a0f0d96100b32778f6229370ce8e953d0d7cf82f91b6c3eb1fa3e99d85979240245cf50d8908f3fa902df2acb2c2d84cf0654af1b83db266ec60bc318e2c0f0d908999999999900000003e88f8a2c1b1042589cfb9a0dbf19dc26edef0164f8e4284ae0bcbc9625d359b0fac254ed78746b21291f22307e976aee38f9549fdf64dec431cc7c00977d8ee10b62656e63686d61726b73
010055a4140cfffb955f6715b783026ea68c0096bef4743ba8e3ed19d265e73e0d2c71136ab5b4b994afa882d1f82fd38a4b011f4327da1907ee303c5e49d199404449885eec3fb3a39f80cbfb32eb59dbc04e6ec60bc318e2c0f0d9089a9a9a9a9a00000003e8616f6d092f793179b297e96b0026eefca4c0bc9399cbaaa8ca16de03a44a661b87626d6075c63c017db2c465f42886af5a0c2f16bd29f5679da5612476cb820262656e63686d61726b73
0100164df8556218e05646c8f2532a41f15b004c29f4996985e80d247e80b70303824592ff9fbad74904ea7c3d2bda24e51c12c757cf7ec92390c600386b2cbd92b04eeb2c86eadb69784715f11c96b80814676ec60bc318e2c0f0d9089b9b9b9b9b00000003e8e58d5109f442cc8ba4b597011545ad01982941dc9356b64e4ad9685de2ed99b117d033b23596fa27902c1b35d1297f2ae98f8b81497c78d73e5bfe2b610ffc0662656e63686d61726b73
010086d3cd8254b4bc961dc3e5480c11d8bb0089e30716f8d4ae42767d134d19b02f9e7738a3b57ab087872cd06d651607db574bddee550ef734cae04eee42ae63a379d3112b6ba73af535688d72c99a8284606ec60bc318e2c0f0d9089c9c9c9c9c00000003e8f6b524cf347ed2dbf13a3d45e72175966d27d7bc6d472ab42247f1950299fdea714913c95f59918e19cfa3d3c85b2de94f914185f0bea21d775d6ca6ed46820462656e63686d61726b73
010078f80c0d6dd2f5650e92a3596fb0ae140007b8c542487686a78301855fcb6d3f6a8a911cd7f1983a9b44dc9dcd22839d230f58c0669090176a7bd563a0c98b081587139d8c7e09aaad3455cc97060cf9a36ec60bc318e2c0f0d9089d9d9d9d9d00000003e8cfb9b08f9c01b0547223a697dadef6b3b142714584310fa74798701bcb3f81f9267edfa00c7069cb6ce93a2669597bd2dccbd86f9d98ec7d4b13dd397538600d62656e63686d61726b73
01002127e03c6275b1d2129f9d59049fca6300bcf93c7071fa80756ac414ebefbc00c2538afc90a74095706c7346717eedb55f4c7a18618481ccd534c8c8243365f9345891c47d9e3a8e01ced4293eec2fa5596ec60bc318e2c0f0d9089e9e9e9e9e00000003e846cc9bb8e4a068505064bb1e7fb3008e4087dfb14a3a961aabc4144c5e2ea47608a801a27fc0ef3fe4146b4b95aa2877f174b43ca663700fc90f2be2db10ee0162656e63686d61726b73
01005237121b0c9474e2f714cf32a88b4d020067eb7b6010c1c8888943b61c00bb7bbb6858a9f3e7ded3437934913425aba926da29e95b02e00ffa15645775fb1d2ba222a1943395eea06b94e2c057b7be69d06ec60bc318e2c0f0d9089f9f9f9f9f00000003e801ce1e747b26b8d806c39f9512e42c039d803b87b4b6a8e37b148dff681b73c3ec8b58cb6b2a1ec3f85799b2c06269a442bf0f24f3a7e8004b5b8487981cd30962656e63686d61726b73
0100c1585fee5a2b923ec35c3d009ddbe4ce007d9c24316539825c1896e57f28197746793ce60cbee3ad47da9d07b85fa55e2a8befe61c3095da4d71f14befe220ff9a76e0c5b5d046204ee3d70761aae839fc6ec60bc318e2c0f0d908a0a0a0a0a000000003e8e54ca33da56373c43e9077e823bdd0ed2b7bdae22907dedce1a799941d2d221f6fe290a617d7bc4ea65f9d5ab21413250022df3a562c03620921a822c9f6ad0c62656e63686d61726b73
010052a9ce159048f44bd1e0fbcafe27c4b1009e1f5271ef5159acc415019e32ec04f327d9d859795a82bcc40f0dffd9566e6ba34f078c0fd6f77f5c6dcba531124cb27ef0a932403fabc989bcdaf43cfdb50e6ec60bc318e2c0f0d908a1a1a1a1a100000003e89f4912e23cdb8351d7392ae45c4000a113f390eb5798ec9cf90e09afd4d8626084fb1ffb939dfda0d5e0dd4e3f1c25c88aa16a050d3367547ab8974a9502a20862656e63686d61726b73
010048530729cfb994aacc89406d312c0f2300144be1c3be732a013afe709054ac1d54fb8515bb715fedba95d3987586ab63302d596a01cdff7e6d7a6a828c0833ac91e9a2a6339542585dc307f2a65a7105d66ec60bc318e2c0f0d908a2a2a2a2a200000003e8a38c8ef1a684ce80947e199d4658f28ca4b04aba1202ce03e2f9076ea835634488b7fecc5a2f979b583b5c0a6d234ff604014e6b53311b3a7106f5c4070b4f0f62656e63686d61726b73
01007c3e6b1f4b0f50828b0aef6b6324e29b003a553d74792d727efa9b9a4cde3da1ad93f1a2d0c09cb639b1a3c0fda14cbe246c8d14b047593d7117dc445957d8bdd6772c303d064297fdc8e329927d370bda6ec60bc318e2c0f0d908a3a3a3a3a300000003e855e5bc626052763a727739c320a98a0b945cea236cb8087f6acdad7cd18759847811f87b2cf94113fac754dbdf494294a5662861b3901c12409d328fc6f2c10162656e63686d61726b73
01000c8af2c7a17c1483247439e09f1b5c0400736845d54e87de09d6bb114aa7042c50a4a015bd9901d1a0026f5956533a151903a107bff3ce10be1d70dd18e74bc09967e4d6309ba50d5f1ddc8664125531b86ec60bc318e2c0f0d908a4a4a4a4a400000003e8cd13889e410144400af67bab820d1ae5bac3681367412a8afbb5fede0f8eafd023ccb8e54bcaaff8eaba5a35692cbf4a349877ceb8aee867329ed42aa6d34d0d62656e63686d61726b73
010098d11e24bf69a3e37e3a845776b1213400b3c35ad5f3aa995a49a817778bad6d7285e3392eda8abd27eb9ec21a2cf2eb29af3d20264f9c26ef085b5ce537f417d424037a0963a6386ff6d050e5bf7737146ec60bc318e2c0f0d908a5a5a5a5a500000003e87a08b3cdee39dcf888ce148263545018127bb4a4a071e6758e5b1b8e88431bbe5acb5ccd67d7a208942cd63d961701e532f9ebc5050a3b54fd754d862515c50e62656e63686d61726b73
0100c0030b3b2b0c1f28826b571f2daef2a00011a0f27df3ea2c02d6c0187baff01c6d0ef535d17834ff07d20113210eb0956cd1347773501b2378b98e8b0cf3792234c2b36544119b6b7c49a840c48572acd06ec60bc318e2c0f0d908a6a6a6a6a600000003e8bf661d29457d89317c7ad5bad6efce22543efe1dfa9a882ef3d79de91d16bca6ec7ce3953b6ebc033a33cd8f4742f512ccf83ea6d4b5bd2128abfd2bf8da340e62656e63686d61726b73
010098739de7fdf4e5e523043b9a1393af3d0047b57d8ec896d23376caaf0450ad25a8ce2900de1a8edc913249498795d4494110276a3ddaf5d16de3c50ca009b95641d934d304d02a9f11fe87e1f2b1916c456ec60bc318e2c0f0d908a7a7a7a7a700000003e8ebe091a7fda04f502a3fb96a9dd2b1e51dbf4836ad41e5680992bf15fd4cfd03084ae0a8f64c73a162ed071314af077432ae08de26936b2bdba8903ba4b39a0662656e63686d61726b73
0100910b5339f43551e1f94ad9c2a091e9960008533c161bfa37d5cb633acfbe8bbe49e34fcfc200c37739990c9bceb83d15196707fed112e78eedbf1caa5be92693ed5e929348ea916b5ecf2196a0c99352016ec60bc318e2c0f0d908a8a8a8a8a800000003e83570b3aa7e0267c3a8dc41445a36b9079a8cb11f3d22ac91e77477accfba7a4436bcdcc7575c5032274018c7b6e510ec905a62a3ff5e517bc698e1b32cd8720862656e63686d61726b73
0100a0fef5a1d37c511dfd5a34ce3363af4f0058beb810319f96fd205f00af8f00f7446bf59ca577086f18cd82852d064e7471b5f1e884a45109bffc6dc8639f472f2a65b3341506f4c980d5b74265b4c8b78b6ec60bc318e2c0f0d908a9a9a9a9a900000003e896f407181ce92535994366da83061c2050508334cf90b1042f2ec3337379fdbb4a52a28ff6f62fd94336c8a8df32e2b899924587bd350bc9309a8691be5a540162656e63686d61726b73
010012a4697e0b90603f397e853973e08e700012090b157b9a77a72faebfd1c3ef751820edf02b3e1241668a6f286e7282822891e853119ab343b6c85db637844869940eaf5a432b02435f63fb7c42632245fc6ec60bc318e2c0f0d908aaaaaaaaaa00000003e8be3aa24d813f95614cc5038b06505cea2d171bb78f59a582ee02d3033c32d7376d4459f46d884d9c6a3b8460b0e68801fa5cf4023a339bcfcf1db2e6651ca30d62656e63686d61726b73
0100c4cee019e2dc3cfbae55cd9e84e0d001004c9e4445cd3f6d3baf42216adeb777fa29ca3f9737a81d777d9f97c0d676e015eb3ebd90954612bde04a4efda4131e829213abc88acf5f99127405dbc7dff4cf6ec60bc318e2c0f0d908ababababab00000003e811015dd99f0085143e1aa0f784be13a939b40cd140e0ac6ce3d1ce389cca1035459fdee649d5dd5cd78201f6aa0ae4020d7fd4a0d81c4326384086cba3298f0862656e63686d61726b73
0100cb3a776e82d46c63f14bc5f6ec4940dd006fb812938c5b929807c7f4d14610d9b161f26252c235aa55e921fe8d531db73e59286a99ad699db584f8c558e41bce0d628a753dbcd52f69db932a8fa9aa70896ec60bc318e2c0f0d908acacacacac00000003e8b8435cfc7191647521bc375e8cf65286d712cd28e0758f3477ffc70906c707391e51bc36a487504136452591d99acb1719af55d6eaf9ebf09b3eb2cdee08670962656e63686d61726b73
010055963f416355cab5ae15e80dd151e19e00589b176622a663824167f5e6d290b45b1c82ed59c2b980a54e8d2d791bd0c5677e30e13206fc7fb84c42239ebd25bea799d560de5eba9ffc6123ab9f20d2478d6ec60bc318e2c0f0d908adadadadad00000003e8eb4386b9509c8560572a6298ec8ccb914e9e150fb79fe2b7bdf0a4879ed1ca1d0588c571b0bb9fd3739de8cae887c8a3909261dd733cd48c299f395e638abf0c62656e63686d61726b73
0100ab21049fdb00cdac9fca22d24d5051be004a6de8804420aed78e798b49ce19e79b59a772141ef74ac9c041b959a6f6ff3be617b1509f5683b2720647cf20c298cc9240f41a092a51d22b5ac09f3e7c09706ec60bc318e2c0f0d908aeaeaeaeae00000003e82d27ec016d269cffc90d15b4a2b27f7b33fd23ce56b2c206ca604a5ef23ccac4ebcf3a1f3c2aeae6b91adac444d96638c0202074e310b074b1001ea9813c1a0b62656e63686d61726b73
0100bbfaad6fbaa8077515a3bf486c0e5ff200628ca1a8e2815c4b60d099e75a36488727028b4ce09f53fc058294a7a5ea901dac6bf56b9a04ae233e8da2acdcaceb173ce7e076f5f34740e17b99d1b02cfe096ec60bc318e2c0f0d908afafafafaf00000003e8ee4b286493733515f2c0b6163ed0bc1ab3ec6c12ae5203a73cb12c7f49f48dcd269e7591715a8e47556d292eae6d60f382980ed54cba3062ac8a647b607ec50a62656e63686d61726b73
01002301f70295080427b16456cdb5f607d4009cdb2e21f43970ef174bd2312711beca15018c057f1ce60968ed96d13e67bc41280fb59328cc2f02a37436245743e97c7d113607fe54e127b8dc81f0f7d5c14f6ec60bc318e2c0f0d908b0b0b0b0b000000003e8f8dc2baab95d43932540c52b5976cffffd730e92c4e05e41542c7b3b5fc54d9f500f2616311cd8bead93aee85e8fb91e3ea62d7b1073381c3792e8242cda760062656e63686d61726b73
0100993ff835e44c847f1f86ea554128deb10085b7e19402f1359a3dd3be187fd7a985d677f322e9a503a44cdfca1c9563ba2a3c08b7fcf297aff784e4336c6daf807056dc021d1c9e8feb33dc8d3e7db44f226ec60bc318e2c0f0d908b1b1b1b1b100000003e8b735e6186104bde691d488f9d1349acdb5cb30fc1f747ab8081b5d48f0131e70c79ef4abc6f8cf028e02528d0d9e5f3d1ecf2eb8466dadb40ab1fa4a07a5be0362656e63686d61726b73
0100d534ecc3453c286381a10a2873f92d6d00910f74d6cc6bfe09e62e6f254ab3855c7b3531a1e339e97ce2efb8f848273a7c7fd6918ddbba2038f4fc55afc28bd0c58f7dbd1826ff63f229fc1608dd8cb7976ec60bc318e2c0f0d908b2b2b2b2b200000003e87522b028edb3b269b42cf01ee2a76bc2b728f8d247da948ca5bcb1e1d6b810997c3add7dc085ad80a329067078e6ea51006d9f59369dc92e46f8b7b19cf52f0962656e63686d61726b73
0100d39f257940fb83cbfa9c86b871be8c4400cd700e88f9e99b19c1a8a8dcd58182fd101e5e032a69ce317fde23e8ee265c51b79a5770956e8d5e416f49b671092d075615b1ac6ed0a0507b0c9fb2defb008b6ec60bc318e2c0f0d908b3b3b3b3b300000003e834d23b5a34b74b5917cd0b34d51905e6a0587092535ff8c0a3638f00c4489d1061dd9ac9627032ce2d729dc9c6be465aa2f6a12f75c8cffac56fbfec8aad100662656e63686d61726b73
010010b363ce86954508e919da59557d32e8006b3ee67463583cbe3dc08fe9d0765c2666ff5210dd527c9d8705e44927c80d55c14bda4c093cb1cc095a55ddbced70d474b4b37d1ec742836ae0094df90afcd36ec60bc318e2c0f0d908b4b4b4b4b400000003e82f84713d98a0ad77cc3ecc1c9592fa465208f4a328deefbc3d409adaa0198fb87534e2e90f142a66f61be3f3e9edef236c1c02430f245c73333944db7829c00562656e63686d61726b73
0100517c369f0c622e62ff5e94f6f10137ba00f39367a208accc830fb787eb59c4f6a62f3b667484430fdc1281a6dfce895b4f2e290dbce3087bc863f53b6614743c600f580a35e39b6c71247879a1e33bd1e36ec60bc318e2c0f0d908b5b5b5b5b500000003e859fb2f0a715c0c3cfe23aa0e816e02c3cc07d259b2a295dbc178b2ba3997219f033d2cf6fec95de911779d7e80b26fbf0f084534b790edd8973221c7cd15260962656e63686d61726b73
0100e1fe897bd0a0ee48144c37ee8a7c514b0015586e962482459cbdadd2055079aaa7d4652a4960c858a7e1641733b8c5374e9b6216005b5a4a5d2a6407589b178c6e871219cd6011c677e05765e76d53f4936ec60bc318e2c0f0d908b6b6b6b6b600000003e82bd4a3b3520c1cb6eade58eb1f04b11f484554fc143c2a26c9d5be69c9f865142f623f4c75c21eb0c676bb08aa430b0787f1c820054d2297a1385e19b57e680962656e63686d61726b73
01001aaeca40dc394efdfb9ccc84d6fb27180061cd848e3a9cc62209dae279e2ea063357435f566670dcd5f419b32e080f7d656095e94b3b1d9094dedc681b17261fe81877ea1fc0299d073fb15e11167b2e6c6ec60bc318e2c0f0d908b7b7b7b7b700000003e823dd4c8d4caedd5ac713a8710236410d4ef6188e1255ffc4ca8a2f2709cfdcea40b0c9684a650c92f2652500564d1cd03f076f9bbffaf19cdafd870d0b279f0f62656e63686d61726b73
010099b7ab996ccbf0a35d7c3875e1add1c30077458cb5dccdfd9127cfc5a5ce348368d630a9491b784747b72aaff901e76855977165d335f646367891019d1b68d575dee45d7f6c7cc2aec8c77d19c41bc4b36ec60bc318e2c0f0d908b8b8b8b8b800000003e8e4646860dc68a9cb90108d6f610f05b27b1f6987863339bb9849ae5e4dc514ef484431b16d15f19f06ecb3fecb1e3d756bea3034bc548972b6b14873b6bf5c0662656e63686d61726b73
01003d1f68c4e7d29f69daf1b00dda1afb4800c0e4cbfbd3e214a8cf79f9ddeb0894353083fb0cd8fd628cb2c3cca4b251b0417514accf2f00553e4b4f25abcf03894a0dc02720debe9452b184a5ffb17a146d6ec60bc318e2c0f0d908b9b9b9b9b900000003e86084253305d28901d02df6e01af70344ecc160fec17f0bf1fcef2c8e8ef1cdc4f9522c12984f49928ffcdd223f2a4a89a8dd824cce0abd67ada088586016a30762656e63686d61726b73
0100a9c71bed90c33acd7b5010f68d0cf9f200801953ffd6f6ceef02d3af59f99d074c1b6d834da167cae2d558e593ebaab77d92e01bc7e6c8c53de7ab6a99dabbaf4ade767c4349e9e957d86779704c83dde06ec60bc318e2c0f0d908bababababa00000003e86f523a91dc7e98ab2031d9137d7e73121bd35d9a88bc47f50cac9749eb76703839c80da62b6557df1353e8d1611e9a30653cbbb36873677fdc045afcc6717b0962656e63686d61726b73
0100ad9be26c08f8cae6db2a916fa253edf700671b0a0d8cc3dd0e3a85b630d5d81889cf7197d46023fb246ed349e6ef30b86ca7fcf7dced5531d5ac385cc7bda1a4eb7d00d6248a7f8fbd8dbbddf73a21d2a06ec60bc318e2c0f0d908bbbbbbbbbb00000003e885b560f7fafd98e218f709bb7985f479d9f35bb7dba052162a21f75891c4a45fc5f31a407891afd0e57009c8416d9a2ae1b88f469a399300812b9324e5dc100c62656e63686d61726b73
01006ac07da2f6ec764c319d231934a762ca004d5bab89b0733d9d8dcecf04f321c90b761b7765a6bdb2bddbfad3e7abdf1f66de8f149f39bde3c99971dc6141dda6afc1a185de14af7c52f702ff5aaaf51ae86ec60bc318e2c0f0d908bcbcbcbcbc00000003e88b880b8ccd2d7559e21dec1811cc5f6bb41c5d3b88ae08fdac40515b508da2c0c0046339f13ac8122cbcc810144c78dd42d5bb67495a422c56db7501a58dc50b62656e63686d61726b73
0100e7c0ee4c7367113622fce2f7057de66300b5ea2a7bb8a7e7ea8702cdd156d0a3197ff0666232521fcc1a514daa26a6a46000d05a1d1ea251396d557afbd4588b3c6d99dbeb972fed10a32562ea26dcdcfa6ec60bc318e2c0f0d908bdbdbdbdbd00000003e8fd9529bdb984d089e44e9edfeecc992a7cbbb2359ff94c01433dc5e78320edefacc031c784598e5e8bfe081feee83100d069a9cf93e73138834fc8fc42e08d0a62656e63686d61726b73
0100fee434cf6aae7e68e618ee104ee160350095da42806866b5d7621f9f9537f7353c466525adda41bff48ed52a79af80882d2ef12bfd4b305a75f0e14cc93836b53cfcefbbcfaf1382c347e538dca29626ed6ec60bc318e2c0f0d908bebebebebe00000003e82dad7590f1b094c91c3ca368f6a56ad47c9093cb2be4be288cc9004280325c1280a29e5b88c65c13db4cea6226aa356360bdfcfddab4ebfc51b745557995af0362656e63686d61726b73
010066ced42a9c9b072a3ae5187054d5c6d500df49217c0efdc4239f405f3911f1a71c5e272d56acf8653812e8b3ba1736111d5c3d517718403a72356bd8d89756cf36f2c7c1c086ab247e91c32943c144d94f6ec60bc318e2c0f0d908bfbfbfbfbf00000003e86f043b2d9bd4fe119a788f3185451d5ae1aca49b30e06b82b9355ae371efc0e08fad36548ba9ca93c3a3401838fe7d36c063a946d65075778455fc81a85ea40f62656e63686d61726b73
0100954f562b6bdb3c88af90bf1cee52f58400030515f32e593cfe5d7c939f9b0d35d8ae58f20d9abe890affb80da0395f611d0bbc346a57667c380120bd9c7fd7e51d2c5fdfea37cd2f5bf405b2c6bf6f2d786ec60bc318e2c0f0d908c0c0c0c0c000000003e8416125e17e588c7e37c9320d0e1d1bc35c0ee39e7b987ca95a380f0b7077eecd0a6d2f01e9d193d17b12ba0932c948bcd745221dae754bd25e7762e4972f3e0162656e63686d61726b73
0100360883b580d502eb91706a0e5bf8555c0095d2b57c9f49b01106f95b1dd593d4ac11c9a7623bedd06f32d5e00bda17e90e6a99049574efbf5e224a5651cdd36764c839b6e7c10d659249604ed1aeaff0006ec60bc318e2c0f0d908c1c1c1c1c100000003e8a299a6baa63ba4d8a63db106683f5de879cb65b7d5c4f5716e032a5824935c328ac675ba9458c9c794a6aede14c62031ae734f4ad742740203bbde8537a2930f62656e63686d61726b73
01002335215b24bb786967d7ebc6ceb5b9bf00b16e7150a191f75488a3e9a9b4b3f8e334f096b87d7bea974c8f6afd0d26254cc85d1276a2ef19fc875782d684b33e80cc7bacf83f2ccc592a9a49758ee746f66ec60bc318e2c0f0d908c2c2c2c2c200000003e8ce24bf5364b106e4b19d91d7c8937816d179cff4ad89f11261e2b4cd638a145e7ac7df8cc6e4c54f42896048299883fe9612084b641dbedf882aedd45f8ad90762656e63686d61726b73
0100616d15a1d940e77747cf03099794019100ad438bfae31f6c093d61d4339255ea798092c9fadd07b97827f4b0ae9dee7c1c7529c456d938d2b8fe90fa6ccf916d346770a64bcbb7b5323b687acde20cd00c6ec60bc318e2c0f0d908c3c3c3c3c300000003e8feb14771a8dc62947ad2b6a219e8323009d1e59cf78035b81dc81307a7f8f3ffe2ef539b22493f42560333849e6f4a142431547a0b722c834081b467cc65f00b62656e63686d61726b73
0100ffc36a5f5283542d32f12f19181349a400dc2cca31e8e43bbd91dff7e475cca3347eb478107d5bd765aba4ae4a30c35d4413d9908a70925992ed546007d27f50da68ba7217ef62ac3cca784529ff10471c6ec60bc318e2c0f0d908c4c4c4c4c400000003e8c0bb3bf3e1abfdff7e0060ddd62a0e6581ad366710002120ec480dfa505648530201816108b4c4cbae54ac40d5a7c56b0329ceefff8fbcab4a7bc4a309cc5a0b62656e63686d61726b73
0100f6dcf8d82c939497de7c5dae356dd71d006f30f88618aef09e9093750f4e02a1b0dee35d67a80cb2a5cb93b1bfb80471601d82c3c7343151a824cc0c85e178a7fc56c3090faa5c8301d70c3891c15e853e6ec60bc318e2c0f0d908c5c5c5c5c500000003e80f15e5c59ccb077b3393e07f8aa0b1a3838c1bd3cd79260c6407ae2fd358f65d0a5a809d588dd15324540fc947808d3c67b3c7d6bd72001a1cd0073d0a0bfb0362656e63686d61726b73
010006efc2dab76ce72558d58c092495286f0059a11cbae044ae4ef795ea34bd45555abf1c9aec253553d7f6f3dc774e933a2826181796188d57c2b11ce034884bb1b47d15c744d5abf65642c49e425dc8b3446ec60bc318e2c0f0d908c6c6c6c6c600000003e819c31ed853e042fb2e630e6938b7a1ebe4c4cb51723a8814072f3f261db91f6e3dd935503147aa16b584b9908fcdef7c38e1fb69cf73882b6291247fc4ad720862656e63686d61726b73
01005eb7b8fc159229d528cae14a722abff500f78a8a00e93f37413f2119e2ecc75e97b3f04347baa22c76a710d08938637e4ec73983f33f89f2a80273a5eabeb5bc1daa0ec1ae20d49fdd2ff8a35daf6c54436ec60bc318e2c0f0d908c7c7c7c7c700000003e809cf71675d9fc76ba91eb6c7deb506a8bbc0c373850279d25540721e57cfc8d041b65ab77acfb3190e1c1d20fcb7250dc88e027dc8f279542463509c4fbb6f0d62656e63686d61726b73
01000751bc163ea6a0ebd3caee8a28211eec00eb0413e4a167f0683bc86acfc59ecc279931ae779e55cbe5d7af6fc7e1a1c368993707637ac4e11c981c2cc88982ac2820981ffee54c97ca3f796f59b6b10f956ec60bc318e2c0f0d908c8c8c8c8c800000003e8d38743a78f05ba65ff0d5aea621844894317bdf57e664d8ea4dd4c107da28fa243413a2107b2b52e6c9bdd2f11b8b433404c7abc1147cf1fa7044ca314b6f40c62656e63686d61726b73
01005af8b2322c36c170b01812b5b4550452007ec1365966f726fc171f9cabce9c6121e4f47691f1d745afb23c1ba6371d116fb080754a1948d27ec6fce7bb2e6f04d2d400501c51dad45d8172f0b57c101c196ec60bc318e2c0f0d908c9c9c9c9c900000003e823b9e4d99b4d92fb266b9528e4470717ce600d7412f63fd4dd121083772bd7cb458c18d9f40e826a1e3d6cafce6c4c50e4af9d994063448050a553dda268800562656e63686d61726b73
01009ea5d3c495798328873c71d4f2225a42003d2555ade76d63ccc603493e723a85df2995b7bf3d94dcaeb3d9eaa7130665417d70d6f9b17aa1d1bccd9fd54cb789edc06d6a5b62fd5eb7d8cf517efabb7dd56ec60bc318e2c0f0d908cacacacaca00000003e82048c5ca7e632c5b57cdf622a8d65a48ae056142f164c28d5bbdebfaf147062eaa905f2c218748c27486573c0a059dc60b992fd0da70be069d373938a09d3d0762656e63686d61726b73
01003c71f3848be34c7b4fd92a95d47fd01c0036c879f7650d292dd695f6ccbdecf69ebfcda937e0e4efdb6ce867db81695f037cbfdfc23ce0380d6abacaa9151f4da196f810a6cbbaad7d89348b96a893ad306ec60bc318e2c0f0d908cbcbcbcbcb00000003e82774666eb3f4ea9e62d1f23db1f19bcadd11a12f520e990a91ea8e1090b0d24e9b644bc3b8495a069fdf9c34692855c0eaa842b69e633698d952c06ea83fc60862656e63686d61726b73
010013e63dbb52333a46fd3b68161f8a80eb00b4240b21bd88bbc35b58f7e7daf66b00077f08c478552c9eec643cb29084ae0663568e6c2a060e83785cef6af6011da82fb95c20debc3f51cd8ad2aecf2710a76ec60bc318e2c0f0d908cccccccccc00000003e8d7f83fd82f0929e899111e67be7bc2723b3d0528ce7e2c8266034785d424c1877eac8eed193495f4b2bc10e5fd64b986f08362820c52656ef5dd3a4c00f51a0062656e63686d61726b73
0100dcead7e6949629aadaab935fb9ac4409008cb4464f04ca436cb27a06452c2c150b53a6752aa2e48907e4316508e5c6e734ece4ee72c2ec0170f819ceb61995ac8e4244fe17d5f34e7f6da3ff2c6b0f1fe56ec60bc318e2c0f0d908cdcdcdcdcd00000003e827c4806d860a2306bc082d7f9bbe34917215b2a08b6156445183e5a9ea15c40c7a8cbf8c2af4470bf5478a0ba24f89129698d825e43886c7927032055d3bff0262656e63686d61726b73
0100e13f3d1264e59a3867650e106c4209cd003533af4177947dc1fb8e1237b4621bb7522781a8e85609f574a274955f4b734c19b206c9138c4e9934f56bcee344dff41bc6cdb73aabd36426bd97a50e37831e6ec60bc318e2c0f0d908cecececece00000003e8de552c8dd0e38223b1563b66c85cd7485d38735e0f840161bbd3ccc15578c06cc140feb747eb45631a25159429f29ab55b2e1fc6229b38b24dd9df079449ba0f62656e63686d61726b73
010044a43e13eb57f32edd386edf6a90bf5000ad65f789413560b97cc68d0b9cb23e96bb43fd2f71a6c9952d7573064b767423e53b433dee74622552848647f531c52ce1f18583c7c326db08f9c924dd68042b6ec60bc318e2c0f0d908cfcfcfcfcf00000003e81993289a63c37199ae0422f50c8ddd1ccec1b004f54ee19a6ef0de73d9a6411f744b813f4e4a7f525cd75d30096cb88e99f0384aeefb39fdae2324816868fa0462656e63686d61726b73
0100970da2433dec056ebb408b4a786fcfa800dd4ce872dcf9af7b11990880fd6c5986e643131b90d4a69f75ef7c76a1213d3917bf867aa11be754fda7bf666ef716e2f8ffca6ff16e0031ff7326f55298306f6ec60bc318e2c0f0d908d0d0d0d0d000000003e845a7fb8777c2d97c2cb46b9efd899b864118b322a6ff8258355737b64d71400ce356b3ab81e4dfea50233bddd508b03f09ebc381f3f826afa56370c52c93390662656e63686d61726b73
0100bde0a0a0b766c688744e58d9413fda2000755fe1dba8a3cdbe3aaa1f2961c41edcf34341c922431b98f45d2d8c56c90b7e8a5adf0edbc93fd8c689884831001b39cd2a1e365a18e1ec6f2d1b89f6f9cf686ec60bc318e2c0f0d908d1d1d1d1d100000003e8d01f5d1922ec67a0bb7c848961ecf8a84484f77797965c9149258294d32c1b5eefcf790bada855f2cec82315292214e4a58aa4d5f3a987da00bdb5d9d638250c62656e63686d61726b73
0100d09d8cc21318fb2c142dfebcb984ce1c005c117f7fa14c242bc843fd1bac49ad870c37b8e615da1b4fefe64859aff5245d4e06db3f081f890778c173cbaf076f6c2bfea27efbd09d8f93a2084a92c085a26ec60bc318e2c0f0d908d2d2d2d2d200000003e89c536ca11ff64fa5e78801e1a5aff6bcd07d5a86a242177bc30aee8578688306b292c2d9d024bdda6e1d7c288eab8dc87cfff5e61c7c9c53f7ca63600e34c40f62656e63686d61726b73
01002da400be541ab5af594995650c152d2e009cced751b301bbd16c4fb8deddd82f18925d71ed90c844fa0158f845b0fa7f4bd6eed8963f8bc1e22d4b30966298ab87d0402efb8599cd1c20eb87d1d891969a6ec60bc318e2c0f0d908d3d3d3d3d300000003e8933f0433093daded5e63f2fbe447217947c557a9918f9b852c16ab5cda52a21adffcbe3b81ee4c55758d37989dbc9531a1e1708406e06dda84bd0a4dd7e6c10862656e63686d61726b73
01006218b5e2ef43da54793e9835f9706e54003f3e5f6d86926c9c128cf84581574f96840d98ee5ab53b1ec3b76e2bb25b945e6f0f0eeb3fbff925c66d03e19dce48d5edc9ffee51cd26ae71dd39e56f7fdda26ec60bc318e2c0f0d908d4d4d4d4d400000003e8309a0e6d32af7d0097e34a227792071db226a1d8cbeb7b7fe9d8eec76445289ab912610b7c45cf2a3f74ea291f90183610fd28e4402ed390a847b73f2941040362656e63686d61726b73
01001b03c530200635546724e0d472afc6d4005ed0e372d73a25e3f0996d25cf8e6cfeb7f0e6783efd3891d2022529dabbdd776372876391bb151b5198b2e6f79dad5e8caf8aa9745b71f400400c2956dc2d1d6ec60bc318e2c0f0d908d5d5d5d5d500000003e8fb8c7894ac0d7d6c5fa93f7f0969773d71349a8d53e4d8440354c71fe8cc330d186eab04411c481ffe07c3c0fe97c295bc0b602546aa8936d0fd5f623edc080562656e63686d61726b73
010042e3cc963b1cccbdee1b493d9a8019c80070a291075b7e14f09b4da29e303c83999526e39e4b2e6da9382b0e84a01ca75997f5a37b65b0b11e300e36507d7610abf36b9fffc6f217bb39e5194f9ee16e8b6ec60bc318e2c0f0d908d6d6d6d6d600000003e8a8157bdcff32ca0d7fb8da7aee735ce34317d44229fdc49f084f30adac3e9ba62b78a8a00ba1f63412015df8ffa15c9ea6a3c9bc217ed24c72ba2099b4e13f0662656e63686d61726b73
0100d7110b459fe951cc2cc86fdce9e70b2c00aa3052d26185dc0f36b5e877eabe9effdf346af05c5c7609ad442a3003aeb92ffe2a31e95e9bdc19c425b6e115aa89baff604d2e3a1e34917390abe9588f07c16ec60bc318e2c0f0d908d7d7d7d7d700000003e86b0eaa772ec3447da76c311da260bc29d65bd31a39d715dbe9a71e03cbfd1f0faa5d83bbf8295c7968b3353aa48715c1772b6dc8aa1f364d58f8140401c2ef0762656e63686d61726b73
01000f8aa35f611590c44d3afc2d8c5307b600046e514de51125e8bc4331195540e650b4ba568885d94b1cecbb453d302e476bf28bf89cddc6b57fe6a39a8ebee874067fc1dc68ae84a1914125ed5beb8ea8066ec60bc318e2c0f0d908d8d8d8d8d800000003e826add0f26b2a33aa00d6c353bc19f0c9780c7bc4c4b0f9a7b8db5dff67fcbf124246cee60edf366525e8399a43699baadd7a18c4cc5a6f72250ab20fd9f3b40a62656e63686d61726b73
0100a1fcfcd9da79118ee64c9bcff53a1ae70003ed06afb770177ad0645d82f61cb75fdf898564c655bca5abd4565f84d46a45debaf7c478bfb3b3f0f8ebc58bf11dc3b373c62aa9250db53d663fca965c36ec6ec60bc318e2c0f0d908d9d9d9d9d900000003e8ec38bcc939066699c357a95287181fbc744ac2da5ed332dce060b1e2cafed0e34aead83bbe169361b17966f1e4deb40b5acfc4a23b6a0f7068e8b85444feb70462656e63686d61726b73
010049c01f616b76fa2ac3dcf9a10e935b7d0089fd38a3549527ae6c19e9ceec2647dc107d5aefabe888b826aa1bb67d58242b2ead2a30463c19c7b0a20002240eadf5fa843cf769227bba22855bb8598c6b526ec60bc318e2c0f0d908dadadadada00000003e88255f4e3064e7dd4ef41633992b99d210fb40a17aa9db56baac65da807b7612ba6e67e2b93c3ba8ff5278ffc619e7549665215d1d146daad10f94af0bdf58e0462656e63686d61726b73
0100826508addc76dd2eb3a7b90e9f2f079a008de10622a62031334109e7fdf45f482d81bae4dfa142f687fb5fe7377b7887543c927a3b9644818bc9f1ca4f172844f2a6c05fff372e35d3355c3d7af9e4bfa56ec60bc318e2c0f0d908dbdbdbdbdb00000003e8b4dc451fb41aa4f5b4df00b106eb3b976e26e4d64f85fadbb7148c8b9a435915b6a4314fa63c382d9757122a645b13331b65ed9394cebbbb1dccff30db69160b62656e63686d61726b73
0100cbba1f3d05bbe527a3e588e4d228171f00a13278bbff246f6e02ffa447f68c2ffabc821880fa64b588cad8b183425f0f5d32b53e882e3daac180d7a5f6224d61b6401b43f901db09f0e4d84ce4e4a2718b6ec60bc318e2c0f0d908dcdcdcdcdc00000003e807e4ec5bdcaca4d7f4bc0ef00bc1cd4b4fa8aefe266bd705a27b5f25decda716994a243f545dc203aae4da33f0662213965a4452145a12d23bb6ca5511ec220962656e63686d61726b73
0100bad3a7b15f19dcf112cf3b3ac7a1c90e008397522ae4dd2217ff49c696ea64d66029ebd15bbf0e4a9aa196012c0079eb564e65afabcf659e9cbca9407995cfd61a406d8f366ab8eb5de19e8e9eb1b3393a6ec60bc318e2c0f0d908dddddddddd00000003e864c3289b3300ff46f128e402c6ceb316462aecffed1a9ea090a2357b640756b2a8e08140ea1e3997f1231abc394dff96bcf68eb301213c2dd3727e313b93290462656e63686d61726b73
0100cfaa550a64e1f59d52f711c42ada7e180027164f807c95b5d5d10dab90563b1416d71ea8340f1d6b3826fcd8c223c5e72caaa3fed4b0f14ba274faa5837c78aec0ee9f9ab5ca66b97b4201b875f6a896ca6ec60bc318e2c0f0d908dedededede00000003e87de0c5824e40e5c40eed87ffd10f826bda87833e04f19bf5a8656dc1e76f0347399cd5a2ddd2737b36d77d4a0ac18acf7165064ed55fed2ac82125674d7f8c0c62656e63686d61726b73
01007c88702fffcc5da781b4a60cb61b0256006090b87362191925efc9dcfcc03bd9e17066e9f7a1b41d0f64413ba60755871cf12ccf276e4fdacc02ce4f011a77262d057359e7ed0a4f4c9aa41d008c0c932f6ec60bc318e2c0f0d908dfdfdfdfdf00000003e8ce7eb925e5527edac81b41fc9cce17b64ce75702bacbaf1c0283d4d736e0b45cde976335d06f7e654719bc99c9b447e3d85d75606ca522b0abd4b356e6ee5a0462656e63686d61726b73
0100f3f28bb5362f7c09c58a667ae8bf57f300f7161ac20bf80c387f05ca17363bfb96146d62e53b7786773b6b32b93ccf5e09bde675014625ab5ef98e6c244e1ac17f9219277c277b17ed1cd85a5ec23e944e6ec60bc318e2c0f0d908e0e0e0e0e000000003e8017196fdd73691a29196a4c553520519c27cf0bd5ebdfb814a2ed3cd54984957b481b050e991788c50a8637a5f1330aa44232e94924ac391ad8262cd8587840a62656e63686d61726b73
0100c0bcfd59f0cd9aa525c8ba9e192414ea00d87a9cb8b89ec911ce8e7cc97cf61b6fc37936d237ee67f29956d8931130180651d9edcc44cc7d25375b9ca6ca7835547eab296f9d185b704f764b284eaf0e256ec60bc318e2c0f0d908e1e1e1e1e100000003e82e001f19e790aa4bc87e19356f5d9366906474792c2c83a6ff9d3c0e48dee3e5773631832784b20c5d37b636e736a9e245e0ae577161183584a06659bf0c660262656e63686d61726b73
0100fba64e061decbdfcea80fe07da69342b0093d19c4cd991569bb8526d1fc6761618f9865d61f4c27bc302dd6ef509a339321bf80dd5db7dc775263ce5756805a2acaf42f9b5843cd93c0e33accf9e19e8126ec60bc318e2c0f0d908e2e2e2e2e200000003e87e91c09262a038839a32c85c0afd7732571795d09fe6e29de3e7481df44dbafb5880e60dd56418990fc204f192c74b6c350cfa155c7ce743a74df3a75201ce0a62656e63686d61726b73
0100d7ee55bac4365c5b2033c4e2d65af7ac00883186b800b41d5cf0429695da9b3cc4f328ebcd184a6e482fa578c103f06c770b47823e71095dd59be78ac271c576ef389f87b64561ab07cf9a4ebcd02d20416ec60bc318e2c0f0d908e3e3e3e3e300000003e8bffe0a473148b2e39190c10f49a6ab4394f000d724e0aa410eae603c082c4c58fb9cdb6ff7af1ffa52ada338a809e4142ea35357b7b88baf00b77160558d270262656e63686d61726b73
0100337c49d6ecf4f2f751d93c0e78705a6c00605a725d2a4adfeeb1a29e17edd621c1b7593ee8cdbc44ac6c4ab6e2f805d23cdde3bccec7f3a66a1115f45d720f4dc135c3ae7c4e22dca38fdb1efd6a495ff86ec60bc318e2c0f0d908e4e4e4e4e400000003e81d6ce8680912c13101d3a7e69b5e3b1d4de6e3b2b32e7207d5c92ec8dafbe26ca7dbecba39db2255dc05d6e93c320884248dc9e4874cfe90241c558418c1d30862656e63686d61726b73
0100824336c60a0cb022941e37e87a8f179f00571b6d99383fab3d7086c38ca7cf4f743c8ff74f78f67b16e1f0db8214413378dc425b9bb53cf284b9c37c7c9c43cd57b036f3606fcb24320b285e1c695b7c486ec60bc318e2c0f0d908e5e5e5e5e500000003e84b037fbda8543d23a240840ec623b67786747296ee985e9d0a5725d0117461fb5a609de9a87de637644cdd1ae57b3f34334d50f5aee50d52adb79eef513d5f0262656e63686d61726b73
0100303e9b348d1b1090cd3c4ea8c91c6d1a00bc29325f5c480952ec93846fb1b584ff6310cab92093ff1c1a71873e964cae5abd866b0d10ee2833c8ef9a1c1fa5219adc56e17bae1d87bdbd5f70d5609c5d586ec60bc318e2c0f0d908e6e6e6e6e600000003e8e8cc0a75a63fd309c9b9ee6f5a825631f2a8f2a3765ae2db78c56804983ebd924f8709824978fde51972a882f134d3d834f430dd1f751e07490a73b5ba684b0d62656e63686d61726b73
010058f7ab15cbedc09ba454d6c1b8dbf549000969baaa59bedd53aa201d9e96e774032d145652a587834541e913d0ed3b3e0a2518db17b641fa305a0ad71d824e0de7c413ade37fd2c837fa73eed9cb2ff2bf6ec60bc318e2c0f0d908e7e7e7e7e700000003e80848a4433e2ab9fc34c75aa8d910e386e42dc88ad841c6dfe79892f2596dd515decf6afaf556dca7fd1c66d0e242fb1a36399d920cad01e63facb24d0c10250a62656e63686d61726b73
0100f5ab5166433b94825cc5c462eb399f1a0090dbd262611b71c7df5250325d03806dfe088fd74f276ab097d6060c1db8b5261ddbf1f4c8babfde21bb2191780672e7d36ca5ea7d2ffc3c9d3692ad46f0baf16ec60bc318e2c0f0d908e8e8e8e8e800000003e8725f59cb3e2403933c8617fe0ce843429b478a864b1b0e4935c0ef32e8c609423ed9c0eecc120a0915ed9d08332428ba057bb9193529bc0845c93f5945c5ae0262656e63686d61726b73
0100b0e0dd5bfbaaf1c4956be5a7db75346d007ffc01e576bd86235e9e8784ddde8913d16d460e17bbb03eef16964e99cfeb5e81e6ab855d3a280b796a4cd0c86bb9ef48228dc766893c72af515cf2c797ec406ec60bc318e2c0f0d908e9e9e9e9e900000003e880c7edddb4c14ebf6a9287af149a11dcfe09e3e8d3e36ce243e7f3931ae79aaefa17b29c0bb7865acd016761f79ec613184d7f8840076d3632bfc07262f51a0a62656e63686d61726b73
010020cb387443f34540f5302f92fc91e74d0015d7b75064fdd1ca3b6887d75b37d6afc1fd2573ed9ddfef38d67dc3cdcaf91bcb1f9af45f3e373d9b9e9e99efad4ee5b5badc898f77ae17e8a4672fa06038f26ec60bc318e2c0f0d908eaeaeaeaea00000003e8093f7fc877c72d05148367f217c5ccb87b3fb171a013642dd1600f1ac253b5ab585e3652d9b436741547ecbc8c273f2405fb11b382156973b1bcad6735c8200e62656e63686d61726b73
0100dd2bd796a48e4e629c2f6350dcd7d49f00ff32c150195988671fcfd84fac64903190b70cad38eb2a730106a2069d5fde7baeb6a0174e44ee0a108c2f53d16080687eeb9412e49c22843b0689ed94587f9c6ec60bc318e2c0f0d908ebebebebeb00000003e8bef15d67f00eafa56cbbe5d46719dcf64262ed411361bd259281fb814e806eb4098dec3f13e0a0a878c95ffa5535802962d7f3d430bd4c1b6c5456e118c10e0b62656e63686d61726b73
01004aaee0ef8aa5bddbbb1389ce8d0da96100a10eafb0a4fb54b97ec8c0bf34dc8f4c2182453eac5c62e08ece8878f68aa20d81c0482a3779682e774626016bf0f77563946e77b82ca128d1e1a3ec952bb22b6ec60bc318e2c0f0d908ececececec00000003e8f7d33933f2080e6ffd6b38635d49737c814d49505fae3e5d80864b50492f7a84fd873fa14a30da600deffa8718de6c38761b989f80df1f8536505ab39e8a8e0862656e63686d61726b73
0100a646457ae2a09fcd89d5eb2cc02ff82c0000830711de0e24c68ba21002b76bebc09206c0959ab5fa0d350b66b7b7fbe32deb7f900f4343d1787a15836ff67ac28323f2fa1f2be78da89f40ce8fcb7cced26ec60bc318e2c0f0d908ededededed00000003e89b2e4123e628d9f4a7730ba3090a71bafaed91a96170edba9a830572b6fbb9e6aea42722c05b55f994ef52841c221c6ec75f9b9754b1557a5a9302f3aaa7f20b62656e63686d61726b73
0100b0ded78d87467b1d30432e24f701a01b0031d8a7ba57be5c0052d034ae8f6190b3197993dd236f5a78f754de1387cba779ad196337ccf3e767e6c7c0d02c79327e713b5fe2b01b13d591af087992f082296ec60bc318e2c0f0d908eeeeeeeeee00000003e8ff58dfb43bebf456b54a087aacb0a71a41e3bc10c867496cd62862923e2724529e9a8b648ca650c885bdf80e770a72041479b6aea203d2b9e791f96cfa9b650d62656e63686d61726b73
0100ee9e9140a44abc884e740ef8586e29450003265822b6067219f64bd89b9236f6c25368a98472b6014d519c0bb2b90ec0526dc69d472f7f40f4769eadb159b32edae69b0729a33277980d074365311f4d776ec60bc318e2c0f0d908efefefefef00000003e8c0b613443c09d72f2313702142bdaea6699240615369d9707f75c8ea9c0c83af23114207295c7b1f3415cf1d888d8ce364123b7a38ebe91d3ee11d2768716b0662656e63686d61726b73
010089530b5a201fda2a2a9045b60426d98500a324b0d9e437a2c02411906354aeaf60d6cebab4c8be9faf6eeceac9f1c0987fcab51b8c445efc2f359a19e981834bc7960da70af7f01aed2c0ad96cfb225a886ec60bc318e2c0f0d908f0f0f0f0f000000003e812bf00a91858d6622ec8e619c67f505b3c1c37506b871abb4c1ffb1a1bf94de86842158456d686777a403af652570798d1a1728c57f56645e8998dbc565d8e0d62656e63686d61726b73
0100241410a9011b73608cd4561a9e736f2500c15d2265459455c9ff156e6c1da6bfb7910bb8af50f2b2f9f853ea9325259d4db00a6bbec8656ec799f0ec14fcc7e883a49bfa26e9e69f2f2bdc90bb4abf176a6ec60bc318e2c0f0d908f1f1f1f1f100000003e88c59b478ad482de658010c3c3dc0f86c7a53d7413bf6d1238fd4d08acf28885803b95dc3de8f4e1febad20a208404adc57070e5f44602ce55e3aeb822e3e8b0962656e63686d61726b73
01009ba882814d69daaadef42773d0f958030099552ddf292b964e9b21f22a67cbbe31e0e1e6666baad080e48e563eb9c4c3178aa10476e8cee648bd759945a914af79f2cb41c3c536cccbb526d717e2dca2176ec60bc318e2c0f0d908f2f2f2f2f200000003e8a5d60d797ae2b0e3d48e8ae9fef021b7064788450f9a7776d32b18457908ff9b90436fec5b6733756d2e2a254c1e5efc1d154cf1c8dca7a8287aa8a851ac210d62656e63686d61726b73
01006ccc04c3c5d79fdbebec60a8e4c7252800d214723afdfe2cddbdc929b18a5e43017e44445fc5d6c8fcf88b1868c53f395cba3c735cdbe4235e6cadf81c412b883a3472d1045faea189f584f8beca46e3436ec60bc318e2c0f0d908f3f3f3f3f300000003e8969663950e22c317d825813874b6f0f62b711b30e939f8075fa23489f2adf8e47a9695d0c1444115a47b3ab1909732c84ad3e8eb606f658e183e76e2bfa5c60762656e63686d61726b73
01000499cbcf8fa4a06b92b4d2f267887eeb009fd7ad6dcff4298dd3f96d5b1b2af910a0535b1488d7f8fabb349a982880b61574fca2a3b389fb1a64d9bf52cc0dd4c2964f3804c0cf7c755e8513c6db8198dc6ec60bc318e2c0f0d908f4f4f4f4f400000003e843fec769b915bd952db683561a9a350c85017e5591527ffdbba2274d5a429dc11e8c01a0ebec684f9aa17feb80cc7942c6a87668d3114bda81c1754eca6a8b0a62656e63686d61726b73
0100aec489bd35f0a975fa83ee2e8970d6a800186c5bddc14fbbf7168d48451a6062947f061d1f2bae2c5eaac7e42493167660cfe6462e54556f845bc0dbba5d3ddea61d6bd1f5ce34c16e468ce54d1c67606e6ec60bc318e2c0f0d908f5f5f5f5f500000003e82abb86f1d9bb10a10a91a83c74555fcb1a75cd61051dd7a82d77c5514c182011ea2dc9c082bd681b6fff2c5db41d32d3fe9f84948f8dc9aef2c96b2cd78d030262656e63686d61726b73
01001d4b2d07d2f320c055ab02e1193d403300b9feb9c21c71bb225b145c5ba103bcffacf1a2de8a5dc481b898c5f8e5972c595a9a14bd73d00e3985bfaf6f775c84905834e3237ee7f3a1f368d367fa8f32af6ec60bc318e2c0f0d908f6f6f6f6f600000003e8679ac7c84920c830996354babfe8a6b98dcca309eda11e7c62e6312d30c9ffe9f678e5247546caa1c87d8be7c70c082059c4e54935c55c209ed799d6993b230062656e63686d61726b73
0100297a93a858567b72c063509291af414500fbf0931674cf973407c652737b02ca05affa9aab80d9cb9d941d6dc7098e48117633a8e7735016558461d49ad3c83bcbe85ca1bc39c1d0f66958beda0772b0276ec60bc318e2c0f0d908f7f7f7f7f700000003e80befd70817a2ebeae0b0060bd4ac6910e3ea08f0dc51742f5786b342c2ab5c19da1f60ecde614c37a6fc87e3e7f4711feb45866c56c0e74668e4d2ba978a680162656e63686d61726b73
010085bc9382ce9bbd37ca0ca8d9d79b787800a6c5ed3bcc9fc7ebf8c4fc3eed9a4b43748b1780074aa74de8b89d9f50f003490b90ecf4a8f50e14d1913615d9db441242325a4e5498dd7a7089a9a55b435c416ec60bc318e2c0f0d908f8f8f8f8f800000003e8edc1495ac1c25b9ac026bde49c249fbdcb1bbab3856830d5337ec5b37578467bc07011034b7cce99a3c914e19eb70a6f76675cbab09efcec6b3edc8bd134180a62656e63686d61726b73
010047a869daad8aa006ca561b40ebd7c86c00550d58c5525185c41fea3705d517d9b7deb77141b822b85220a82e3f9b295d5c0b68bb5c7c31309b73bab7d1b20f40902a0ae08c1b1fcc716ecc69daa9c7d6606ec60bc318e2c0f0d908f9f9f9f9f900000003e8d6d241c3fe9edd56125a6e3c40c60b95f80774c87b1f012802a5b5415f8d7ed596a95956d94148638cf81a670a972a9ee9e0cbf78d410e7dcb2b8760b4169b0362656e63686d61726b73
010042a33d70f5621bbcbaa57fd2268bc0010095a1418934ffc16ef1f34b0c106eb242167133b874fb786fe6423a7713f4f3589a44b77f83772b4f5bbeaf61ec4106633b0bd0acc5aacfd8fce686dbd6ab8a9d6ec60bc318e2c0f0d908fafafafafa00000003e812edc122a6987954fc18b59db6669bc3a9952653367f826b477653c4e1f375601db4260efb2e7778fefb5c538dc9aaf7b044ddf5d2aa555c8b97e7c7e4d5230b62656e63686d61726b73
01007b3ba74979c4f7a28c24bf4835fd49ce0094f1e3cd9e452da6a87434b495cb91f499fe60f62ff8f43aca4a0fc0288b1834ab2fbdf4cac8f52d5698ae8e89dd4249d93e5113fdd26dcac794e1b116a7be616ec60bc318e2c0f0d908fbfbfbfbfb00000003e8d678b323b7c4e158b34a66b838fe53e048526082ca324f855ba27b9283270345abb68ca5a714d985b22bf87c5e35b23602b3fe17b91cd6b73669183cf48e7c0362656e63686d61726b73
01002f2653e6704e4e1aacf6d3db94923640008e5fae12f4dc7537df8c9e57fd467b50f225a51c4f4d85c9b560e0589323fb361ade862e66179d1682e9b9ce8cff27163069e3b947db85fcc869a974dcc1887f6ec60bc318e2c0f0d908fcfcfcfcfc00000003e83044ede6dce91803593783789577bce6cae26d7351534605c846a2079093024ad2db410ac14ca8b31b9e0dbedd35f4f1d2307dce0bdd4411d724efcd5859b90a62656e63686d61726b73
0100f43fe4dff123542852d239ef2131d6b50013578302ecba4d35777d604ccb2d122994f2450755730a4d01bb096419947c518b569ecf19052d2300074113046d523dc502b810d35412732057a49294647aec6ec60bc318e2c0f0d908fdfdfdfdfd00000003e8f5c656ce2b9d47d0096624c027136325904f6af99c83b8285ce93ef28157892b1dc52ea840514f37d12eabb27315b71d751b21e784334216e8f167f973e2de0262656e63686d61726b73
010025b801fcb39e29acaa5d56839757d0fa0036fff665395ac2d6dc221b275d0aac54583093c47b458f5d7cfac7a9bb37d163df6ae07a0d1594604ce8139ae2de402d17f2f07a87147f518b9fe295de0442e56ec60bc318e2c0f0d908fefefefefe00000003e80407c7639fe3fc71a847b93f8f3907b3c44b0410473a93cffe2d54b3b4b747f678e9cbfe5a058f64f5cbe69e71fab15c93acaf48b097f0a9ccea470edae7ce0062656e63686d61726b73
01005d027d3ae82fac2582d14995e25973c000d6fda77976f902d7fd38bfa1e6e1e0a4fcc26fbb3c7249e6b75078939dbc3169c99e2b37de93002df68326a785493cd4aa487d1a45fa2117aa105048923bf7816ec60bc318e2c0f0d908ffffffffff00000003e8d08cc4d16e4511e502ef73c9edc86172bf734b7e5202670fe241200c6229cb1a3f069f5cc10201658e7c99a7bce4a9d9094ff63d44c8e2f7aa4f25f05ac72f0c62656e63686d61726b73
01006156d6cfb416767e758f00b8bdbc5cef0066b76a4535f74c6f464c8f2395cb051864d00279ac88c3fc793fa00352e2ea5a8f6148d272a4ac114963b50a0d025884039309f00e054ca26f2d7af6d7a65b746ec60bc318e2c0f0d908000000000000000003e811fef6cbda31111ba42d14cb824d52255fc3a8669570cf47d993b34f2e1885a8eaefa153cbdc46aa4558892f7d30fa59ea654319a1462b2b1cf32c570da8dc0462656e63686d61726b73
0100c8632442e4f5def2f32d3e9ac67cce46008c487cee69b3a2e00df7707c67bbf9814f03a4756e766166ec8c82c74756bd5ee83ad950188597d403ad3bbc1e08051b691e287ada3707b0d4f641bfde3a35dd6ec60bc318e2c0f0d908010101010100000003e8922e91821e5acbf924dd78e7ecf15347a2e8a3987e71ae55cb61b4bdf3272c14b88ea53135ae1960783ed880c8b45b7cdef28be556ff95cc31c087c204deb90f62656e63686d61726b73
0100b7958a806f7659b4b1a2ff01e4c179b6000f4644b7b39411af3c1383b6cf079fc93c86955afa9c394a103b98b5c5a46e153558ba1ef0f80f10361e916d1769b433392ad8e8bf7de3cbc18b4897af19d9f66ec60bc318e2c0f0d908020202020200000003e897917bce82430a6e2fb112d05aaf0308bd8a0f26d04e72b296bc8767d2992b5ecc9046884d840e5db49a64bda1fcddf9bd050e3b8243c811000d996059c8470d62656e63686d61726b73
0100f51c568bb784e5c808056ace623675a600244fe3b963e899dd295baffce248d3530f3a9a7479ba063002680ebfe7adad49020bd427446b723424d80d2cad352ba3df3649d0ef8faae0ca7eb25443941b296ec60bc318e2c0f0d908030303030300000003e8b4721057e742fab4c7027fe25bd42078a4079057b17d2e29a653137c59c007d623184ebee6aaccc4c51de2e835a182230a9a6aecb91c430f808f831b1506190162656e63686d61726b73
0100d7ee8f59e7fd98d8f636a22680da92a000493e82fc74464a59268817623d2053c5eb8e2cc4a988b4fee179ec6b010d531d4fd099ccd47d7893dfe9ec24414ecb0d9b5420232aad30d91c465be33cbe65c46ec60bc318e2c0f0d908040404040400000003e828a793137ecab5a461ec22c455a136e6323834eae1dec431c56b1ca344b0b38cb0b2d640f248cd2585862a3286ad7e5d06765612b884657526ab2481a77c980862656e63686d61726b73
010006577d30e3ab6ae5cb2f9d88aa9f558e00347fd32c5146a57f86d7949eeb5a053c0fe967a8e49702a67f63275ac322c146ae70d06d9d05af44d95e9d2ee5165ca83202d0f58ce24c0c5216eef4462361466ec60bc318e2c0f0d908050505050500000003e839dfbb0e15fddf9ed9d67504af84a13d40fcc33d54cf843c0595c2c4921ddbbdec6e91181797340aa935e907d6f993fc89a6b620c9145d83be0c4809b813cf0962656e63686d61726b73
0100304a74c0420ab26ee12e5651ef52743a00e2e35e830009345af2370377717a4f7145b79d819422cc09bea5582f0f5102141d87e3a9763db7fcdd3c4893c1831d71da58a9f1031130a410f5dfbf91bc4fad6ec60bc318e2c0f0d908060606060600000003e81bba1d4c774e3750e3de302fe8032eb1c2f68480d59735418cd28fc56678faf1d50294b69151cfef8e2769e9f7e692e90474bf9f1c1d5a60eb4ad20e0ad0f60f62656e63686d61726b73
0100e10c963e55eb90c68c2e3cd135d977b200dbc9bf1aaf16e4cdd99c313fc8c176bea465500a7313b927cd892755292651717418ec4e3a134ae368280849ec9523d66251dac455e557a37aac568d644fe8a96ec60bc318e2c0f0d908070707070700000003e88ae3693305fb0ef40ac8e2d86e5c1bb59131b7faabb097638dcfb042f43016e45f168853876cd9fa44e8e48466106d81b2e3007801ffaabae66fa4f27216db0a62656e63686d61726b73
010001e3ae167620bf24e997acc23cf006b300d069d38f6300110e698b4fa6309f5f32bdfa4fd295a778bf2aeb211f4fc8601ea8d29047e38586d402f41f9906a2c6ddc2589fdf64e9b73dabd23d35bc7cd41d6ec60bc318e2c0f0d908080808080800000003e8c1f72cc7cb344cf42b7e81ea53edae2471f5470d7011ddb10c824ff910a40efebf420a5bda5028e5b4063f86b3f5d9bff498781cf371916673c9b69f8285c40862656e63686d61726b73
01007bd0ccb78faf0ad4ba0e26a757f8c23e006b1be1122b9d02037e03ea0668f6733d021d78ea360a7a64c3d9c68ffee95573f87d21080e5cbad7f9f8801bc6a4882f463043eceb08af2f18ddec86bd55199c6ec60bc318e2c0f0d908090909090900000003e80e43583ee76f663b018bf47b38245d9d2931aa6e4a6e881ed3e93d709eae3fe89ebf7218e7265acf1474838a1fc2959bb1ba55a8cbec146a10428d41c5a1e80c62656e63686d61726b73
010093089b75fc5dd08b6c1a9e5c5fb57520005d6d6e18c6e19010390c2bc872c5b7ac92296ffab831259da04d6e8c1f1bb0621e985ffbe45a77ee58253c6b392ae9272442cee842cec49dbf88fbb0fffd16a86ec60bc318e2c0f0d9080a0a0a0a0a00000003e87f24c8e989073749a79f6f13c8283350449097b1ca51637af1038556cd0be9b3ddd437c2b26de44aee20ec23a409233b482606fd328e0f15967d4c46fe52e50662656e63686d61726b73
0100188c3f66e602c80f4efafae52f0e2ec3009198a2e5c608111faaa84a8b3ae7536c638680d74707be337a606e41d0cfc770da971dcae2b290b4025e2881d19f815591bf76c97693c595af3512c211fed9476ec60bc318e2c0f0d9080b0b0b0b0b00000003e89061ebb35ab935a0da5f5bf80aa2884665a3c8fdae787fb8188bd2b45fada11b41107fa76fc8161060b30ebe28696022adb32d13e601ab550063aaa3eb96e70762656e63686d61726b73
0100f7d3255525fbee92077008a4405bb886007ea13ddfcbacd8a13542dece890886486fb8024d0d3cc7f95ed8bb4efad66b73be43170eddef813685592a8acf001c988b65e4e2d0a425403a7d3a7f6af4fe576ec60bc318e2c0f0d9080c0c0c0c0c00000003e83ff7822d749f30d0d6dd2e480c2924071c1cb0f3e413b89e986dec153bb962dcc497f17541fc7160c105e9e1b7ac511d692bc282948062764639cd8816845e0362656e63686d61726b73
0100ea4d974f10e162a772159da26a1100b200153864612f5c5d47f684d66899a9de4f7c30b5f74a8ebd699642212bce00d938272bbfed753f774c81d1be2587827f0ba5d815f4932c6b2eee4da2cb7144b4b06ec60bc318e2c0f0d9080d0d0d0d0d00000003e8d5c657e0bd0298430beb519626b58d320e94e2d725d48a9822224090ce97905d694ce2457adf366a1d85bf504ad6d4e04d3c43500c28d80440fb75f5b23f4d0162656e63686d61726b73
010070f7df0cf8d17ffb48e3605950cf68d500452ba38cd140eb5bf4050d4d88e55fc1be3a53440f7b7763f2f7b4f1a0c7d15fae20a678df5f127e5ae657e44c1988845d6c019433e6706d44669c0f63cfd2bc6ec60bc318e2c0f0d9080e0e0e0e0e00000003e88ef742aa03f69bc30d865acd7124266485e407c7bd5efc491dcc391916b42fe02dc286ce1d2d9f5370c94b75aed7db3eba2b9bc1fd8c14d39e3d3e2ce6120a0f62656e63686d61726b73
0100bb86149e5a51b7aca43ed7b995e6fe1300055362f081fa37571bfc9fed5c0e7f27b54b29c1363c6ce033f1afe67f300128d487592e58735ed4488934b21223b936f976bd2a117df592678c6408900c4cf56ec60bc318e2c0f0d9080f0f0f0f0f00000003e84abd6f77a60348b1f17a9bfbd15284bf9b64b3fdaaeb199343838394c2403e2072ae1ebaec961a291d558abf4f854dbf89ff62eec33ee39ea86c79a279618f0462656e63686d61726b73
01001f4dd5faeed842e65987411f1a05fea3006a4dbd40fad32026449a74569745b129f22acaaf336ce1f321529e45c600b35860da00e5e1cf877fa8d3219f5afab86d01a8669c85eff7bec1ed3092cd3a4ead6ec60bc318e2c0f0d908101010101000000003e8dddebd097125051220c03eb4423b8218a6f0dc9d2b2411df890ed3d6338d604bf1d4f06c220621956968b489ca742c169d78a6b9099e4009b735af5cc830880262656e63686d61726b73
0100d5369634cd749f4a0531201f5a6387b400ebde23223707d3a734f56264200fadc3a400ad06d6a3c8d814ccc3df085bfc2a4e30e537da0d74adc0642b2c330da7732994c460585e39a70a1dd511a608c47b6ec60bc318e2c0f0d908111111111100000003e8db41b3a3958d4f87760d4bad7f439bb190207e9b3950465db986eb3eee5c0d516560f2f5f5d5c489ffd9b661e87fa02d220eaf2a2e4d5f91db16fe599992890762656e63686d61726b73
01002955f6ab6ab195ed9ca1b91cd2ed518800e05b1ae322024838095ffdefd865468ddb77b14b2dd275175ea0ab4294fa6d7aed2aa7be90b6397fc2f7cc2c246d0f801078d521d42d19bde1104832ffc5e42d6ec60bc318e2c0f0d908121212121200000003e81ea41df0f8447d983b9c6937c2920bce484d43aba41a5f196c806f4538e4762005b7040842d2a7bc42ec9d991b8777f27ebafd8182292898a0f70b9389965a0662656e63686d61726b73
0100e59e298dd47b93cb38cd26658676625d000233f006ef4bed144ea0a5bb46c7067c7c2acec5f8cc811f3df59fdcd5ac761411d624e49226d43c8c28e937f362640aaec1e00215fd6534b461118059220a5b6ec60bc318e2c0f0d908131313131300000003e8ca6f4e3c1d15457782c0b700f423e77691e3b3f6b1b11ea2a1ae917c49389d4d1e8761c0b5196c7339ea318c8447a959ba22079470612f1bb5aa7022a568990762656e63686d61726b73
0100f2f5d165cadfd494970210b2b3c3936e0023b7bb8c91ae008711fb12846780bcdf1e065f821bdfec49f57e7c7dcd4c4823d2eb993b63143528e70dcdc7eb9ca21010dd769be95250c2c5babfad15d458e26ec60bc318e2c0f0d908141414141400000003e8b2d6ea5118105b1d6d68fd57dda7e9d5f5221d29e288c2e36c5e8f5ad7fe7b1c73f467883ce9e2c82f8a613bf5e1408fd4c4235ad40d7fd8f6a4d288180fc20562656e63686d61726b73
0100e0c6201f6f847acd3dcaa0fe3f7b0f5000c7e5e817ee788f29fcfed69dd6c7391e6b5bb9eca9e6beb2ac3516100119e51d85a0593c0c25b5ec6af6d0a54383b08cd043cf16b151861667fea661159f0e006ec60bc318e2c0f0d908151515151500000003e8cbd0b96d6323c261475439b1fd8a22a3ee83b1ccfb71692d25a5205d6b82d7f60b8f52b173441f5a2766d9643e9d251b78fea4cd5ba63814043774bb0e88540d62656e63686d61726b73
01000ada0772bb0857abb8bf41814374ac00008038a32edd89bd8ff75f223e8eaa343ac2623836c60f1f51b501ff95ea6f213ad9c3303ae024ebda9c0dbebd6d1b50c672bddb5e64d43f8898cc43d0f51f96b06ec60bc318e2c0f0d908161616161600000003e8de6d49e53d7013ccff9d2c78a1180cd404e662f120e2a1b336105f9d5b0cceed85309f8a4bd7554f142fa46be9082666b5817426ae1c84ff3cd8976250e4f70262656e63686d61726b73
01003f390363dd96ba11a71478d04282bcc400479f830b8d1e1a82a446613b8da252ae201d1b673695d08786faeaa2ff24d273b739f98861aeaecdf83a80da85b28b882329b018d6c0540cb433ad3c4c3349d16ec60bc318e2c0f0d908171717171700000003e84e7ccfe683bca6eb3ffa5f1ff106abf0486891decd38ef06e804af52ac366383d78a7c4e21c5f462a66ebc8bc0bdf139aceb5798b14aca7c29b71fedc0ed460b62656e63686d61726b73
010040378e249a82b15dc6bd448cc7079cc600904b574691f0c1b67d6ee7476c8eacbe33b1e29e6be3e30a755e9f54447d705f570a030084c89eadc0d188c9d6479aeec6708e295d67d72dfb2cd1dccc3973b36ec60bc318e2c0f0d908181818181800000003e863485a3202fabbe703055e87ffc8654424ac89cc640bb7d3ed0cfab1aa830315693593432f07ad45af45be4efc573b4e876529c6422b6b9f6d11366042bde40662656e63686d61726b73
0100c86539b81202d0d4a85f293c0b02ff2e00e34fdd9be280c51c1af294096ddb061557e421e4e302e9319f86fed85a99e0533a887666f14aa55601d4f1f31926337841062be8f39e6b984bc643511b24bee96ec60bc318e2c0f0d908191919191900000003e8d5e624d8daaf744dd8a225e9e8f050ff970cc8c5ea237f3074b545fccdf6e6ac3e9bc0924d1961c2fece857947de5b64892b36b003b2b1203206ba053f1f690862656e63686d61726b73
010085d62175fc31fc99da176ac94e05fa75007f888c953394d5839fa2f5d609e30c8de06c73abd5aaa0c4ffb5d0787836a1548cd555d1ec03e59a465f3e14d1d2f7f82f9aa61f73445885213f4dd0c68e9c516ec60bc318e2c0f0d9081a1a1a1a1a00000003e8967f57e4e2aa517fa8e5d5fc4236635470914494ff04e9bf0f2a1680895f3e208d421953f1af637893e006f19b5c7b3758c5035daea0bc25c9bcbe0ce917520e62656e63686d61726b73
0100f8ae0c617777358412459af26dcd5b6b00caae36d455ee87b8f2cee7e395d8504d589c0972a9121c428bd42b949d1964322cd5204de47642b34137785f7b7634a56c201cd81d317c303c1334db37131a366ec60bc318e2c0f0d9081b1b1b1b1b00000003e832c0597cd3bbaafc134412c7e8ec78dab7886a60b737b70285503172d17d5bf1cf638715fb1d876cba701f47b94a025b275da992e64019c201e51b627a33dc0362656e63686d61726b73
01007e7b90fef25411f580de38dc51e1a28b007e7c5c7029242d2c69a88b65a089dcdb61806bf92eb758b247df929ea18ac40e03ff0e60c3634744bf45cec1833341ccdde192a3f66873422378bcbd46a32f1b6ec60bc318e2c0f0d9081c1c1c1c1c00000003e84c6a354b85ebd2e781be30fe6d72f48d7007faf7de31aff051eb42fa9b00bfb90374bd7f0184f70e7ff36f653be1e325189b2e6d2d06ae95126ceb6b5445160e62656e63686d61726b73
01000084b4d377b7cb114f238a5593c8ae1500ed98a25052d0dbb922f1f25b3bf7918891741f5be845cd277f329e89fc63607c19baf2e8cd92185729cc12429df361c9dd96be4b90c4437f8515a88e33af41716ec60bc318e2c0f0d9081d1d1d1d1d00000003e80e641cc079b225a1afecdcf2bfd935d7e27fb8aae3cb520275a642b7cc5115018962aefc4905e25c0c14165be45dc1e745e052a0ba5f4d425c78ed7e0189fd0462656e63686d61726b73
0100415e551e02b29d570552b399c0a108ef001b21db54257b434b945a0e61d05b4fec445a1aa52dafce38f1cbf4ba14749a4f2e71af9c051f44eb1303ee622464c73fe05b7cb5ccfd359576b3e4b4b792cd806ec60bc318e2c0f0d9081e1e1e1e1e00000003e83ea0ec88e0eecb76d48b5957effb69d3e72a0f3cc7ecfd92a282e66a0dba51590f6a94008fe9dfb5bb2c252f81cb385022d4c56ddf9ff126e6f84c80867b850d62656e63686d61726b73
01009c9895db7c3ead3ecb0d0dba76aa7fea009ee2ad4b49a4ce499018263130d5c8a7dcffb071aea1554d1191019b9aa2871e1942dc812c4de95bb672b52dac7ed094bffb9f5cd6c24ba5207d5e08aeed27326ec60bc318e2c0f0d9081f1f1f1f1f00000003e8b841e8d395d77c39c20dd3e0937dfd97c9d614737459c1e713b8aa87b28787b0c00218efb6f319a304afc177f5ad91e3325411a97e81ec91577439305e7c5a0a62656e63686d61726b73
01002e70860a372f562e2152d0fe51c16f0b001a0229af7302d3f724b0736175110f4ef453215e086d5b547aa88bbc957eae5e51998ccfdfffd83d9724490818ca22a97a030d18bb2a9d74668f72b81c3fa5886ec60bc318e2c0f0d908202020202000000003e8af7bdfa1b65534eee0ed891fa7deb6b2b4df2f139e3b9b126302a73be3e833df66dad39feb358f7bb9453a5e585e89412e7c85fb501764344967e77e591e440b62656e63686d61726b73
0100d6c542d7df8ea66fb35d8fe43081e7b000909705b0e7d1817db56cdcb89ba2fabad3e9a01b2c23bc73e3ec9d9a2ff9b82798808b1c05fb8edf3b29011f9a684f76d8e8160e67fdaf26d940e11adc60123d6ec60bc318e2c0f0d908212121212100000003e8fd34d49c259b3c050307134567b80dbb0d423dc68ffa96b7fda639ff9278bd96ae32b380e0ba07ff1156cc528846fcd01b360c860899186a900056b6d0d0bb0762656e63686d61726b73
0100c4a31059c7f611d44cdd1a94e24a9da80086c15a1119201d2a9a6023aceeaf49664a54186ad2db465845331707b6da2b0dc5db2c53c2bcf3dd886f05e60ac9828ed244e61a4fdc09277d58bdf4af1ba29f6ec60bc318e2c0f0d908222222222200000003e8cf7b8c04114d93150d945deb3256e7eaa90789a7e61b11c0492c45ed91552663a52efc2a79119b9e97c21edd80689d1ede8359d49127141d5b2a0259a88bf30b62656e63686d61726b73
01006ed2764c0963705d5d01f155d4650bca0064b101b1d0be5a8704bd078f9895001fc03e8e9f9522f188dd128d9846d48466882d0ea3b2864e7a587f3e698cea4459998312e655e05fa5e8b5119d8baac8cd6ec60bc318e2c0f0d908232323232300000003e82bd94d4ac01d6e05d5282b5091d79d2f790581c8bebdb4a3f5dfcd1feac1a2bc430b8dc607b6436f2a3e08947d854e1e2660414f5cdba899482c07f7e0d2fc0b62656e63686d61726b73
0100909adf42bd0928fbde542be8008fd8eb00675dd574ed7789310b3d2e7681f3790b466c773b1521fecf36577958371ea52fcd14b37f956e953194ff7fb73b3d81dcc561d61a7538094b7c3e1a643ee5f3aa6ec60bc318e2c0f0d908242424242400000003e8a0fd80fe36e0a93aa451e0d4ce06c30f9d862be473fcd9e4e8c2847d6ac7cbe29da16b2d14dd06a06e8b003a258e488124173f237f88f9246e8951e37d826b0b62656e63686d61726b73
01002df2c2771019135ef7dcb17181f6c091000cfb12d075dc5f79056061ac0247e271bb11e02b454166d0559e5b770ca6252efe59d11668b7d055e2d8f698b9cba574b412c58229a91e2477bae7aef9beafa66ec60bc318e2c0f0d908252525252500000003e8aff316f58fed08c36dd89cbaad8e3a47583669d56183cbfe7e92c25fa384da2167bec8281157793467c6241d9ab0b75192381375dad3c1cd813907089e62330a62656e63686d61726b73
0100d62ba39914c9e84f3f19e0676e785fee00f8c9a07cf4e6a083ec57eb909f3063240c7f3755824ddeee671125a28b1c4105a25796dfa403f34307dd68e2db19fbcda958156d47581e9b33c5ce7bf18c75cb6ec60bc318e2c0f0d908262626262600000003e82414961f364cffa0415c504ba8ff107074afe0066a07927e30bfc8d36735679e021f531505cb2bcd9607b7e516765e38d29926d8f4b509c07a6f5217a49e950962656e63686d61726b73
0100bd0e30b31375023f7467a722ce073c49001fb64d9b6598c4a8dc11b7d25d254441f8569dbd7199c8bd9b558414de2ae8745ed35c8b9583b680fde418fd03a6b3c2956f81dc69725b88de15c6002429c81e6ec60bc318e2c0f0d908272727272700000003e8617d68e49d8c493d12fe22d324333bea5b4a646a770fc088701a6360cb4205689f48742fa2d7d4526707560f5e0fdf14bdafdc412dfda409320fb4ab5ee70f0562656e63686d61726b73
0100c1b0a50b4b0e423fefa2c2d06cb09fcb0081ee4a6fa242c872f3821b5e75db0cd95f871042cfb7fbd643bb16c3cca6f43c9c95c84c6dbcb8a178e7e2b20478c94c8afadfa3ac2160a81bb1a3982aa8fe006ec60bc318e2c0f0d908282828282800000003e80ca7a8055bb274615f280042d56bc99006f185fc59413231c9f029ae8a769dfa1bd6101c67869c09871b91d12619c7ebe0a3bb0d5be11d37274670ac636fdb0e62656e63686d61726b73
01005ae3c10e8bbc28e2f256571e822ccab60013773cb958b5ad0962511e4e18296a491936086315a0e29d7f4ae88123aee72c4b9d2afeaea89fdcd000dcd19ef5405c9f3b526b5a7b1788cb4a49ff5986269f6ec60bc318e2c0f0d908292929292900000003e836267ae6e96e452d95275f59cd279d90c89d299b882af6f8d46220294caebc34da6e822e5d342fc81bfceb2319fa9aef1b541efd037212622c0d853e482cd50762656e63686d61726b73
0100c9cc196bdc6e861030291899e07dc0fc001a7971c6a03ba22392d97159a917f1a32e2490114279430547faff4fb841db27f993a79f31ea86829cd95f1df2662608bb785079e3e8374306dfa48d89c4b7b06ec60bc318e2c0f0d9082a2a2a2a2a00000003e8775cdaa9d774625b2a56939875cbbd91e4136c7d09788f2ecb41a47b733988a1ab5acc6fd4b2d6db71ff149a851a1080cdbceb9d9b65855feecf916c11724d0062656e63686d61726b73
010048131c694a9532585999f9b85e27eb860008c88cae8a08de5ed3f5dbe239bf451699ed1f9853cb80c8165953746a75ee03913bff64bd16c7542945ddfcfd6463e06c355757a5273bcde77303a662ae7ddf6ec60bc318e2c0f0d9082b2b2b2b2b00000003e8e2a640e008dbf52da6ea613741303f7a3ee784552ce278a8fb519b1ab76bd4b94a9e20d819f0888ebbcee7cdecb28661c9549e1c09878eb0dae8857e437df70b62656e63686d61726b73
010005ed4eec742580eb9739d97e2026d2aa001349ac6a06c18c9fb1cc6f15b1907ca645b45fe524716d690bb29f354dffa76ef14af0664af0e9f9f24f19e485a0b89d9b555a1e426e7069056ab50d7edc68536ec60bc318e2c0f0d9082c2c2c2c2c00000003e8da0d5129b756eedaba6c0514e4b77c1ed57a11a46d88066b48aa974f9cd404272ca05c431145c2e4b407b6f20adf059f533e1c55265a985a837eb4eec01f650462656e63686d61726b73
010027f57521b5f4ca204699953f9e3eb2e2004eba782a2cb40e00bf2a5cb6cc0daf894fe096ee6f027006b5d0b65883d2bf293f6b012e0bee1550b078552e53ac9050300aadf941d1da9002547e02b7120d6b6ec60bc318e2c0f0d9082d2d2d2d2d00000003e897cc7249c0cd7de0fe947b7b86ea4e4a4f45317149443df8529a1ec5afc3c5a6e2baecf5b7ce7927ccc0fa28947e6f862ef28ac3616582a9f9229e3b72aa030862656e63686d61726b73
010007e9cb605ce10ee72387b2c661d67c930008264ae690b411d8e3ede40f87192585ea114a082744a776105aac05eab1052ee64b78ea8c7ff41881153a3d1e242397eedd8ea7870d6706cc28e4111aa5084b6ec60bc318e2c0f0d9082e2e2e2e2e00000003e8c83d32adf82e59b9aa3f3e63eb6466abc8a11e786e23c5e13bab3690c3fb0481de6f269d6af7f6d980be6474efc47e0bf7fc346049e12ce5a13b3825f9be410f62656e63686d61726b73
0100b0995b0dbc28ee05bb1acb4da3575d64009ae664455c498bcaf0a4a6bb7298718f225dab178af96fe1762174ee7dca9c61f27bea00891eaf96b221f60ec25a3ff1b289750ed381ce9d8ce5b2457a758c126ec60bc318e2c0f0d9082f2f2f2f2f00000003e8efa560e8540366f3ba765518246383f8382d1917c2442ba29ff954d43ed6b199db157c0cadb82d1c66e3f088366186bc0efb8b69eefa2772f5fc1f3d752d2f0762656e63686d61726b73
010040b9ed2e42363cc89530ced9689b6d49005cdb0c8dfc7604873a3fbb04298d829d6ba27689f0020d5749ffac03fff3092b752cd71047d9a3abbacda7be62050c96710f5be42971e8e90cf6310332f43b856ec60bc318e2c0f0d908303030303000000003e8b2aebcea1c1a39b00bce55529adc0d80d5eb4afdd1b14db9a05fbd343a261e3b36e7eee8bc33955ed28c0c7777c7ddb74b28ae5ada67cb3a4a583d05a0fd0b0562656e63686d61726b73
010086ba9cd99c56df4d5989e3ad7c4d25a400d297d5e91417ad65cd9a0cec16f632c444f65872864fa353d99ab7ee6f11380a41a8bb1006fe0d973bfbc1bf46843a1a5829a4e44deb63b2c1d6e423e756b6066ec60bc318e2c0f0d908313131313100000003e8a633186b47a2dd7d570084339168edd394b0e05dad0888bda9b8fc3e031df4fd6f1b9865aa5650ca51131935f6cde5eee95ef53d8fb58a0b092c2b585c50db0562656e63686d61726b73
0100d2873d6bbe4d25d5fedb199f78e4403d0089b0e983ccbf3804cdae3bab5409e49c72209b0f9c0e6ab24caca35c5d3a346c5e423033044f56a13a686799487bcbfa63dd1e39204cec27dd39a26daa6156286ec60bc318e2c0f0d908323232323200000003e8f93545969e98c2a69c281168e7b5f6c250532fd3f922a978f184c9aaac09459f98436a55cf3aa521f7b6ea5657d6d46447286333e479423e993f0de0af56e90f62656e63686d61726b73
0100926739d68d6f0d36885ad762568fdf31005f09b7f97a40b50220697064b43b27411b07a4aa1fe05370b27519826983d30d14c70c7e0c4c7712756ebbdfd33317be8fdf76358824e636098912ced81c1fb16ec60bc318e2c0f0d908333333333300000003e8a8599611f25d21f3d3dc82725534e373b0eb88620874f4142e76891d0e657a426bb99d435d36a10adc477e6eae66fdad9bb9d13f66288ffaf32d384e1a2b310562656e63686d61726b73
0100e9e06e0fe33d981a816e336c2c92b11500392d174a38b3b1beafaf1fe824870841c5fa531bc6eafdb6402c124664488c1c1ce56a48c82ff99162a14bc544612674e5d61fb9317e65d4055780fdbcb4dc356ec60bc318e2c0f0d908343434343400000003e86f608234fe8d926b1e811249b1b8ab434ddfdcc1c82f9050dc375bb0a4f83e4e8764167fed99a78215a86ccfe026d9a9d30894523c0beb39e58ab153a403500f62656e63686d61726b73
0100bf38cc0931788b3e34a533cb15b09b5b00575eec781dfc99635e5bbbc46b4a17d22d5adb2eb6105d2c2041e70f8b71585e93692c8da3247bec64437235c73cad644bca644f073621236e0eedf807f308686ec60bc318e2c0f0d908353535353500000003e8a016880f618c5004db031f7239abcca4e4a8e0a003e67696727e1fce3be8f7c4f8b43f5f0821ec37b89be1754acb9e92b4cd305e89bc754044545044dbd6210b62656e63686d61726b73
01000357b96e61f71eb26298d4a655fad764003e6e8a062fec8456d0bbf6aa3d3ed58ada86176bfffc0e5aa7f46f78c61abd1ed70fdd96e5c46e286e0488b89574bc7b5a4ea7c583fae7e3ee3a8ce2891875c26ec60bc318e2c0f0d908363636363600000003e8629dd6ebcb2e50736802a0f3f84e2ccc6fb8aac2ce13df837f1daeba8d00fdef12f916d88a7cf69fb83ae693dc06f0e9f85f54d3ab9c071e72328d8d152f310862656e63686d61726b73
010012fd14dd9c2d0981ab59d262ab99663600045443cf62f3f4dbbe5e0fdc18fb7d06790eff9c4fdc78dd6eda7bff5b513b7e42d7b430a1ae37996ea3248729b6f34930097a60e59dd7319ae51bd9710b6b166ec60bc318e2c0f0d908373737373700000003e837b2ac6b05ebab0895b50fce6d551737a3938fbeef06339e1340e2d71ba94115a7f5cda82678e46c233d7c4071ebc0148a96dff0443652c4d781878bb7d1e00a62656e63686d61726b73
0100bccc15e30a09c25e9325faddd76c75e500f0b33052377ed1269b8dc445e1718615f7c46141c114be3128bd1bfff019e12560d7c527ebbfe41cf171cde7f2e462159970fbd0aa741c362b07eb7840f345e46ec60bc318e2c0f0d908383838383800000003e81b149d9dae46a555c8683eeafb1d877d8b52e7cf06e3ad980e234485874e64af222938883df7c0c7d1f69581a9876eca55e034d31c9bff16fae2c9a6192a140d62656e63686d61726b73
0100fe954fb9cd2ff1757a0c6dcb6e0d49f80012906684719584ef2d446a1a7c173329280a20bc735d526c4b8121bb887ecb0e542821e9529dd1ad243bfdff5c640a65194b4816987a650de861d7ce9e417a636ec60bc318e2c0f0d908393939393900000003e8ca13f70e75c8d0e233ecd714db524ed5301640828308743c906ffd76c322176a17f16dbf498a569173c4a828e62161cb80bffc25ced1fcb0b2120961a621690162656e63686d61726b73
01004cd44f28b5781d44f1208949172402da00eb4622c9cb46365d41bd7016f52a93bcdc674e2f4ab0512444817caf0ab7722e789d6666a79869029eefbf5c80cac50f9b20505619cd3a0a9cd144a95038dfef6ec60bc318e2c0f0d9083a3a3a3a3a00000003e81fe9cdb40790b8aa76e446683c0dd79cef0c5354ab96ac18f3154a99ee67aa6d71506b09cb195e5329b0a40e368de0bede850f298cc7c61c167775e9ae9f1f0262656e63686d61726b73
0100ee2d81dd87f0fb42582f577ed93fc6f10046b1880a0dca97ae1618d3d8c04cc51b10fd08c1cd8839c1bbf4bd7fe014005d66e68c1546b195b1baee7131c32d7c417671d531f932d8eb4510dddeb4d90c416ec60bc318e2c0f0d9083b3b3b3b3b00000003e8ab2f8147f4a4a10fba0b72e700c27637da9ba90448939cbbab85a8a84885b92c166f804ff391bb5371f2113e7506e19283c53dec464137cb95bd3f15c520bc0762656e63686d61726b73
0100dd5e3c6b8268a12dc0443713eef486f2003bb78502511363650e3733010ca6f369c6404bf1491c6abf7df4c0840fc647352e47a725582b809413327ac25576f09b68cdceb5efe978441acc0d0f2067d8106ec60bc318e2c0f0d9083c3c3c3c3c00000003e8fddc3eef80e042996d20207f0befeaa37594aaef457b38e1bd8a3c28109f446c091fd4cf5e9e8341c4ee637b316391aeac8a927ff7bae9731ac14b46ce3da50d62656e63686d61726b73
0100c7e8aa88ddb584354cfbe72ca51c6a8f00cd8439107a1ccffec0b7649e78a4d74486b3961213750963af89d47b05caf471371975d3fe76b4521a44a8551f3d691123d58c0086c21fc2384c640f1a8074936ec60bc318e2c0f0d9083d3d3d3d3d00000003e861e76c62a8eb317e2881716cbf7cf982dc41d372a81917e32a341ae50b5fe166157bc10c861dfee9f74d1dac3afa45616169700cf078a1d23b59eb2c03dc140162656e63686d61726b73
0100ce47bcc17bddd6dba230e4ca6952296a00e421f7dafad6ee5a0b3e63c706f5cd10b5c58ec1a06162bbcc29bfaade4b2c2e7b1ea21b0eac500e2aa727213e3d03753b0b5003b8fdcf7927fb67fdd6c30f1e6ec60bc318e2c0f0d9083e3e3e3e3e00000003e8cfecd6e383383dbf7ec4b6b7e20010b1b644bf7cbc3aba7fe3c05ceb9d235c86f13fc49d8d5344060d2fff9df6b855d95f29f2b8566543b5682198a9a697910a62656e63686d61726b73
010044ccdbdb4f5bd702f7c4001d4885fe17000871558695c3980a809cdd7ed96838fd03d1d9558a70d77d1706d98284137762725ff584fec03f305631af807a3e349e34c8214567a13186f8cba48b02c1727f6ec60bc318e2c0f0d9083f3f3f3f3f00000003e8f34b323da6d7b607b1fd50f54aa064977013f4c84e89835f27456b9050ed1bf14b023ea92fd497f3d9930d5dec033010522bc2e7e0d08ff66efd2479e51bc60562656e63686d61726b73
0100936e10cfcc52f117cf0ab73ef2b10b7400314d8635ce8e7b5640d6a275e056b9eba4dd75eaba66cba4a047272bcf424965cf70a43afab1bb3b36c03dfbf9c394d4f6887feaa0a0a14a1cd7165cb8423afc6ec60bc318e2c0f0d908404040404000000003e844490f019f6510dcecf499bfac53e2929f76cd7513e291197858ea447f3889d01aab0e58128235c0bac9d3048e35d862e1a2e0bb558a670e45c0c9cf8165cd0462656e63686d61726b73
010010dc19d62a3f22f9dba8d75296c22eb9008310e4455f6eb451f2651f681ad9600f627370ac1647e0e340bde594cb52e57202c8e4a6442f2f869d8aa4c03bcd8f863e28d79461ac8a5e4aa337bc799ca8ec6ec60bc318e2c0f0d908414141414100000003e8a222ec7a044812175ffdbfd7f70cee6f5758424dd73731255a6fe3f312eca62430609d558ef1313f78cc7bc78e5f7767d4bb72557858009811c672f8a04c7f0562656e63686d61726b73
0100fe3a1a64e624a19895cac9b394fe1dca00e794ad883523791fc34f7caed61d04b536470eac5b8f4ddc691aa45e17390e661d26432d5aa28a9d30c50f66678d28d3e6ef328e5ca575a9f905721a4d44d2d06ec60bc318e2c0f0d908424242424200000003e8fb3490e9df7a99871e0c78bb7cafa58d63fe165259d887252972ebce07357cc73be33d328513987ee289c8b45d88cf2436e87eaa4c3525cf1524298d2ac9dc0862656e63686d61726b73
010074ea7d57f7fb625e715bc72fd0ab0d5e00ee35f2765715d0bd6bfca42b1af9aef45c635723c1476b45aa351c845d129715490dd52f8b64c554c131503db0eba8643edfd406ffabf651e45164d973cc90dc6ec60bc318e2c0f0d908434343434300000003e8df3a97c27c90ddfd59d99f3dad564d09b08008dd02ea5d4ff412695caaf5ef0827d1aa0253dc2e96add29705189f858399c9805603bf2f7cc8bc851509e2810f62656e63686d61726b73
0100056cdb7895562560bee452bdc782ce6200699ec669ceab6473efd3df5ea2b28523168e5398ba7c2935ab7b8449909ab43b495d7c029f1eebd0bb6b2923c561c0d0800024f959edb7ce8236d78b811dc65b6ec60bc318e2c0f0d908444444444400000003e84f64e7ea9093572462430f9caf7c9b9ea09e2f4e6641dbc035b450c27df8369893a5addf753ceb9672ba627c03261e4a147f2bcc013f5c7a49860b77394e600162656e63686d61726b73
010006391cad33d4ee2d5ae4c2cfc3d15b0100bb41e302cc1f4e50d7d9bc755f1a63c3d6a9f45dabbf9f9723b60640ab39f36f1b1ed025f980f6a5fc68e937c5b50f57d8ba012394be63f06dc40c9e9a8c74066ec60bc318e2c0f0d908454545454500000003e851dd0b4d377a23486827e39ff5b5aeb1d52749dab5bcb8476fc60593ed628dc65114c73118ea1d80abececeb3682394ffa6dce126f8b4a833f2339274c35230062656e63686d61726b73
01007f886df7c93032031b215a586830ecf5002a0f6be7f7a5e2b3fd11dd24ae7c771bb9c76c7bb5dd228627a296cea1bfbd3ea8036a3c0bd1e59ae36140c0c6be88a5090de7bffc80d8610fce451386586ef96ec60bc318e2c0f0d908464646464600000003e82f01d73b33e966809f723629828b463f59a35bfb2d80835047b788b75377cdcccdbdab94f0e0f6978915b6cc9ed57ebd3e1150874fa153c3d1a9f1ae379adf0962656e63686d61726b73
0100b75f3513afc608c8a88e9e44c48992490063ce3fc4464e4bd2d2749b367f41303800c5780709c0e18208ab1df455b65b607a830db341de9bbbe91a4652b815cc4850f932ec67cccf666ab8f6309c22a6bf6ec60bc318e2c0f0d908474747474700000003e80984e74309dffd7f63257ed5ec99f6ad475946225843fad1cd7fc51ec3fe0b5c159f8b88d7509b2be49a71a49c6d7818e2b8bca433b06c6b2642bd33475d400262656e63686d61726b73
0100a776567ae7a01a535fa2f6e9f00ca97200bf4e92aca864880b496dd2396c157b9052e5f53315548d966568d79c30c26974160af14c59d14ea5be04f48186086581446334c97db71d9a814142bb1882e40e6ec60bc318e2c0f0d908484848484800000003e823a1a86a971c1a448b5ad96c2a5ebf4031dae2b7c7ded6bbc1174f6ae5efff4b7b624da95225adf25fc6cbc961d5744743e4586aab4aa2a6c4e7c7981b1bd70062656e63686d61726b73
0100488074788a47e7791bfc86a4af147d8a001f1e6a428ebcde39c1b0a694cbe940ca72b42a034285f18d9052a3ffab227578d108094a62c15c4fb042dce52dff6d6c15cd346ac1c5dadbf45b2dccfb6a96766ec60bc318e2c0f0d908494949494900000003e86882969aee202d8ef71d45adf0cca42b501847f36e8e15b650171430e28fafc7db8b2f2ad848cf2488aba909e5cc887eea33a26d288009cab7a8ac1419b9d60062656e63686d61726b73
0100d4e988b46631190b9fb4581b5365219300968e60d56298ac2e81960a89f43ba714b68d597b644bacf2645354d531bce640334624bccca87d166c5581cab38379fd8aa9946fe662ae518a6c478d4cb778ad6ec60bc318e2c0f0d9084a4a4a4a4a00000003e8ee9b3870a8fdeb31ff7a287caa2d9dfb2705985d63fa0dd3dadfa311383d6114555498249abd157c3ec2721d6db64a094f3db726028ef327cf29a20baeb4e00862656e63686d61726b73
01005823e42c4a2e0fc7e8444548f9cf27c400fc0609fcd81334498adee8b2827752a2655598ce2b9dc7196b93ffabc19d9659ea566021ef3ed00346eff4f2b9fe4a24c5fd705465e66fb581684945a215d1ce6ec60bc318e2c0f0d9084b4b4b4b4b00000003e806ec396f1260b1eabab3852eb8be968c8de6f312bb319c8ed462f1be55da6b4a40916dfddda6726c54df43b74226be649ebeb740faef809dc26645d46097c80062656e63686d61726b73
0100ebd6cf2acede7d8d1098e4e49c59502c0055fc73d28ea590eeed01c7565d14cf36331757351d34d738f44df502a0c8a3157be6fda984ce91a30eb42e1a1602f63431170919b6dde1f02cd1cb38646fabef6ec60bc318e2c0f0d9084c4c4c4c4c00000003e8350e452b101d69a9ad432f9a71077d245a235d629ad926f05b49af9c3e1d843f6409c1e27c5bffc4f530706bcb19147c7dabb35f6246d6e3928be9651665af0d62656e63686d61726b73
0100f6c79134a8378301f022e53613370dad00da3b5cc7f238961db3ac4578eb597ea3ee9f66d0dbe966e308e2b4b2a44edb57c04188ec33a5ca4bbeaff071e2fc38f906376e47ebeb8ed487b528c4f9867e206ec60bc318e2c0f0d9084d4d4d4d4d00000003e8ee32a6ebf7ac088e9d7915dc6489e54e7abbb96c342175f372fa34ca3f793ad5ccdf4de992cfe858d13ba5e083e69b4f43afda83508ccde765664c947b142a0b62656e63686d61726b73
0100a09bfea3938423c32c5b5a981819341900c5e2cc212494f3169ddb5d1e992aff4e07607b315ffb63d072c86761d6179a194aac772505ec7e548553227911a9c3278190ad2cf01b145fe3b097b64d5523fc6ec60bc318e2c0f0d9084e4e4e4e4e00000003e8e003c634483774292137667ac79723939a0e5d1559b7db6b063495aa084ae145410abea2313f1b277c508ca05f1e18ca3c01e4e222ddeaee07a22b667ec3d20a62656e63686d61726b73
0100e3ee9bd544031c7ac090d680e3b2fcdb009c35ffbf9618df31e2bbfb685810798e018130b26b86c11694cefc01f2de0822a2e06931dd797e7629bd0d38616d340910e2d5a0a599c6d887389a4921203bb26ec60bc318e2c0f0d9084f4f4f4f4f00000003e8e0689b868a1e2190926c35da5b069fa72b6eac6c19d3e45c622472d4ef84ad3b92602dc4e30586125dd24b1a9b26bf5ae557103072488e3dd8ca8cb266cb370162656e63686d61726b73
01002b19504a999e8054148cda295837f64b00e3a93b92aebeec48b7f3385c36072efab738806d8156b60531932a209103d615ddddf4bfa63209389b81d39a530ff341e23bf0d4d5f6f6e7a18ec3e4fa7dc08d6ec60bc318e2c0f0d908505050505000000003e82c1170ee6fc35ad6007635e92bf0055d6445c1ba0f5e3b6f1d4ae9805ae3f648e268a8280776e1683600a630aa847080f71de347fdc6562c8d19a07771daec0762656e63686d61726b73
0100d3fa11a58bdaa9e81963fca39c5079be004512918c214d9d9c1b1a0c3044328e6d5c62a6355730041deb7e39f2941324273c23a141dbcdbf26cfca4d622e9ab19bbab805930f62598b85d763489901cdde6ec60bc318e2c0f0d908515151515100000003e8c27de44b7131c4ae901941eed50cd29e8c3d2d0816982db4b415ee7f7b0269ad6473633e83e366eacd5f4635a5bb82b5f8e746e0c42bfe4a62297a4c78503f0762656e63686d61726b73
0100263d73c9443c4cacc54945bbfcea1bed00bdde3befb9a2395fa54c69b65fd2482677c717a31613447e296b49592f2cd54cf0c32f956579cbc1a62ff9f4d71a2f2e94fc1d0d9db436e9b80f6561bd25da336ec60bc318e2c0f0d908525252525200000003e89e812fe3a4b1753f98fa1d2ebc8cc289707e59697bc5e38c38ef8af34959a57213d0051a99dc095031b0ac1836f5422901e226f58726af23d9b765c02ea07a0262656e63686d61726b73
0100e138b5daf7d30ed569da8d19d9079d1c00d13222fcf9521b921c2fadbf9f9a2c6c9187cc4ad6a6e14e750bf0a8227fe92b8b6602c10bb610e13ba732f3753097dae81205b871c132b5b7c0b61bcb7136a36ec60bc318e2c0f0d908535353535300000003e8b7a50de2104dfc1e00740fa834f08c8616ef94d5217887119454c579a52f4bbdf49834502921a25520d33bf21e7946a73cbbb5c7a97841db0fd8dd08c7e4f60062656e63686d61726b73
0100689187436dcfc807fc520a664cfb3f5600f845991313b9d71810e34be915a11f519c790d63c27aa53317930065b9b92c65db1e1d0b7c590d712d4655df4ac343216f6e4321d004c0ef26aff5b72442ce756ec60bc318e2c0f0d908545454545400000003e82d90fc250587a50b2ca0e9034a9b1d938554b528bf4d3a5ac5ed28937387e7a01ea386192f539832c921e1aae850534dfed0992c9ddd3e60c55c5580811e300262656e63686d61726b73
0100a7758041ff42888a4e5648f8214051a5004b38522f8bbbd862585d602d4de84f96ab3a711b6fb602e902ee3d9e8bfef70af7e2cd580e66fe4bed3947431bed323b0f1e95e63f123ce70fab5f35300577806ec60bc318e2c0f0d908555555555500000003e855eeecc4ece567c50fbaecd95dc96d620003d3386080e1e4283301340faf38b7790e3570e19ce3ad3798a668a83ab100680c4869082d08cc06d3894ff110ab0c62656e63686d61726b73
0100e4574a22e9912548dc2fa16eb300eb9500def16e544aab2cae1776a180bbc6eaf23229e81b36ba86938460620991f1b6345eae8bef6a58c38aad6325946dd4319b2e0bbd59252f74a042d85a650515576f6ec60bc318e2c0f0d908565656565600000003e8483527c12f68848e8179c26ceab1c13738616ac5302b120998ab8fd6d8dc62041821ac3884408320af73910f085fec7d7bf682b374a7268246d996031645ba0b62656e63686d61726b73
0100df13944b312e7f91c648da47d500620000d527cbec41e23545880eded996838154cf8b59e4e857cb6ca8cdaa317d8edc1a662cbe44daf4116ccc9e48bc72a948b9054bdd2fe60eda0ab38e6e6e7d0c6f876ec60bc318e2c0f0d908575757575700000003e8146f07a7d8c49b99944e687f9968175b42ae498218b0870ebd2eff94391c54948b1e851fa4f729e3a9769b573891dcc1500841418378a62154a99364d068580d62656e63686d61726b73
01000e486ce8fdabb86e82402a54a91e75c100d154642147546f40568ca4358404b687fd114b9ebc1872000a9362821ce5750b6a1724ada6763fb6e4a32d91723a667e098c2affc8798efed9dd51fc23b6328e6ec60bc318e2c0f0d908585858585800000003e8187a146cb7a78d3345e1b096d645bc6a18307e6896f95c92fe98aa213424bb8b20febc5aac09da969a6c7f1f0ce8ef6509955814b0df88a2395e7c259a70960d62656e63686d61726b73
0100d7a588b3bd674080b27d42495ee1dc99008a29f041c24e0d4be9983eeb57f835c8a65dd9b17ea60e58d856171dae96d91e9f90bd9ba3b170b1ddffbf0233e25c612ce7bf54d5471f8f5e29c5d9d93c76626ec60bc318e2c0f0d908595959595900000003e88a9f394a2a1830d5b0356b92b09e4e4cdfb3ceb8eba0222445578ea91f3eed18711f290ed2d5258593c0f84a944fa4c14ac9dc199df5e5d6d508f9cd0e77af0762656e63686d61726b73
01002252ddbc45f23e980ab527b6ef4eb2120063ecd185b509660addee24479dc2235e46eb5a47d8b499525520661105eb83627f6c30183fb04b1f6fffdec082da590217a4d325616108a72c74cd8f2a2136536ec60bc318e2c0f0d9085a5a5a5a5a00000003e8056a59744193027be413b12671224f9c318f88cfc79bdd9b2467b931b09f15a63b8ad888f089a7785981d3b45f26a8850a1c7ee3c2b7b869b37539d8cc9b510462656e63686d61726b73
0100944e823800c728189cd81a11e09224b200092902fb4a9e0d9c1f5f10b6d5feeebcfabc435ff5b79e6c5f62b3f5cd0a3d423092b9c4125591bc4081908b65fe397e137c879b841a53d3b630fdbe6cdebfc46ec60bc318e2c0f0d9085b5b5b5b5b00000003e8cc9a1b464419661b580788c40e42399e738bd9d9466b5afebb10b3f4a143360c7fbb05558370765823a341b947af15d20781ca32548ea0b784d121c34215fa0062656e63686d61726b73
010009c571524faf5ed16a9c06106d3f56a1004198a0e0282d326fa2716331c73c655c2ae5599776aabd5f28306110414e026e5b43280e44ef087340a5c63307c9dcf8ee35611b674a11b8a0e3cefbd4f01c9b6ec60bc318e2c0f0d9085c5c5c5c5c00000003e868b5a0c25ee90f108e03928c66deb5c824d124ce842d5334b9cf862c092884f9b46f2ec20aa8c1e7eec5ea2e53f11e2474680f9c7e2d22b698161f5a93931c0c62656e63686d61726b73
01004c32a5ad794ebff147c36fa64ccd3922008892dc10ddec597d8d32b4fbc8b3499332075c0682a9486e182965b788b16d18a9bd1d9ebc9eefcbb6a96196b686a1e258d1b7c3a777dfe11a613a6344e638b56ec60bc318e2c0f0d9085d5d5d5d5d00000003e8ae80518816caf6ea1867a4c609b32e2508fbe84254a26ed1d1159b72f17cf734f0f8141bdced9092d00f4dfe9faba6b5f9a8bb1a765e8096cc2ddc9aaffe280d62656e63686d61726b73
0100c3d336098355055840efb6d96881492300040dda6eac6988536c111e28aa13601f69b3539c187bd5ba0abd2b7f7edb6500875267cbb7e9fdcb88ad0abdc7e360b37d8b2434eddcd29b15e613c6c79825466ec60bc318e2c0f0d9085e5e5e5e5e00000003e85a40156eb62944304df074d94b98ea481188423e287160f8a60033cfc4de67829ff8ad209d826ee57d6202e31118fbdec5ce45c39897bc5c50c6a49efed4550362656e63686d61726b73
01001829e8b04c8100677ac7de67d4f3a15b00454a349b39e45da5394b0661066a99f983cfddfbf5d7c6ee62d334a2f79d601a1f68507a4032cae9b3b48e96b68d19b2eb9d138c78596a46b016c6b2f5f8345c6ec60bc318e2c0f0d9085f5f5f5f5f00000003e8d1fec1326b0d077c4b386ff1e44b804edde38b99f163a748efc9e56434d449a816543e1fbdba29432a5f336c4c36dc32c63abe877d9119febc04fd935f55e00162656e63686d61726b73
0100699bb8cea31d984da4f57f87d75cf30700d6458c9d4ec78c26b5df6e3898487faca936838780150331a3138a4702a510793a21914a76bb258b342eb5954b20ee8aa6267c3534cca8fea41b22c803d2a7bb6ec60bc318e2c0f0d908606060606000000003e80c2d29355a76e5ba88b43c004ba91bce28077c1c03989ecf3b423238ed76f24638d4055d0a22455809fcf7ea84b20899b685050917c491135c2899b881b2c30c62656e63686d61726b73
0100e5442e01b6ad8795ea81c4ca9beb936000bcf4abf3087fd18147a8c8ce338cf1b7ae53d2f2ff1a3a3968edd34a41665202b61b1e2f66e502c68266d38d4e6759273ba850693414e0ab4de222150c05601e6ec60bc318e2c0f0d908616161616100000003e83dcb182b90b658a69bcc18828fc62c335a8e3707d3db556b2514e3ed4c44b44265d3ee23ff936fd08f6d601f9711616a1962f3ba0af917223514c8c52035a90b62656e63686d61726b73
0100046fbb19752dd54685fad661bfc623c8007455b0f035ffb16270eb8db69cd27d055fb2273191c775d9a87d9e434aeae54092170da8d5eaaa35ac26a0f8d3ed9dc56c120f31637e766353c2b66157282f156ec60bc318e2c0f0d908626262626200000003e8a34cf2b6b55437fb698d778d4bc784a60873e62c66bb8dfddf6efe781bba7a76b4c56575458ab2e0bb8e07315ba650a111aa57dacbd9081a0922f63c9c139a0762656e63686d61726b73
0100b845f0d19bedbbf85ca655f5fb78536e00a269908f9289a1e1d12e16c7c80d91ccd5c1789fd7cf8a75bc952ca33673857c2c2eecce99a2e71d1c94fb85bdbcb89b90a72004cda29a64952ca919aac788786ec60bc318e2c0f0d908636363636300000003e8bc5e7e110739ed69ac89a79ce6d2a090a832a7b5de60bdcca420858a82c1112313c9369b97f1b3e812ef17bb81ed40c55eb487f687dde9c46df58b4e91a39a0662656e63686d61726b73
0100cbcb97b0b91901aedab744704ccabe55008aa1c036c3ef283d195f7393ef60a6a05dfc147e1d45761de201853449619a28c2cc5ea0e4341485c6738c312ea7c80ae1b2bbfb3052857812ac86f09f230a776ec60bc318e2c0f0d908646464646400000003e829b4bdcfc4e2d48f70f77c97e29595fede7da06bca9ebadde7fac58cf35def7a3251ddf0cf8dd532926decfa0521b0e2d5f1e0da77881bd4e460e2741f1b1b0462656e63686d61726b73
0100dd82ea5296cd296d3f7bdaef6fdb6c0300e87cf5c38ced230266cfa3c644c9626965852374e09cdc19e5f5410527c47361eb0195f44ff2d228e6f1c81f7c03f69c4d20924dbab35485723a6762f5ca28c06ec60bc318e2c0f0d908656565656500000003e8b5bae3bda21fc4a66395b99ffc45b30a7ccf2e62e056ddf8b4a72ddbc9975c482e87dab8e82a2e85d878cf8b1dfc9da62436cc666204cdc694b080228cfc2c0b62656e63686d61726b73
0100c041f3a51e78bb402b46929fa4885dd2001785a397e7f157ed584ebfe66dac7c246f8a4f3ae3bb6ed7445192983daa7e6d592f1eba37873c1d91c4a18a2acc4aa3ea1984fbd0d808cdd275a4f6cfb829d96ec60bc318e2c0f0d908666666666600000003e8100aaa855fc49427ba8f77f3a9c93a93087b3b54fa13c55aabbc18dc95b2fde9f95bb409e42d08f47ac41f86b255d7a27c67c0c0d4cb2ab0ea830f7a04ac7d0662656e63686d61726b73
010043beb87960487af045bf7f6125b9e8fd00e059f941b798f30f7ea959b76490d5d41fc256b44f31b3e9121108bcd44ff45671c89bd9426b5b99b79e6a5432523d8b2bb2e0af9fde08e877df25cc03033b026ec60bc318e2c0f0d908676767676700000003e834f62f29774ba0f0435bcba36eb81f3dc4a3f5c882535f942c9df0436e2d6ea3e2faf691b116a8082879a362124c3b531d1130800bfbcf10f15c746c96fe470f62656e63686d61726b73
0100e57ab4227b0b4c3d5c092b37c3bb05170094a780c29269c3ab98c7b478f5b6da0640cdc3e8cc0a89489003db88ae69cd0e0c06fe7145b568e25ed5b9aae59cc8baa2da2088d9203abe3d8504b0a6e64acd6ec60bc318e2c0f0d908686868686800000003e83e9cef8558ac55e9697667a1a8743a585205907bde48b5fbf44c64bfdbc731f05f9be2f33ced57eabaf6fb40794561d5fc9464c34127b1d384e46f4dafb6000962656e63686d61726b73
0100f3b37482ef2c64bafa65d226b10cab8d0050a7b576776afd13ec0578907d31325a90892feef92b163a9075f4c7f3b52863ad8c7ca19f56f69b5be8cd3b2929c4872ebf671d13440f6e885204ece933a9346ec60bc318e2c0f0d908696969696900000003e82a571d7aa58d15a40cb3488f6c25755ed0bce1eb18736016086ba88fe257d6663700bb161e12ee155e21b005b5e1c5b1046932ba0ba2389932d08b0d91ed090b62656e63686d61726b73
0100e5ab962b32327b324843921a7c1fa8e800b39a0fc13fbd62f27fbe7ac09159dc15d3a48280952c1ef6b99c0faff163be00c80370433254b86295f82fb1ca3ca3a91943117f5e18c7663dda9a937c0a31b16ec60bc318e2c0f0d9086a6a6a6a6a00000003e894fa7e2eed7ba32c275101acaeaee72e54a99b678fca210bdebffee7a562a7b3d41d40b7a8e99892ce4cfbdf86f952a224bcd9ce94703de3c0120982c12a880962656e63686d61726b73
01003123825c362b1e2f806b2fa3ad5d45180095bf451a099898047d8852ec471c77458a761c92863a698abe121d95107f625bd03399a08122bdcb269b2142003ba4b97ea6f1a4c356b13b998e1fc0bd32acac6ec60bc318e2c0f0d9086b6b6b6b6b00000003e8d9b005c92389d8935547b43de16d262b7fc607137af5c18d815215a6a8e59294bbcaed8fdc7124be58caa982b18fa9627ecd91ed2b2169bd379bd559d844260962656e63686d61726b73
0100a1e51b1cb8f88cdcc24b370725054d520024d48d7952075862ba117b4ccf67d627a9409431e2e87bf53560d3be94ff3e2c50c71d25c9db338e923ff2321eb4c5bed69be463e3e4b6969d7ca7e9e6ec98ee6ec60bc318e2c0f0d9086c6c6c6c6c00000003e88bb444811c3b3447d5ec328a4db9d9267ad41e5a57daa1f6e43a2073408b597ff98dac129e0ffb4458aea474f5a055592b82a274331d17714a691019cc4e3c0f62656e63686d61726b73
01008402e8db39f06d756255d19cc8403db400a42baece5e1437307f20a826f4f43d1a7a97e0ecb9e797fca620a8c16b32da4a63e0788d32b2a4f1967d336a413ae8ac162054702b79c41249bec21bd50509236ec60bc318e2c0f0d9086d6d6d6d6d00000003e8ad6ee90740d3188001f088e581aed79cdb1052d350beb37b91c0e592008318a9e9fba07a9f5cd9226656fb3a657c4814c6e2414088259b54823fdbf396b0c90b62656e63686d61726b73
0100645a50e12be72152498fec6e2000e7a200ea505dc896bcfe73793afea910427544c0b01c4eaba0d5617cb4eb471ffe4819f6a9083e1f7a813bef3657713d55bc1fcb504cb7736bf104c48361b5fc2c20116ec60bc318e2c0f0d9086e6e6e6e6e00000003e8a5c0f15138095595d67af1b9c7ed7fe411a21352f9478c14a75f3f7d70082fc1b91163dd8272d2ca798a8e0516c7062c637c7894fbb305307833cac72aca330562656e63686d61726b73
0100ec018b330c16ace4e57cab3038c8e3730008b7d97bb63604cd01d1e735956e0438327cb0149d94da7dd5115aa52727ea28d2afd1d1735f018aff919ff07ef1c7ce644a0b58b18ee40be87c44c52fcce2756ec60bc318e2c0f0d9086f6f6f6f6f00000003e86e9e4e69c4ac6938bd508a13aa972fa7154b6c70f595d97bb6a12dd377f77c1788d8258b81775dd67786d60ad2542434b982d2e7716fdca191e12f1d0c85a90862656e63686d61726b73
0100d9a2c8d40e002732815c0ca91b60a85100c9b770da8935892315eb9c14410ca8d4b7004d9e046f386d63e51a518475a62bc7fd4ce09b91cadc4e12737fc2536d81fd86d23ba5dcb1dc226fbd71d26d89136ec60bc318e2c0f0d908707070707000000003e8bb8fa7fb6d7a22ab706ba659229f6aa9b3c67a212393abd39ad2743a31c204590f48650cb456e5c4f4672aa8c14b3aac279cc2cb2338d8b2ee31058ef022d00662656e63686d61726b73
0100fbe415928e1b5197ab3f4a6c16eae6be006924b6077e5cee3cef21b2b669a558f5bf08c31df5cbd0680274505b1664964f35b49cebca59a082e5eb553707c1d57bdd47391cf6c206c615c45d5d24850ba66ec60bc318e2c0f0d908717171717100000003e8e310928184f9e72e4669be24cc4a03fc32963bede7999e50eefdfec12040e322fa0731cdf99df22e9d1a5e61d12bfb26f1d7c3ed4f92c1c06a1e791e6ababb0062656e63686d61726b73
0100ae92463992578b7535de2d5444f5d91300fdbe1f435b7d8cf6c6928f8434eb27f2195033b8ca5cecc881ada4b723a89414815f7bd06df7d751d54c52e43744cfd8ee9b4dc8d882ba25bfe2a77912004fba6ec60bc318e2c0f0d908727272727200000003e8d8a9a651e803336124699ff1b7f6e3e66a3b7e41ad41aba199f264ce61aadf21e0f40e71948e17d10204753fc9baa8a012a71c775c627f28008579be8815ae0f62656e63686d61726b73
0100e212caec8775966ecc3692c5c08095770097e59a21154fa524e5815a4fa681042ab3a06e00420f1b042b61448d21f3727ccb66b1a85aad3d0b5c3de8163b191e722d6025d8fe74cf5320c2354384e18e316ec60bc318e2c0f0d908737373737300000003e844e94f6ff8f624d95c0364ff38b5f008c0cf77244baab5eb11546242c272336ee93764d3997ca41b473bb22408d9f480906a6143cd8273af2ad1fde8d05fef0f62656e63686d61726b73
010017d6bfd1cca0364fdda372c9f6de80fe0006d337b0e2df59e23b5588d437506d58793b0132093149593ed40073e701dc6409938e7212590aff6496f625fa340b43e59c05bbeebc8c1339dd1508b0c95cb56ec60bc318e2c0f0d908747474747400000003e8b5abccb39130e523aec5b5d7e3d7703c065df895e43136f20147b11a7f6f0cd650eca89b130e344590931b07e70cdecde3d3569665e4227223070abc32464d0b62656e63686d61726b73
0100caf3e6a80d740da1be0500afc377506d00f35b46d71428a18485826dd23210802313b712aa7398319fbf40c0e87833c9129706401c1d104e1d46b6e1379d56d923ab16bb4b69ef81d3ee8989bb256f2a076ec60bc318e2c0f0d908757575757500000003e88d3b3af92e680f608970f52cf7828dc64765487bee5fff134da85af07329957c43f0a9a9b80b0595994bd53cdc5e637fabb9dbf72d046a478ff855328a5a990262656e63686d61726b73
01006126fdd75047869fc8196f1098c7ccef0000383f26a31d58c14e3c5aeb8f4ef2802959a1e174eda6c9657f71cf05833e2cda228b2af8754e6541e86da4598795141966b7b4ae19fae846e3b0f6bae17d396ec60bc318e2c0f0d908767676767600000003e8df06986f03f75618cf8f3032b0ee29acd6b8fce721e7986f453272a85f717e4adeb1c8cef1b8c4725fdb3bd5398d0ec127350b01fd9684290687b6fe501fd10162656e63686d61726b73
01007a32bd915129fe42f970b58051c45a90004f6d20cbb568819e625fcfa87559e2c2a7c3f98ce2e85638226b6cf5719db135f194567cfb70a5c7c8efc6180ce2df72c9bf82a3bd4bbce3b0e69e4877d950676ec60bc318e2c0f0d908777777777700000003e86fd27c156ee745043673226451e138df904cf35623a4b64ab9cbec584e30379be6401903ba362a5d198be3ef2089dc2f9380a5f57ec147d9b2197587e1ef640e62656e63686d61726b73
01003c886de96956040b298dc487b824a56c00fec191bd74fba21917c5e94952729f1a3c2f302fc7d319d0249705f1d52b9835dca651c959658e595fbe60cdd89620812ebf1825e267f0e7bef915b333731a986ec60bc318e2c0f0d908787878787800000003e816f13a95928bdf81cca32f325828a29bac7d1c447c8c50cda27bbbe45c59cf5dc014b4a4dbb463505e902b7fce33b301ffe2078a84fe6413d1798c2b28ba3f0362656e63686d61726b73
010036ec560ad7bd010f21852d4676cb1fd000d2d6fd78e2301f253210a2f147c899eaa02711a8f0a0bdd1ac153989a4938c598fd19e1bd7d475e46d4d4abb1c34329ed5d8d8bbed7fda401a007f64371d1ee76ec60bc318e2c0f0d908797979797900000003e8653a6c792361481927d1efa64a661e134c888c9e3b3040c35466cd6446e3d315005964b645cae1a9191ceece8ba9864d1dbc09b900c3ad4119b68d07ed839a0b62656e63686d61726b73
0100b218dbac38feb4be3f2aad84285bbaf400938a2d7220c16029bcf12e6836d2967f79286bbad17c181568adf7ee51ced454fc2c5684f1effdb89f9b1f2cca9f1b05d0c5b78ff5c6abbe352f626b34e764fe6ec60bc318e2c0f0d9087a7a7a7a7a00000003e89c4289daa8775b6b77dbc31c27dc0af790e4a153e22ac37b8aeac2757c26193375bebd9f6f06b5466ff3ecc0717d21dffac8e0136f1adc26222fa420b37ca10262656e63686d61726b73
0100c7c6ddd720e0980e8a5d363999d1fdc1009a8a974a785d43d5958eff38e239a77d7bbe6fb30428fda4086a6d40da621619d4f25442e6452c4bfe77843c353ce67739c716040746249f985d352bb9c9189e6ec60bc318e2c0f0d9087b7b7b7b7b00000003e8f1c2648bb3c62209fef5bec894ae64d2935c3c5ee42f5c174ad449b5f6d5fe2d43319a23ac23097d0430c5c2ca82f80c5e489e188bed8501b8c3636936a0a90d62656e63686d61726b73
0100d5e18d338c46c455cb5fc18c0efc975c000b5bf7323b528193bab634d399ca8eb16b73d6fe57a2f8f68ac011c42419f725040ae1189469331d61af5579fb35e7863b27285950fe2050d24d46cf4864dfb86ec60bc318e2c0f0d9087c7c7c7c7c00000003e8ec642fd47ad51d6b48f43ada0f83a96c41c1f4712bcc3877df6af21bdc1ffefaa0bd14c0830779c5430b567046b17951f5f7905a2ad3ef946d771bb012db700f62656e63686d61726b73
0100fcd9c2318739616dd23f73fdc033d14a00de40614f59db627cd28e36f1942890886377817058de9bc821854d66e213020db849444304386fc91bde65f7c64627e56afec4c47214d6ba2a35ce37977d3a756ec60bc318e2c0f0d9087d7d7d7d7d00000003e859b26480f0473a487b6815e509da420cf2d180b15ee61e29c950db6936c66d0660600b1638aa57aa31d0022b6f5221db2970792cb16e96c6d0b1acb0fc873e0262656e63686d61726b73
0100b26cb583909b3474fb0940d4210d876100287b791193c7e5673114d0498846b7a715e12cae8e8117c987fb05bab4e93e65ffcc0c15666120c0b8af0b00985a70a30c8a41d6b81efd8ca0e73cf237c248626ec60bc318e2c0f0d9087e7e7e7e7e00000003e8135dd8a5c1d85411b58429424b061c429e50abfd174dffab38f0e8194d286f3f91cf4b2f8241a4f480beafcfc33a697da5593fcde49ddfa11d1dd6b814ed5f0d62656e63686d61726b73
01008981fe5a160cddfea1dfcb2dd921ce3700d78355fb07711a2583d564d71c5972ee053edf7cbb75366c5f0dac71b2eba561574192de3ef3867fd8971e9f4aafb7c2600b83185521a5e1c106468b7e9fca7c6ec60bc318e2c0f0d9087f7f7f7f7f00000003e8bdc68ebd6fbcde718a5d07b490e7d8b077cd939d942b0ae232b9b4406a89a2ca50ae7f517ea79c1c49f00a05aee6a482fb3dd8e5f7c4305a73b11456d1c9b30362656e63686d61726b73
0100cce4b26a7f34b3f3eb6dcab1bffd15c6005b94552775a12cccd0cb3dad4c16d0e7f337d8405fad5a20a58ce0235842040ef239bc1a7a84a3f75dbb03011a043609caa3fb8b2fde5e018b475e365abbb2e16ec60bc318e2c0f0d908808080808000000003e888ecf471c1f091364e4c5ec328a830f460c71acfc9e955bfa365d53ca542786a954c660aef6c2dd69431fd28bcb6ba7597d7e24e63e4a1023fc52ee15a29e60262656e63686d61726b73
01006ad7f4d3221f4b34cc08e68a967e7a96003837848094c84f663c5ab90ab42394642dcbb92d09d2fcd679d729d93698d24b5a89eefd4b39ea9fce8d9acc1ee6adfa19a98f1b12e40a8c33838908ff4f078e6ec60bc318e2c0f0d908818181818100000003e84f749e12f58c52de387c7b8371deed5d795ebf4843b12edc6ca4cbd80f194451d4ff46d34352a52ea9e02c0081ba87baa332d76c4b0ed621f56fc69544e7780662656e63686d61726b73
01006bbbf7345f907a04eeb15f73cfeaf755002dbffcb2521079a1db3e18e4041c03877084a959c02a2daafd375d18aad60727f7d67c2efe42c83d926e40c992764e1e4d414339f3a219558ba78afbd3396ad86ec60bc318e2c0f0d908828282828200000003e8d371b7dcbad2e3aba54bfa95a5a28c34bf68b8a70ec60c118e04bb3891e9d2c001cf2bb3f232d0298b54e0d94446e2a3c0dcc08df1be8956a63d78b57292660f62656e63686d61726b73
0100d44b43b9f39ba658637b450fd71a7e71007112b5d55be1ac0e974d3d46da2acdbd5d582324c99955be90ea3d26734fd210f471469b37ecec282bca5150a663e15f7d7c0d8c158048efc9a845c4b9bd1d2b6ec60bc318e2c0f0d908838383838300000003e8faa0b3f544b10f2318f8782eeeac3598f813e12cef111aa1675f3bc64f6a6879a702b0bb3f7b6b45343568b0675524ca5de3c49d034ce06036e9bf24da13140462656e63686d61726b73
0100e4d115cb33478dcf546599cfb697a64400b15a3a3bc779f6a67e546d276091d297393f731ed693a93aaded8d0613fe387a72c92c7179ac39f0d36cba7d4aedbb7923e8e259a948cc0586009b6e6057f5e46ec60bc318e2c0f0d908848484848400000003e858612711e2ce77b9a7621411eddfe0301460b890e6ad0fdf3f506e7f73742e617bc4dcf4587e33d1564b7b91a38d8b4b63497b353177b5f5dd3f95fc0fd2e70062656e63686d61726b73
0100d68669d294bd3358f79d264c717b595100d927cd1715a2b5bd3bdd434fb0a2c0bdeef4a460382ce538e93a634685dec543eb9072751f8e12d07424a760eaf3f1d47fe945f62b7eb67204eaae06b83a7dbe6ec60bc318e2c0f0d908858585858500000003e8dbbb0b2fe2ece7b3aa842dacf16090950c1b401c37c8d3476e0c671ff0113f10e7a34e9312c8419a42d3c0e7eb3a9675e585d99d880c7c311b999b4bea531b0762656e63686d61726b73
01005b0ea762df2f01e9a0999543eaf51521007e9b080d31915c669f203d95432683ca1aad1cbf17430dab6b79fb2cd69e3d0323efb0b891e9be8de07301c2217520bf579aae5d295331b35583f2a0541ed57f6ec60bc318e2c0f0d908868686868600000003e877ee8e5289d0f74cfd900671cb7d4e6efa114f2c7fb80c19bdaf4ca2c0c3d9cfc3acae09bdf3c3a3c38636ccc12144a4d3794b633b4bd5b916ce2cad7b43700062656e63686d61726b73
0100678c7f1bdc3a06fdbd1a8cb2fa06209f001b2fc8c1eedc0d21196ce922bd8e50068d27c667b50dba01cfffd1f895764b1cc68e20774397a5ebc2e10ee5dd4a075e8398fc31941dba238f696375e8bc8df56ec60bc318e2c0f0d908878787878700000003e826987e8e48fa602f30cfd6ca33a3d5c887f86b4c86a31e05d4cdb1529186ed89681c2d105b32e9514e4692e365b32f3ce61b2e7cccdde03a58b3fe89ac85370162656e63686d61726b73
010088f91e85676171de67a279e657ffa6ff00878d615514d5d4a40e745511db43f295c63d08aa9dc6cc60e6ded26099903531515e121cc8f0643e89334815b25ba32441af7ed68485e26eb50e933368c73de66ec60bc318e2c0f0d908888888888800000003e8b95cd116b423b2bc6a5a21ed989339c586197bc11a43b8a29fab3ec9ba30e06df840cc5ea77bdc80567b68799a70867fd56aaeb8a75e01aaca2b105a5f1ed40b62656e63686d61726b73
0100976ef9c0d87f74a39db3f2e2310bffca00d8af8a2460646f0a901db030f8cec2dabd24fac9b025b6d6af3a475441d2224e2e6d3d2f27ce429a3219ed6a44fd15fa9c0d1fb36184aaa690e8a572c187b5f96ec60bc318e2c0f0d908898989898900000003e8495d44b4e049ba2a118b9cf75cfb2a360f23df2731a5dd6ef8d5e12e4e9a8e22d4e674a9d206bad466980c300e26953a774b353ddcbadcdf16121591fa64000c62656e63686d61726b73
0100e047f31cb6dc802e5b291589e738fef000aa02dcba7c02fac5d78b6658ba98046ad60a6da18dec0a2803109846d9a2ed6fcd50ee9e1a9812bcdafaf906aba903469c83329defd705497f5fd4c6f91e498d6ec60bc318e2c0f0d9088a8a8a8a8a00000003e831ca569b3a5373d8b566fe442e4f89897dba4f906bfb0bd4284024bb985399755e2d20fce02e2ff3dc41c024fafe69d57a98b2101e969b72c96706262f23340762656e63686d61726b73
0100954ff8ffe538129f46bceabaf573dfb900f2a9c15122138fbdacd1f20592adbbbb05b30576745584a9754e2e2e552ba678aca36c68c5efb846ae533b374ac24bfe18df073b792568391c12bf9448ae63366ec60bc318e2c0f0d9088b8b8b8b8b00000003e8a9b2a8eea06ea817020b31648e948747d8d71410460b6e4283339e77d5ee600e42028b2ba2caa369ed09a2b6a74fafb4aaef683c03a27efab233150b705b350962656e63686d61726b73
0100d80386d3ecea8d118aaa7845f35198870000c887011638305dcd5fcb22a58f4bbbe6d3fd83faa8cd5600636dbb9d54b43fc4aad2a9348ded3b69415d68202d067f78c86213bb591dd6e0f85cc3d3ebb2326ec60bc318e2c0f0d9088c8c8c8c8c00000003e83687dfa10e5ba71abaafd44c138d81111322305af177ec9232be5947d2b2b57013bdf806d252d694211be3ba6bd8f4e879361ad475a92210a41d1aa0688f0b0262656e63686d61726b73
01008d5372449050c84c1aaea8ea18c9925200948f768951f33aed2165d108030accbaf54cdbb9fe0e11fe013ebb84169bd5507dadbcbd36d2cba8fc4168c0f8f99ef2428f7feb165b199f265e6d5968e360bf6ec60bc318e2c0f0d9088d8d8d8d8d00000003e8dde63c971cf8fcc0e80bae241c6a9640b990786086499d31c3110eafd223ecb735a1893b5afce38292212b8cb39c011f00b5328d23d7a43402d47c8c6267630a62656e63686d61726b73
0100fec5bd578fc040ad57edd0ea44965eab00c6fb7a7eca9dfccdcf012b9b19dcf129e693efc01802e410b55b16f23a2346497df0f6fe0cb9a808ab264f17b803556f43fc73a56825102289f49188a8c508356ec60bc318e2c0f0d9088e8e8e8e8e00000003e899e4a5ba5b02d884d5d210cfdda7c28a48664155401e182890e11eb0b5361236e2e48a4f0bf0000ca820909416706c54826255969d2d37e04e7fdf3edacd990462656e63686d61726b73
010094e2cad2466570772a3606e4bb682cea009e3e9f5ec3970d0a083206094bcb0555286ce152d7c8940adaf5fa3a1843f27077db2ba7c2c291fdf1197e880ef92a0bcb1a93c9673e4e47bf2da1a67709401d6ec60bc318e2c0f0d9088f8f8f8f8f00000003e86053e55b5c40ef351b62fbc220ccef6e5b5917a2887d9e6ffe851a5525a52d9200227830d2bdb66c2c464b59d7a770844adeb16a2133c1f11bc8808d497b3f0562656e63686d61726b73
0100525cbc398e55a295270cdb3ff8926002006710a09cf6ddb15f2bacffebaafdffcede8d305ac8a43830ef8a3810d8939819ac6d8bb3e65704c8357bc5270591ab2e643ba47963115ec4fa6da508f627a0956ec60bc318e2c0f0d908909090909000000003e8b478224b6054a1f2321a954845c3cb23039d8928807c1e77558d9d8214a19b2bef48979b2b2474c519ddc38af2055b6afc890de9ee63d6ed298ae69d3715b30862656e63686d61726b73
01005010003a57f39b4479eaaa71b37b7d280099b28346065864d1c1c9f8d2ef3418cedd0c9f5ee67a74088db0d14e64b1c55019cde9a6e7ea4d379d62124db4b116622dbdb2b945a7e17fab6f7c755ad636dc6ec60bc318e2c0f0d908919191919100000003e8c108dafb13b3d03df9ce8bd0604ed4d0741b1bab8879a444537d7c3771cb3110e47bded079677c16d90e0af01b6a081c994598d98eacdb8744cc9b5c0f504f0462656e63686d61726b73
01006012f9f9c5d3a1f5a016aee5db6e629500701d28a3be45b446002515fdf69edc5fd62712d324a077671fea21da89dc9a652fc0c396df3ea687ecf1e649fb02d0859d86a0e5297bd393b1abb0f2f9616b686ec60bc318e2c0f0d908929292929200000003e832d7ff9de379720bf3182259949d95af29dea64208ba8865eaea44634f032cbd05933ccbc21292bf051f8827c916cecaf0f1bf62fa1df76fc8377b8d6ca5710762656e63686d61726b73
010063dd623d7f6ce0ec4e9fe4fd1b67681c003f339927b3d216677e37cfaf074d7cab2cb9a00316a18a1ab377519bc04fa74f55b3bd767f7d3b513d1d552509248ad80fdabbac8c211c8804c078ee8a5fa5d36ec60bc318e2c0f0d908939393939300000003e80cda3ceda229232042ae3e1e3bcb62df2565ee2a41b1f350564c60931f7f276b7f0062f9f964fe518260032766dc03eed9f73a4715ca65290c0c527c4b5fd00d62656e63686d61726b73
010042381191bdc8a77c400e932cc147431100e0b3eb9139e6319798f9daa7f89df1f281421708a11e4ad9fda7bd2bf7e3070a0790388dd725edc5d8541b011d5bc294e27020900cdc7a0daf588069b7a9c2776ec60bc318e2c0f0d908949494949400000003e81dfc5d3aa0c38d98d835a65abb3eb536358eb83526f2a439b5fdde948183ed360a90f867209b310401c6d5ce1d68ad2b875e3fabb84c8b3d5c1de4da0695ff0762656e63686d61726b73
010064340b1363a8d96456859484cb67263700006ce0a69d7885da1d52fd82afbf08b154ea6bfd17b15228dd4290f788f28329c965988e8e7f2dc64e32e0a1534103c7f9707a70fcc15b6d4e295ee0ffe6a8d96ec60bc318e2c0f0d908959595959500000003e8b36a1989bf56cefe0d9a9815f40d3441ae184c17db02059a11e8c4b3231698b3393fc44e9f99277e7318abadd613e051417323ae7de667576b31d901d7b8610162656e63686d61726b73
01006f102e05f8f112004b10cf2d6c2a45240001c198b8d62be8faf2b73b9b4a0628f5f019b5a831aa8dfd53010b78c0830b477f36e56cd2d78acfe5296d0da5227dbd70413d4aead436d6f565417b0e68d5656ec60bc318e2c0f0d908969696969600000003e898a58e660e50fb721940e55178504c2f7d3d9eb95cade5c7d92ca0ad2f2792ac507f1db6502fcfa4cc618a9508171a3b42bf5a608e5b9d584a4e3eab10961d0b62656e63686d61726b73
0100d7ab591e925c27d5f8eb1624e998b6d300fc8ca0dc67827a5b412e618d58e1cc1c087d7981055be415b3b403e1694dc04b88acd7ec5609d70b587554e991a18ded660e8fee0cfaa41d0caf232196ae4e006ec60bc318e2c0f0d908979797979700000003e8d42c65ee8d6458b253c426fb7232fae2fa7da0c3e3a11f4ed5ba05e63a9244e5c40143330cdc6f66b4a93dfbcc6042f974233c3d2c44268f99c842d926e6ff0c62656e63686d61726b73
0100578d8b296d49af44bba9c195b97c32f700a804ff05f2a61d53b5650bc199b5479cec40e51b7464e874a13e5302e265b62bf94fd81f961ed4d6b5ed359e85332222e5bf117664e7e4cc7ccf27b2b7277f706ec60bc318e2c0f0d908989898989800000003e8f174da81de9af216745be86ceb4535c1afd97b5e22d524ca7a9de7d7ab55bd8ce2c8bc72784e9bb97d06d45a91b1f062626531833ad326b9a29c6767122dbe0862656e63686d61726b73
0100584f2a486ebd208f4597aa2acbabdb9a00e6a0c30b43c38c77ca5b46c9aeaceebbc2d97249564b1f07dcd717bb765c3a14b42370691b3df0f159dd822736eafc0b17d59ec36f1097eb5338f8044cc0e75c6ec60bc318e2c0f0d908999999999900000003e84c07ddadf38cc6387ebc3c7aa7339171e9bbe6c3c8756a63234ae37bbbe487852c3a5d68daa7c5ac43174049ad947ae010eaf268c06a813513534c1abb9dc30962656e63686d61726b73
01007a958836a0498caca2f656ea0d2ed9d2006e9b3b5a3e3b0c38cda38a1ae0b1431b0497892942378ae9ec5c5cd56dc53f7bb2e39f381eab1c2fe85e7c0d0e7320638eff59c48469fb2f5127c10cf71377406ec60bc318e2c0f0d9089a9a9a9a9a00000003e838632ce959d59fa67dc8a3206ca78caaff5b80d41fb3a4a30fc971925e40723ddc3b6bd95277a5eb25364ee4c3775c75431592d2d2a189dab791cf867e18d30962656e63686d61726b73
0100cdde59a987bd5c07d217612611e8b6a000dcbe0667275d0bd82ab106f03c88ce14fc72c3df7dcdaf70103acd6d5020dd06fb884329483c58d87b64f589f614c6626a4eddeec34317adf6f8009d542b5aac6ec60bc318e2c0f0d9089b9b9b9b9b00000003e8efe7e7a4f1fb0c4c06d47ee8266b5c940bd2152c36a5986dfd6e5637da84906512e9fcf748d7d9345ae1b735cd0153671796f1a010730563c2164a4fa3344c0262656e63686d61726b73
0100bc8f4ac11be647c34a937f9fc7c6ef93008102859118ed62f545dfd33987bf16e96c3940b999f5dfbc94a024c36aebd223100d9401704f68a26c3a6289149b5bee6083066738e799dbb111e8bf28953f9d6ec60bc318e2c0f0d9089c9c9c9c9c00000003e891180ebf777ee14a7c88c97222859314fa1236baf3b7ab0b9fe0ea3875fe2084edacfdbf1eda685e4563a7a34ca245a1301b607e641c72fb5b4645202581180f62656e63686d61726b73
01002c36e56e4ae4812599ae103be6e964ad005c5f0a97509644706012e1b2fbdb1832f53ded8b5765ae561f94018b0c840b7444177cc091bbf3dd419eaef004661408f2a96afa05eeaf9270c47fad516954406ec60bc318e2c0f0d9089d9d9d9d9d00000003e878d9021f058da2165f4fa9d8cc35ef93a40adac103cbf8d99694af1d951fa40a2e9073cbd9b0fa53134d2e7c49102f7f2162f33633f9a8b1485b4e59e7caad0562656e63686d61726b73
01006f201ef81373ef1c86a280bf86a33cec00d26ffc5ce30386d531f4b4cdad28bff00df7f814a32d973f0e71ca70eaf81637957ebb62f2bdffcd3a9dd0f7243796c9af4e4efe11357a4039c672810026d2ae6ec60bc318e2c0f0d9089e9e9e9e9e00000003e847aca3de45789fce24557cc7ed5960ebf7365d7b6ee789eb72702dc92736889b263cc86ba5206b4651056098300fcff5fd4065fe3f638428348897611c1b3e0962656e63686d61726b73
0100dfaa0d9a244c11d61e82970883a036c100e8ebddc9977dd61d6996e0e26368afb3439526d8a00e11afe6e482d9eaaf1603d2c7fea8a21de1a9c7880626cac578ebf5c10e952b3d133a2c948f6b6ce893246ec60bc318e2c0f0d9089f9f9f9f9f00000003e8ed44e795ca8c0e8bd0068c61618a60b2db99ae5e74488cbce815bbef107966330c07a2eb87dc707345424fc0b75d2154a17fefbf69808d84771eb1f3b42a2d0d62656e63686d61726b73
01009e5029bc7f5066f337aa724a777384d2002ed3385a095139b96405abc2e35275e89d4968dbcff33ce8a30bed6846da92028dca26fdef4b392863c5a7ba6403be6101cb948b29b006702a0f6d90715d5a5c6ec60bc318e2c0f0d908a0a0a0a0a000000003e868912c2028676ab13715438acf2e28827a0b0801079da70f09bace7fff361c567fb4d50baef7c421bc269ed3502a83c5269d6708c85a9bd9c843448f2b9fde0a62656e63686d61726b73
01006c8f59b55aa1127b1331baee6c87b99e003536a52138c87fc11cd457faa4db71b7af42f80e0df9a3a4d3c45044cf7fa0030ec9e80970a138d5f5abd964aa4fb9572c7d631f60036c0ae62b8e775ad5e4bb6ec60bc318e2c0f0d908a1a1a1a1a100000003e852e3b9b9205e334b916b6034b24d56b54bf315f0d39ca1f3d2542e2443e6a267325836fe5e324e9ae83e793a3925ce019097707ea0d508f1a3bcf936d757430d62656e63686d61726b73
0100ea4f5e4489467cd6664a539cee90c4e500287b18ca1b77a650fe355eb9a94fb8ac9954a98b2916c26f6b63dd1116c2245fb69fdc3e5dde4e15679062b224b3f57801a97032c7458b86a3c25eb273e354ac6ec60bc318e2c0f0d908a2a2a2a2a200000003e8fb59d4a97f31e3f2764ae890e1211b20b3a74c79f4cb9988a953f46072f95bc0a54cbc91e809790b7c657470ac1db825f9141fbc9d0cc81ebd62f32fd2bd270c62656e63686d61726b73
01005c8efa1d44fb82f280dceb4675a146c50049631848e5c8fcf9b02b88014081eb8b699327513ff59b065eeb52853d09ec7375e589f2d995a9c4f42fd8c6450904004cf26833ab1e6bc9051a66a99aff1f646ec60bc318e2c0f0d908a3a3a3a3a300000003e85f4d47a953e29f866d74c17b5191c485a6ec865ec4d475f6d89addde06310868663e7e4be29bc9bd54f04fe930726f5b9f62dc4035c47fdf3e7436eec36b930862656e63686d61726b73
0100afc33144d746d62404a0924b34b19bbb003d1a1993051d387436e655a7827e4fe997303a6afd9ec84187f9275fca6d1233d3b99380ed61097e01bee845de4c24dc49b7ce6be1d2a3b1b3d6a17452918ce56ec60bc318e2c0f0d908a4a4a4a4a400000003e82ed717cb012f2f0776d822de71c3fbf6d712ec6239ccce5128a7c56debfa54a0188f2b92baa4e10b2a9b773673bd0a6f649582f5b860359b77234b1b0f7b950062656e63686d61726b73
010067fc91f1b2969545870fa36ed00afc70009b8b95bb9fb47f95ef0c2b36b5721c581a992b90f1f5bcae2f71d9853db67c3c9f9aa0ed28b4a98b3c38218d875330db59cd878cbf12ae4ea7e922561c22670b6ec60bc318e2c0f0d908a5a5a5a5a500000003e80ad9953e78cdb9015b9a12b2249a571329149d0a8eabf1ab08e88ff60afe89f87b43c2e7fd8155780fd2cfa13051300932e2f823f794140d02c0cba720550c0462656e63686d61726b73
0100a092c8b5276a303a5d5c8b9f167a8f89007f67f57e1ad9770952e9adf93375647c1120a4c6329b35e5e67437b082480153421f0e27989ad2b625e83a56030c038ff0c96daa2a10d0d50ed676785c06cdfe6ec60bc318e2c0f0d908a6a6a6a6a600000003e8f9a41d6cd36995d652a5c8122469a7e7079ca371815e3a70ccf0cc150736378c57474d090028eace7952ff04f4bb13f004103e014b348075c7b5f953dfa0730762656e63686d61726b73
0100a87398a45e6bdec5629ef9f0b62865a4006322fcd376b44f9ad0eb3cc3376bbf163ab063095066950b237da366225222371d37623afeee8633df67c19118ebf320ed467a3d9287379cc3e0c54c4503f0206ec60bc318e2c0f0d908a7a7a7a7a700000003e814cc5eb10b20a0919516900746be9d50af01dbd3f0728feab127f9484f37f3b7eaff39f1f4af4c84b3b5c9cdc067117e978f098774a769664f107a87e428b50862656e63686d61726b73
0100705530246f6b594fe7e0a930730a7d9800182c04ad60e74b6a281c4ce427993ecb09a5004956ba824930e9745d6aa4cd08aa2b5ef603f75184621a4a0e9c2ef48c66711a26901604ccbe84c2aa510be5516ec60bc318e2c0f0d908a8a8a8a8a800000003e88fc02f89d7fbb8840eb3b277a70e06a585a4238564acdcd923fa2227acea297b8c58fed68c7152629d952d35aa765b9439e4539640e6386950e3f13c0ca28f0a62656e63686d61726b73
0100cf3a80f3c860f46aeb83189bcf142f5800706c6cfd345c9faa7e4ab56e8365b74c3ffef924318a1c65782ce8defbd67b0d26e351da99fe0f809ee0d713ae3013adfcca6ad3dc28a9b0b25f1d9604a8320f6ec60bc318e2c0f0d908a9a9a9a9a900000003e81502f568b4525861de8d97a688bb4db38fd8edc044595db630de8d9c9ae746870d4184e80d07b2caf49a2e49c48a7bbff2ac773f730931058397e70e7ed1cb0262656e63686d61726b73
01005cc4223a95866812ad193b46278743a600828770c91f88759d20199f6f022ebf8a080eed47abb6482f89b13d049b722644e705f35b24e444eba9a73bad289e86b9093d1bb8d02377777b84108607611d416ec60bc318e2c0f0d908aaaaaaaaaa00000003e82b8d55132fb8f71a74af78386f35ce2d60ed643dfed73ba56a79542dce97a0149ee91b015de72ea9613f4173bef1c3048cbdac8e884b9906140dd35463b44e0162656e63686d61726b73
01002a7beff48b798c32893bce56534a9c47003b20ff7d51b213d63b9c8cfff4a66bf5f16592ca4608e6bf841c635eb966b8587155817a1570bbdd25f91efb3b96fbd0e6c833e57c35d0479a34ddc2058d4f626ec60bc318e2c0f0d908ababababab00000003e80dc6d567e5f6d6da890ea2a217950b3a84eaa137bd3b321e2e2b9ae650930cf5736d7c0f6577f5d5fa71ef1c0a65b8aad4451a0a62c48b199d2c6e0ab732db0362656e63686d61726b73
01003dec8bae4b2553ec1ad5a9bdc76ae7b600a6fc5d0111fb884cc989f90432dfd2bd1af109657ddecbfd87ff3383c8c51168e40c02a35a2537f4470891a8f4ef141d39e89e706673adeeeede3a053a2e25c86ec60bc318e2c0f0d908acacacacac00000003e86921d63a9d2cc347968200ece2811d6c9bcd7c51a0faf2573725d6464ee69ddc90b5a245be823eaf190548b83ec662f0b304a4c867e68606ecebce907e52ab0f62656e63686d61726b73
0100ba452067efcc106db19bb4ff434e0f310098d694401a569d069cfc56ef326487291bb9dc271b5c83db2c44e2ca231c5f7211b3432f92d99cbe4780273c42e1d041515af42c3344aa7d3bdc980e473c02f46ec60bc318e2c0f0d908adadadadad00000003e8760ac7f90938e035d7bf9897d47c2fa916b5e72f8247f8a1187dabe2310afa3a19a9463fd14820a7b7ac710de19a53075729021c327b558c833406449d8e6a0a62656e63686d61726b73
010069004350265e5a4894dedc5993a552130006a79215847b13bcc162b8c21e06ed23d3f34466984ae65d8aa3662bb9b50148c06bcd906460771ff1772696741cad92662b4b00c95752afee66427260500f436ec60bc318e2c0f0d908aeaeaeaeae00000003e8645959af16a12d3d53e5de2b9eb0360f26ca2ab20e5a7b6108e6fe82f4338f29763113ea4d90b0ffab62a4109c67c16cf9e3ecf3f4977e69a5704666107d6d0662656e63686d61726b73
0100dcf288a0c46ce1fd774c3a4efe1168be00456652f1e4ee69bc1627b33aebd348faa8331ea191d769f16e462950ee2fe35791e7d6523e87653f0f7b7ce618a90f3dedaa18274be0e37e56b14214073e87bd6ec60bc318e2c0f0d908afafafafaf00000003e8bd63b312adc669a3135f360ac74e1b7851f2413daf0736b7953fce06dc1cf867ff437c5ffcdbc09d95fdcacebf046c044b0cab205d8e4e287c6dfc0ee106ad0962656e63686d61726b73
010054b09b824cb825ebd7abad0efc79986c0073d2e7f08f350deb1a3f943470fc467b617fa98bb7576adaecc2ead90e6a176100b1f78c051d26ab6b611669d8aab5503de328c63ccb5b142a68b53c67e236386ec60bc318e2c0f0d908b0b0b0b0b000000003e8934f665ea362c410d1319ca7c555c151e2852f724058e8f48f0965346975c588372239ed3a191f5a05c4ed818368eb24d087a548f46afc60176c8a59f639480d62656e63686d61726b73
01008116324c67f6c408674e4f872961d65000d7387be2fc41b4b0335710d491d445c4341ed579aafeb014ec99281ae7ed967563854df1eb67d6c1f14fbd7c32f92fe499a0b4efb52f9706c98c709beb2e2ef36ec60bc318e2c0f0d908b1b1b1b1b100000003e8f79b34d563a6a12c6ae3dc2734f33bbb6d8081846347eee09c888c955fdcba3c748db03a339b447cd7ca95dd4860d9cb064b3e3b6835eda5c8e4cb1d1297480062656e63686d61726b73
0100759550f150d1c03c2fda906f97a4fa0700b7eb3ae96684853a46ccf44e8febeb45c78443ba6c69654aa5795949200a3104ae68265f48e6bc118b4ffa714a9833839557b6fb5fc8d67454b3b937c6b0055a6ec60bc318e2c0f0d908b2b2b2b2b200000003e82c725debbdfb0c5867c4d93320385e27433ae058e9d9646d52d8e8000a6b0d8cf23e32da254ae2af15a1b03ece0915c57e0904017e7d67cf0f3fe3e37d56c70f62656e63686d61726b73
01004a2f052fa9e0f131e8450507791c66e0006d881e8af3741f7418ab33387c0f45f30a0418232796a20638faf2ddd3f2181db85941172d932d221ec487be02c61e134f2d40e9b105901ab6ebbed75bcfdbf76ec60bc318e2c0f0d908b3b3b3b3b300000003e8389a8a607c8258a9da6d92b45603b3c7695f41391a5d42f5be6ba49f975d5460ed6962be719dd2cd7f4912d8fc2c3746cf055b3e02a2f3b73135b9d60dbfd40962656e63686d61726b73
0100758b574ef741b986d6c24d766c0f0ea9005815b1db95856fbcd1ce4950e813bc78fdaba077961843076dbf0e30851eef1365d1daa2987dd2d456644b40fdb45c31fcaf698b3d20a94e895e8862dd0565976ec60bc318e2c0f0d908b4b4b4b4b400000003e8cc6943c508743d927073d94ce619a7f3393e6faecca339b40aa1d34acf861c7f418e4b5c5cd771168b1b6fb04dbcca54300f6c6233b5a41318f2a3f033abd60462656e63686d61726b73
0100d118c1cc19d852c8b674d87468d0521900a84f2cc4f2670612cad61fbe0270bd049b0eb30d4d43dd6dd90c74cf022a5601b21aacc9c0c7a91a359c460141c17f19e301d789aec3dc4eaae7507674b97ac16ec60bc318e2c0f0d908b5b5b5b5b500000003e8b6e0a9d546508b98c274e3b4abc3c9747c235cdcea4c96033fa54772876a1c0fb8a8ac220e1937ba1d0687f4d2e4a208454412354265cf6dc26b919c89ddbd0d62656e63686d61726b73
0100184d85cbc21be4ae195ee090a134cb1500755711b163486cda186e302d43f4cc46bc882f930195096c19335268c9dc1a34dda590eecc378d7657a81c82fb7446340c21126ce7f9980e1e128d151e04c70b6ec60bc318e2c0f0d908b6b6b6b6b600000003e829569c2c3906cd467d239046a23706fe0a7be082d50082c3735df2ff6991f95dc332d1517dc935cf7d3c5a6d579994ff5f1bf8c6a49f4adf33750e432428cb0862656e63686d61726b73
0100dd77910d8f669dcf27dde1b2c83e365000b24bf756cce9b03ad333afa6e2ff8e375281a72cf3a907621603184f6f048712d59c25a256ed7d253cc4367a98c0d3decd0a0845e896e00c07ec6c5c92148f3a6ec60bc318e2c0f0d908b7b7b7b7b700000003e880d5264457e21fc84eb510116bf10bec7d3eacba335364583c6379e3e428bdef27f4d8fd32a411a503c16df8e1893a626f9dd3fa523903860f61e26f6aa0ab0f62656e63686d61726b73
010019adf8d9176669b66e17180f7c8d755a00712fd2fcbb645b7f391736542cb566e91bb446c3847852bfefebe476b6cc43070109b9400be6d20eaa62cc66b466d029d71434faa473af427044b8c76c6c93106ec60bc318e2c0f0d908b8b8b8b8b800000003e83bbe1178cc10ced5e1b3b230c14a5b83e973056a147426342c837b86eb8b3ac4a546fc6ee99a81f70e7449009f6f8c40cc20e639e0c660c19171762a8ab8b60562656e63686d61726b73
01001e3e06afcf32b98e8bbcaafe362c11dd0038948201a3037632ca3ad39044f69c3c9a93a905c0605b39bbd4c644d57fbe31512cfaf1ad480d5d4742296c8945976d0aa355a9acf07baf59086ca45e4a87566ec60bc318e2c0f0d908b9b9b9b9b900000003e8d62936645f7044f36f9179ed8701f89ebb9bd6cc84b7ba816c621c09c30970124f49edd2dff2dc365d895634bf5eabbda4d4f74b65b016db12894de29567dd0e62656e63686d61726b73
01007dffee73ce6ac4068fd2a508eca0d0f40096cc6df314e3210dd765dde5db966347c33db8213cc27f474ba0fd31e32a8b318cb8b44b112d45340ea2c311d1fe17dfa35f092b18e946a43ef59bd22ebcbe4d6ec60bc318e2c0f0d908bababababa00000003e8e9680d2389f691c00fbb2b24efc6db93a5ad5a0c5898fe2dd088704cba99a2ab1d8e96e7a628fb1f58d44094220c3ba13f6f90285eaecf66edecefc217967c0462656e63686d61726b73
01009db59a1627975136ac7b9ec6a4c33d920057be94b41e1bc6f3f873358fa703c456cee4f8688a1f1946e1cb7b8c4004147125901e099e98bb5630e9bb37a83ed9233bd3c5f1c823b4badf2a0c2f27f4d4b96ec60bc318e2c0f0d908bbbbbbbbbb00000003e8f67f507e0116149f4036e5e853beb47c5a127e6ca913c1cddf7c30df0e2e3d14840e25cac9a3e79769af80223ee25e3ccaece9bde8b67cd00a0bd9fd6769280662656e63686d61726b73
010055e5ca197af85bcf5e6dbc139c01304600fdfb145a6bbb5419b5c8833e566a3aa621c6b478eed18aeb8228474ca9b62c0cef91aefcd38bc5382520f2f201f925cf3d87b8f8703b9c41610d1c8249cdf5826ec60bc318e2c0f0d908bcbcbcbcbc00000003e86a13fcf2b790e776dd8c99b854dde8c82eb384d121d75f464000d14135b6f6afc22c50d07c0359fdd42b8d2e513bef8cbe5040af0fbcfc2c4391d4477a42180562656e63686d61726b73
01001892c22e04c6c4fe554c07ecea62ce300056089d3b4eb7c60bdfaa19f5e187c30c00c4349bc826720c6e80e02cb0da1840a66b6bd415da9cc195c72466d5be7776926785066b13d12a46adc4b12291f7ec6ec60bc318e2c0f0d908bdbdbdbdbd00000003e829195b571b02439f994d11a471b056ad1d504502063f2c87fb736de07ef85b410df606ac793bb8c754385677ce0ccfa78fe3ec7b3fa19715b74fcf0a8ae1470362656e63686d61726b73
0100e37f15cddcf0c1ee7a02e496738ad4fd00b3c9d7c8d12692f3e15c30b721257e839aa3cb0885f25506f822130ebf7fd322b6b9a94d6507a20f528f68389eec21cf9474f2a169001a8dbba38278231ddc596ec60bc318e2c0f0d908bebebebebe00000003e838ce368f9938fe905a10fe19849c759b954bfb77fba1bcf43f7062f82d9247a95fbd05c6b930b958ec78c05d1de1dce48f61dfffd87754113b2c28fdbbb2b60462656e63686d61726b73
01008876841a80c41884856fb7c0b74b1fdd008027e96685760a55d6a311681a611b5748482a6491706ab685e4b349d9eb2d3c9d3b3c841e9ba8f72b6efcfeb6d11a991a5a929b556b5476a335ba40db13bd336ec60bc318e2c0f0d908bfbfbfbfbf00000003e89285dcdca8675d35859bedbda3975d1609482d7c6907b3f181f95a9247b2e76dabaeafabd13af65dbff5aa97f4b659de2dafa0852f7ce7ddcc3e55ab2d247a0e62656e63686d61726b73
0100900acc9ba7447d0a7a8e34ec7378453b00a91900404111c26cc659446349056c89d7f815999e40311b279825dcb090d5403ebfb160eb677bfd6e97fdc20c3a7e5915b5916258138bcbf04e35f0de20cbb06ec60bc318e2c0f0d908c0c0c0c0c000000003e8c13ebd79cbd41eab54b2273b5f4cb1a473594a4af89bc3ae5c829b0656ddfc33db496581ab6191477faa3f23a6a27e611a68b1f371633d1f7c73740b6b5c780562656e63686d61726b73
010026ac17eca41bc421289437c3014f64a30017017180359d769695ee72f122ba093166cda857758db49980dd7533de17113429f0367b5e7f43182aa4d42cbfb7cbd794c96d87fd3e2ae815630e41bddf4cd76ec60bc318e2c0f0d908c1c1c1c1c100000003e832718cc94391e8bf337f57e5bad7073fc03dcb840c349e3dd182f8fa95a78f5d871d639e4262b3b44ca345dfef6e8caa2d1d391a739c616c6117a42d812c870d62656e63686d61726b73
010013110205ced7a962d4681d409eaae54c0083b1dd57366dc8c25b4ede9ec224d652d8d2a632609ed0f35d5b2c161ab9ea5425430b45a66cc8429a631db392a2e78cd3d09dc734db0656456c76a448888a176ec60bc318e2c0f0d908c2c2c2c2c200000003e8807f79f8d5174d7553c401cf5b712030ee4a3c302c92891f231c361b5798b4ba58fffa696cc397df45fa0625b6f6e9ad55024d2f04aa4d70f1891e20c6da660a62656e63686d61726b73
0100eba2c8c94e745c9cd53ed864a88ee498004c054f1404bdfa2e8be7de36f3e33283c2f4c1bbd51fa405f02d45f443e6436e3d61e595baf4629ac902cd1c5ac78990833992254d1392f5a6570658f68dac5c6ec60bc318e2c0f0d908c3c3c3c3c300000003e826d1b91005395ba49720bff487268d511ea526925a702750381674b34439545a17c288ed408381317df4f09ca9a8a2c9c455b78c28366e6ff26d19f6e8b5fd0062656e63686d61726b73
01006838a3470606a18ff6ebd98f9fdb26930023133750397a5721986f5ebf8b68d0f83061a4996373593b14a3e34a8b123102ca17342d5d2af75f708a0895069946d761aab092c99efb02c00a06e5c71445796ec60bc318e2c0f0d908c4c4c4c4c400000003e8d51e91ba2fac5cc5ff74b40b43db5367818cdc3d7cea7a6d53b43cbda61cb5a1931dc7e569ae560e0e98206111708065e22eb5927b9c43ce546521e9dd2bd10a62656e63686d61726b73
01004671c60a10337f7ef176ba46badbea9800c9aea34672859e6b6620437976497b52640931c636884665136d479e483b5d5ecc7a9232ed9cbc8b022c02c310724c4102f42aaed1baf145a3a866fb138978746ec60bc318e2c0f0d908c5c5c5c5c500000003e87b2a62b0c01d5e07d8d0f8d0a08477d032b3ed7026ca694dfbdf499ef14c81137cc58ab84a983a372b94afb337d58c2afd8db30ffc87b4c693a4e02a5444210862656e63686d61726b73
0100211cb2c2cb36864a7228e3269738fdd90021a7e104d52945e8a9675f75c8e16e8192978fb5e6fa517b380b3e591d13254c7fd30e32d5331e388113cafda99a4f187abc2fe357a532e6a55c3cfccea854076ec60bc318e2c0f0d908c6c6c6c6c600000003e8e240b1abc0593f68173e965d3d4f2ab629608332d9c3765c7facd23bdc5fdcb4593bfac089978a547b103b4933e7b960701e30a906e3ffb9f77e4123cc1a540b62656e63686d61726b73
0100966f8f3bc3d12e96591be113ed3705720030fc7a95c3d946af275d98289710698ef3d4412404e1d51ad858222e19a12649d80bf9f5b838fed6e7a0d410b7cedca7acb0a495d191abf881aecd203ee623536ec60bc318e2c0f0d908c7c7c7c7c700000003e8643b4ef671ef3fdb06189388e1fa62eecc730f9ac69afd4b47480293ecdc25b95d9e7bb390681bea06dfdee874383bb7aabc499f27bf0226e926e44e7f7b9a0662656e63686d61726b73
01008b2dd4bf21e2817717baf804355d57a0005be4dd06eb7d08beec1ef30ebc7879adb34b551a619d029a3a9d33e031ebdf7dee5425f94f181c2e60bd62b8c0380f84dc64a7872beeb98c9a4ba224782887366ec60bc318e2c0f0d908c8c8c8c8c800000003e8f54ea8b6f85c568790be2560e8939fa4e765783f9fffd29cae8c4e9583637c43ef3cad2b5fb9eb212f40b3d133be300ec4b96e1cddeef2fc2d0f40fd5a35760f62656e63686d61726b73
0100f74325054c5c66b531057ae61015d0580010f7cb86f3548c96041a5191a5ec07b4f67a4c5065bb15458771da9b84e0bb7af9c64557816b62cd289376913beff8ce1b74844510f4462321e5d72adc179eb56ec60bc318e2c0f0d908c9c9c9c9c900000003e82edf0b7089b79b01a88fb91002f00d2ebf89fa661d52c432723639fcabc0e3b8be6b356303df80b35f8cfb79d22872d0e68bd0027840be9005b1d2965968910362656e63686d61726b73
0100e47c62d5682b72abbe893277d31228af001b75a0e50041f6f2101382784a5c0ea9c2321625e6d17710341724a8c8a3ff56e1fca381167a672f8021c81e09ada050a11baf40906b4f96ca5e4b8710481dde6ec60bc318e2c0f0d908cacacacaca00000003e8466b2e1ad9a66c0daf7e53c089fa463a6112d1b3adddad2d673ba5079ff591715735fb590ef25ba02af4907c123ac9e1d66060938fa02d6ed70926fd08f9ba0262656e63686d61726b73
0100c0cc5fc8b03bba4b742e2d980ab5c478006f3081da4a506d5570435b07091fca348f451510e57545b9c58237e0b9f2a77081584e5bc6ee0d439822a8fc55cc1da6ba7b0872f6def4579f1ff3fb260dcd096ec60bc318e2c0f0d908cbcbcbcbcb00000003e8c3af576491ec2d876b030566aa891d29ecdf42226deabd5aa5569126590101ecd3adfffd2de4024d8dbab0b149c7c26c0f88764daa7cba08e31de7093297140462656e63686d61726b73
0100d472179ae3469b7341acea59d1c05410008329d8cadf67bc9cf8fb7acd36e5309352e651eba6e35a7c7971f82533e94a5f9ecb9f5015d11e1963c40bacd2f37de7c3a5cbf674288ed8a40374464f57873b6ec60bc318e2c0f0d908cccccccccc00000003e8d22b20d2216eac2c4ae31e9dde10c4e65aa53a87098c0507b0c8bb86fa41557149cac47795d116e552bce347866d6eff3dbf66cc84926ecaf5f1125790bbcd0662656e63686d61726b73
01007a2de8b492320feb6f838109b2552d0e004f33887d7f4d0c9e801c0351ed67746cb35bd196bc66d382fdb1f3f02bf97e2ebb4164e9bef6abe2259a7d3f32b0eccb173c55ab3257da0e73eb6b3590a515786ec60bc318e2c0f0d908cdcdcdcdcd00000003e8779a9a2aff04edfb2bae5f6aed664c04d84c69b0e3ec65b9dd650a1d5542916b2e154f8925b6f3b269d973485da2e540b57ab53e11901da2803e1a310b697a0962656e63686d61726b73
0100fcc99ab1c759cfd34acb9d155e26650000ff263a2a3b7b845ab06727a41f7b720cd49f834b08791df84b7cbfd99099a776ed45778e0f332427fd129d26955cdb2d47bc560c08f4456af514739097a50bf96ec60bc318e2c0f0d908cecececece00000003e83db5c3915064dd6b7f361b5ce6204aa3f3aed19b3cf7cd5344d1b441f69a7555d2155a334e6f468c9f35f6fb300f0e688f4f88891f1fe41660c75c346854c00362656e63686d61726b73
0100e1f4f4e8788358f253da26fb9e05ddf1006730e68b1428eed5c0c1aea75504f16899f388fcfeff41c97aaf6ee3ca276e4e384a1ecdb27e6a243bcc25acadcadba06ab8d0e9820f9fb682c1b35dcba78e336ec60bc318e2c0f0d908cfcfcfcfcf00000003e8071cd2eb631ecff313f9f3d1de4a8881a4080f273c051b985e3fa6781cb9c5155b08c5615ce9ec5c287e26c47a37cf5969a6eea24e6a4e678ae69bccb523f70462656e63686d61726b73
0100ccd10dc3451184f7d56df0827c5ab483002e041acef5e749f916a4e08851149b16db51e7c40d738882126b243cc7cbfd05ffa6d874f56b6ce02c222eed6951ea3cb7631ccafe9a91bd62b966bd188a87466ec60bc318e2c0f0d908d0d0d0d0d000000003e821b06766aa9ef5baf7fb65bd936cdbbd0b57a26c338708924a462bfb5d0ae2f1e53df5f07a1193aa128ddf7bfae705eb26fa1c14f42c8dd2eafa31a6338a6e0f62656e63686d61726b73
0100eedad1a5500d15fea44888f4b45f8a4800b481498d4415fb345ddfbe77c99d03ef198a6614d4b2a21397de8e17ce153f59ac1b055f651a6926669d2a4db9769ab667df3c69dd36e7958a9df9c28ea604e96ec60bc318e2c0f0d908d1d1d1d1d100000003e814a01f399cbe51f288edfe7c5ba13a88205d8c4f92bf90ecee43986d71608afbd13c2c737a64958ee513054220e1e9401acdccc13009ea6576d3a7d9c75c9a0062656e63686d61726b73
0100d2047a6f968c431ea7457f75cd607389003062b6fab21c7d697ab64e261e3e024ac13f0c7b5c91be84121b4cfbd330702846bc05573b9f4c72594da2e7d02901a2be860399943e92451bf7e422c35d0b296ec60bc318e2c0f0d908d2d2d2d2d200000003e83d909928108a706d74aadeca2587547fe44b122df58bfda081595286b6d293322aabb6f739bd74012b9317489759b2204586ddb3cfcd208ee05b6e31fb0d430262656e63686d61726b73
010033c9e8e8fc4a827e9f7dedb188b58f72007715ad3a52e767b5d4703a5e54c2e25416f852cef8a45c919124b63a83090202fdc4ff243444c7f0e42cf301546e32df43a12a59fad7b721f662ace3702ce9726ec60bc318e2c0f0d908d3d3d3d3d300000003e8ea7584f9aa18c916359db6e992aa6b91da8f5205fcc74d99d7a397bb33f30b3ca0b0c65dbdbf4e05f0da56e4bc8b6eefee28882d512c79f8d3fdc765d30b370262656e63686d61726b73
010024463af719df5ad558092e98af81a29200627ec6d6224566be62da23703596c03b8f033e8dcb6be681ec1922867d67fa73684cd78ec3f71fa4dac78c85420348014bfd796839929b6c7c0664b91019dd846ec60bc318e2c0f0d908d4d4d4d4d400000003e80ee3aef05994ff97186212d4e2dd17a7b7f7c79aee76aa913f8b0fba14e305e40b8a90470b54a412dc2d54a6e84e9cfb42143163a53672686f2d4019ab256f0f62656e63686d61726b73
0100a9e48fd8bff44337a7ca904f4db6c179009318ea05d3ba7efc559293e239f44b97c0df0cf2dca9d8bb9f272c7255fa8c441e4a1204bfb252c4277379e6f7c0f70a352df3070656447b393ce42b88d515d36ec60bc318e2c0f0d908d5d5d5d5d500000003e8140bfb6d5fb12ced08290dffb049491dff1a6e2aff29bf3b5e92ea281d0096b4f4501e067c83c21456bb4021cca7bd67798f9b3572f4c939138f65e301a1340d62656e63686d61726b73
0100961e24110935a63e571dc7e34940ff2e00d2406b3e9563e4b9be7263160e35ea5cfb9a48c51c195e4f0c062a7a32635e7c4e20715a3eef9a39824e8d004f313118844fd69bf02a613bece8a463527cf0096ec60bc318e2c0f0d908d6d6d6d6d600000003e8e0d72523730da79107709029ecdb85e06263d7754d3cff5a3f69f407e20041d31782a32169a06e0a1a4c5a1b59d6c6cdcedfdaaf04eddeb3ffed353e27551d0962656e63686d61726b73
010052ea648e9e8c47326445f2875b1da631007b7155255220e6f76dd9377b8b939a2be9b4b11ecee63c1cfded06cf102ecc129280e32b02b613df2ec29e758d720dd10c7af1629bbbc8384885b49b4318410c6ec60bc318e2c0f0d908d7d7d7d7d700000003e8a7857725049471ea21be93f1513bb6ed08a596f3089a8028a7bc652a8af797a3a1e57f9a761d198ebf91bc322265b591683ebb780f1fbc79945db19b2ac0b20062656e63686d61726b73
0100653642e805ebf300000a376e526ae1c3009dc930963b33326614fdfe4f35a80e0e6b194e6593a59829a5f0bf49bf467355f1c0a59b9302395f2fe284539e358efefcb2d40b37901b3080052c8bc17ef1c76ec60bc318e2c0f0d908d8d8d8d8d800000003e8dddcce17faa9639d39561c0e62ee0c281a056971a370895b1568694b685494760ef8fe13fd5a8f3d8a1b4c7b4c16552f57af19332e34fca741bea395f991870362656e63686d61726b73
0100875dcbfad09599bf1f7a5895eded3a9d00b0550bb0f8a4fccfe998e6747d8e3519467f8069c2ca76d020a5d79ac8bf32451a728b2c6399ea735897a0e1ba6cdc1cc6b10d3dd27fbfd0ff8f5c0b637bbc4e6ec60bc318e2c0f0d908d9d9d9d9d900000003e874b69848006e22a39b0591f7bb0298028ea8d359c16a7ef32d34e54daabad7557075d6edb72d8c96bc1b0ac260130c6591135ff710fe3377833f88c3c6528c0f62656e63686d61726b73
0100e50cb6e7138fac3780a7fc1f3487c1e20009a2e6dd49b4be90e5a04e26fa605abbbb8325f22f222f45b0fc4251afe05c5b8a3531eff3548e68285920f0c8713e5df4d3e4d69d2f7ee3a4095613b15729bc6ec60bc318e2c0f0d908dadadadada00000003e87ce79bf6ef1a8262165a35b6ef10e785a73d22e545a2c8d3b56c1ca8bca1c7d28a6d90da23c7f524c8e35cccbc0c2dd1be565efdb3a6ad766a3d421ef673480c62656e63686d61726b73
01007b7cd0221af56dd6c46711f1003f712e007c7d0355df2a200184b3eaf02272f49caba5447d927ee06e635dbef3d939ef1adfd44eda93372a70065b8288c426ebcd960487a1b6acdc308650c119ed46ca9a6ec60bc318e2c0f0d908dbdbdbdbdb00000003e8b29f3f327d9a9dd823ccaa7480bfbdc0909a3afa903eb5afa625ca21be52baa362f9d390e907fe8bbc88b9e65274c364e0eb05b4718d5db2e86e39afbe4e330e62656e63686d61726b73
0100b56517a0c2596964249da49c37d9bfef00fd38278166b0a49b3b78f34c554a35d2952ae440644ecbb3e79e9e4e321d8629ce5f120380f1fbf9020b1b1bcd1ac433b5d4b891be70436e469a32ca8eb9067d6ec60bc318e2c0f0d908dcdcdcdcdc00000003e88eee7f3c16b344bf2dcc1f459ac28079741c0226e13abb504bd9daff02962b7afc34e28b4eaf88f4bb40171402d121c1fade91e1770f6b5002c585355341890f62656e63686d61726b73
0100efe28b69127c721c3b1ae1548d0ea7cd005377081c88cf1edcd880b326fffff3e61d2b311d40a8427402c16ece47fcde1164cfb45cbbe8bb61ed84eded7baeeb56f8110be2af6cf4b40f8eaff3ce364ec06ec60bc318e2c0f0d908dddddddddd00000003e8ef14dc9014725ea9351a124ba6ddc41449cd9c3a4a162b7938af848325b5b68c93445f8d5350cb835c72660064aebb0a3b73cbe26928cd31238a1ca461dacc0162656e63686d61726b73
010043b478923ff041fe1785f6ebf7ab056d003f1e4ded88c4238e935e96262fb220f9fcbc9ef9a546642e1e28c59eccb43c008851261b070e5a065e78111ba4bc7459534957a3316884c0de22454994fae1ee6ec60bc318e2c0f0d908dedededede00000003e885efe544fc7bfaf383d4bb766e5c56d6d8bbfc556eac0be3395aa7c086e4c05bb582e00984f1b3870480bbc5797f6a4b74f7310d700ad4c07a8a82b5ef77d90662656e63686d61726b73
010051685aff0718a458fc52b11e35bd632400562d58003ac673857bca49513b8cc0c4ebe31adabc84300664f4103876b26314914f91b81b697e4bd57aa83595f2f1c8830a05a2d65b37606786083357c12b476ec60bc318e2c0f0d908dfdfdfdfdf00000003e8e8428c7c94f5f88a0577f01a458b5374529cfb797ac474ade49f4f8ac7bf7507bdeb5b98fabad78b0c12bb80b0835e05c52657103708c0847b2af93e05895e0762656e63686d61726b73
010054a3c394682ee4caa26f9aad17f6f8b500d56342ba3c8292632fa368902049cf53ca45caa0bb12d0e9b7c78ddbf0f0f149232f1d7b3a746a9eac89786d5545175a8ee68a4fc1223a4b38fc9e81d8d2dd546ec60bc318e2c0f0d908e0e0e0e0e000000003e89fbb7573ee26a38f3ff797a934c3e4e6805181da5735ecb17af43a8ec1d992b4526e231ef285cee275d1d2f415c32fb5475a9bc58ac7ee3894e863c8a790440b62656e63686d61726b73
01007e85ea52a06621525c9f8d204dee23790091614aae511da81598ef4ebfd17b3d612c24bd4573376acdd37485b7530332326d8a47cd1836d6dcb5b7d169e2eea0022b2914e0eacfca2675c9ea428b4669916ec60bc318e2c0f0d908e1e1e1e1e100000003e8a3f2986241385f5f31c78879cc3646261cdc398468a4017de180be0da9cd6d37c8b95b4c6b71c141c077c76a01c772b6559c8938e6c3091cfda2db1ec9675d0d62656e63686d61726b73
0100d4290fdd907c91444cec09619ff0095000ed83398dc9118ace8a1b6e5c4518a0ab62d0604afd858f1bbc504dfb47cfb169c281341e7337151a640d62e0b51bd5a68e35c5f452554cb14904cb482121f7c16ec60bc318e2c0f0d908e2e2e2e2e200000003e845dd04c80dd963d2a483f001f0964f88703bc7aea2175e72449bce4af9c44171bf98a13d3aa55f487cf7e7ecbf6788fc5112cc23972ea10ac42eedb92d7fe00162656e63686d61726b73
010036f05164c9e7dd7b6b8cd6a8e3eef6e0003fa9fa534c53bc933884167f2f58e7b9a1366c52427737c00cb99feaf85de0006c5abe925b91a5d7c49af9d2345f87dd09a96549eafbe3bb5e526663849941506ec60bc318e2c0f0d908e3e3e3e3e300000003e887e1fde17f7123dcad5975be7d74adb922f024f6dd8c0b4c700e6db85794ee2a9b846ea3473512031860230247ac41380ba2d3527e8eb2d104d9dce7eb50000262656e63686d61726b73
010094161ad7c264aa5edbab0dd3ea44fff900835279a54340131750a39fce1a3a88e19cb481fe4665ed18e8e1a48fdec323552bf4c44423136757e76cde1c583e93341c554c271357bcffd5fac613473081486ec60bc318e2c0f0d908e4e4e4e4e400000003e8cf230ec6574f16c65a8b132d3149cf15db59de42ffdfbd0194a8458ddecb2aa44bd80d42914ca85f34fbcac6cc814e8dc4d08ef2e86184aa1bd82be972915e0c62656e63686d61726b73
0100f5ca457678769c5ba5697bc136a8a8aa0003326fb2470b6c81943fc5b5602c04703d2041e163aae2412aacc10d01a25a26bf12dbe15ec765f539aad610c08646677bf4921f2f91b08e98819ca01939bc456ec60bc318e2c0f0d908e5e5e5e5e500000003e8c74917cc77b068dea5d25bd7b4d095d9645e17c48482d9b4253450cb5694d0d8e4c405fb0826c39b3aabc7bef86fdf57db54ce3e569387750532d15c98e5f00862656e63686d61726b73
0100541750c86f26cc92130e3ad3344766b400e4f36b6c764385bce0dbc78b61773c8bc3e3b98e6cb48351ea78368374c181506c2e6caeb410cd09ca62b17feee655693ac5109636719fd205323bc0580a1baa6ec60bc318e2c0f0d908e6e6e6e6e600000003e8f1ea9324b677b12d44127d6024439f4710eeff175484ff02ea088c5868a90b65dbf86bb1184cdf6d9b98fcd287f0764bdb533a8bc4e6094593c240430c42070f62656e63686d61726b73
01004ea7a30086ca515ecbd500722e52489900838282c2c9ca2f1a2758a65fbc20577be82989d255da210e96c592152e26f1376ac7c62faa312c155faf28927274480356239edb82314c35448a695025ed4ee76ec60bc318e2c0f0d908e7e7e7e7e700000003e84dcf60609a684285f206f030710e30d2f7e8e6b73e2a8c7778f5cb397178b8b8fc11569491c1e8d5866899d770c9e669fa8a1247b684723b2adba0b76cb41c0962656e63686d61726b73
010096b6c5f5e19ac98cfd755665157b3cf80028b7668bc3d1430af79eddf4dcaa2f049aaca11227f20679cd1318c5e5a14073f26ffe3d46489a70d83e1e7e0a63b15882f44a058f5c0af7cf9299da0090fc356ec60bc318e2c0f0d908e8e8e8e8e800000003e850b9b3ab9cfe9e7d290398a58b274c45dfdcef42ec852c553f603bb3725e22e754f03eedf7e3914f2cc687396b9e77aeab59917eb15499eb80675372104eb60662656e63686d61726b73
0100e02ef4fa1b3fef09acb4be12d0af0be6009744089d95fd5188318f10eda39cb6153a1d0c7baadbeef65504c9b011fdb937c37af3b785d9fcec2ca2eb8304905c9359e6dfaaf4fca463e3d2bcfe5b44e31e6ec60bc318e2c0f0d908e9e9e9e9e900000003e80e19af111aae3fd7a899bf3f70f441d063733a171f9e81aa016d34796eff8b4359885abdebb73ceb699db59dde10de235d7b7c33e43504d553f0f954c432f00562656e63686d61726b73
010055507c30fda7f5fd1178863005d4bfd700e3555a0faa70b32b65aa7b87261caea9f06de32656e89d883e27dfe44425d37d4a5608c32b72506060e18335690d3204a2f1530b59fdbfc01ec13d8f2df3d45b6ec60bc318e2c0f0d908eaeaeaeaea00000003e8166b602d6f204fba3bcce1ac8714d80b19949627536d25b1b6085f324a8d3242f1ff0feaf3d08c339b68d941470e73c832b70decb630fd1810c254c4bc79010362656e63686d61726b73
01003e77b25df9a944f9bb6410de1aa7baa90082b3f59fb958aba4e24cd11739953b66017ec486ddffc5a151d1617119c2c8198f48914956efdf794216dc22b00f36147f6b9787d56f1523e832860c539deeb66ec60bc318e2c0f0d908ebebebebeb00000003e8299fa84c1f5440e15ec91c2a2877ac3d890acaf32ba95ad1dbaef8b3d507d1cfef18e60beb411dc39fd9235e3e1dfc34392085b69ae0b20c5afee81d9e78c00d62656e63686d61726b73
01005bfbcf05cc2ac08a9f422214d59ff413006c724073a0eaa7ca687d7f2fdf78ac81d8b70f34841bf11d4eaedab0cdb14a0fbb03d1a9c7c29a13a3d15e2d61116d3bee0aa65f21b0abfb5ffb6375fa55603a6ec60bc318e2c0f0d908ececececec00000003e8e35351dfc1ab0e8b3375d632ebd28868ef0b03c56c04004ac8756c7637f64bfe9fdacb13967ee6f5b9eb149c0b893422de2e6042aa306f30b7a967e0a831480062656e63686d61726b73
01008549002a227b1a9d5d68c5087e77ebf20045cc35196877d49c5307db04a15ca530e70918fc6017cafb9836e2ad99dded787e658525cff3d3fa51e1fb4b16dee6078665f559747f2693ad3cdf4fa73816c66ec60bc318e2c0f0d908ededededed00000003e82a64526ea8ad81546b43fde26bc95c488925ca73cf0740305259cd4c1b2bbdb94383507f9b2d433a1fd02750be04994f1cbee28b9e236ae3c829f092bd17c70962656e63686d61726b73
010064253b8a0c992d9b62ed9f1ef352d96d00a7e1d6167f1c8fb99862a291232fb71e25afa1e85f1884d115e1a88ff607574eb1a641586da9d0ea96ea085032ce65fe33b289c7b6ac9180c9ef9435f411bc546ec60bc318e2c0f0d908eeeeeeeeee00000003e866d5f836e00d667cab4c0d2e6d93539699ccd999a807fd7f9c5de57886a5794f44253fbe00011d1d93fba5faab2c41708188ec67826ca4ecc939fe344acebd0862656e63686d61726b73
0100b566cf79febfe09da252b373e4e9d8b000aaab0a75e616ed4975eb08831823bae3570c3a2525108d0da29ef256c618686849b3c8a25d84c309f75ac979cf293b1c9cebd5f3496ca418fc79681de60fb60d6ec60bc318e2c0f0d908efefefefef00000003e8f65647f3089d3bd3532cd0f7661f79ed09c891268f59d9e96bc72c3a496bdca83c35fba5c9d3a616f5e414e0abbc5c2850d7460bc407303ab45a4521abd4840362656e63686d61726b73
01000f8bea90fee3b56b7f0783bf64786d79002d779ab21b39ed7a64a02f958ba338ae1cd72fb16aef22eb01fc9a91cad2282d56d66e0e5bc494de4b555fe1c7920f65c762e24dc5353fa87659ee680d5352626ec60bc318e2c0f0d908f0f0f0f0f000000003e81f5d93fa1fd2f7ae4ba036e32a19e5921aeb78e3f468bf679124c91542bc38f9535e92695f06bed12015fd5e6c9331ae5c978be2bf352533f4da1c1c028ee50762656e63686d61726b73
010011f1c101af6b8b547fd4ac190e7d2cd800dc8bf0c9c360eb6fb06ca053d0a84e00862347d9a5ab1e8189013640b5ae0b73f418dd68aa41b0e754f9c93a740dc3d1d1c14a143837899b344e676c7512be166ec60bc318e2c0f0d908f1f1f1f1f100000003e885d6009b6b9b351a8463811e448ca4cd259d51128db560220ef0bf187263a1dfe7070e7638bd84f10b4f2591ed6594baffb51a8b051a72f4330eb00714da090f62656e63686d61726b73
01004a6be07c13a90c77f5cb07b3621e7b700072230ac0acb66c6bd3dbabf075512b441d17ac9415e0061945c52fbb2e27170b07456b3a77a19e5094bda83dbc62d21a9fa8bffbf0f753416afd080acc59f7776ec60bc318e2c0f0d908f2f2f2f2f200000003e81b08fa3cbd7a65bf79d90cfde9159d6e84fb14348d9035f950f767a2461b7172359d778aed44d6324d411843af5d645908789e880e554ebd1fd0b9279532270762656e63686d61726b73
010010a120d0aa37211b9eec389b2f094f930015b53bfcf88f6819929e0b2ab6613a26c73acb2c485414f04730b7da4b360e7b094608839597c3b5215a1a5ad3c79206172c10652c8540ca9857b89c3c3706d26ec60bc318e2c0f0d908f3f3f3f3f300000003e8076b3f04caca7735757eecebc802ef70c23d6cca3dd774b50d4219db437486c1896c95fe9bb788d90f9db074c06e3c2bfeda596e79b50e830419888f77bfaa0c62656e63686d61726b73
01002402006d99870dd963b92898768a3bb500de270589ca7b5aa1e85112fc217a8131e1379470fda972ede3c5d7f3b597935355b87148e57e474715db87b24e97359cc5aa6df070e008d2aeb30275d46b25c86ec60bc318e2c0f0d908f4f4f4f4f400000003e881398f16a92a7c8763898e39d232a74205b54da38abd0484aaf59c3a3e5489172f62d2279a0432b74f352dcc704a447d6e015526ba9d66a341d08717f2a3fb0462656e63686d61726b73
0100a1a41d0310a2c7c364ebc112d6ee228700634fc07d95893aa3aab4f2b3394ace4cd20835823f2b2248a19db7eb93065f1fb6ebd8263b305df696212c65e9ea5f43f71df7ec176b5965454312817702b9936ec60bc318e2c0f0d908f5f5f5f5f500000003e828c58d3e95f681f6cf24c01bdec466c1091fd9a9e201e116ed0f48d87de08f0bbdfdfb4e6b27e0252c793f679165a7fbb29a72bde773061526faf74230ebfd0062656e63686d61726b73
01004db4f0b08412382725278d732e462eac0083aa09a2c6eb6ec58cffd8fb1a4518cf57b742d16d55f5e137436d82aafb850432b2448644dc24aa87ed123a2307d222d3630560c722303b2afaae89c6362eaf6ec60bc318e2c0f0d908f6f6f6f6f600000003e86d8bbf2caccd08187c161db5eb11ca1fe0b634d583ab5cc3e292204ebbc917d08897c1f04e53c44477dbdca8c5f54e17b497ca1b35ead892a727f87b281fdb0062656e63686d61726b73
01000dee0da84872b0a558499ac7b99b8a230091fdc169ecfc431213b833e853cc4f5737be34a4d8c9b627b9b53d62cb42ee3bc6095425e993714f3a7197febe90b51f7122666ed5c5d5ac09210487f5d6e09a6ec60bc318e2c0f0d908f7f7f7f7f700000003e8e042f3fca21d84f9478d083f5db86b949788f14b6f75b0a1b3add8f012a0705c0be0a7a03c02af6d82aad993c7e869f765f060d5525cb4b8f3402d3b27109e0c62656e63686d61726b73
010030285b42e5279cd79886b101e475141d0093dd670dba2039906173d48887610509f417b127006d734bf40d9f2e99a2bf34d6fff39e1165b41c9bfdab5fef6910c55ccc251d12fd0812dd0a35cb10ece9726ec60bc318e2c0f0d908f8f8f8f8f800000003e871266202121f68d5442da877ea9363c8574cb53ab5f4d4792ec5db1457312d5b17877faf1a7f684ab75302d5f528756c7ffbf7f051ec84a5d86e053c492d0a0962656e63686d61726b73
0100be0469435428480702ec88816450061400b912957039f906903e89042e504b649206da0c547d19ae028ee97d63b758ea7a8d80d4c99ad8b24d59bdc456330c4b41cc808390022c6fd64bcfbcd086e88e346ec60bc318e2c0f0d908f9f9f9f9f900000003e8074044aaa0d5bc9376eca2c3ec9c20b12357dc2e9c588dad835137cf148462d4a695a5447a687a632a3ee73ee8fe1032e72f61db615063a03bb801aa95b1980d62656e63686d61726b73
01002f3d96a0b19977ed267cd398ce1cc6f90096d18ef0b3c48cdc566aa0faa1d36327b7e9128584bccc2dd2ae31b6ff678e0b0cbb69af01fb024fe94734d30e18e9d0a999f93cde6c5c3fb8d76f1557253cfd6ec60bc318e2c0f0d908fafafafafa00000003e890a22c93284062cb7e4f2a93aaa952a2cb42d6b788da802e018b08ad05aaeaafe45eb8ea1c06c5cfa712df9e59ece59d561549117e457c34737348f8504de70462656e63686d61726b73
01006848c4f6e1184af90801ddff0f0ec5ba0088df424ed85380b298979f7d582963fa55021a65aac58ffae9e04ab0ed37bc6b5d3829adff1b10a25170f962d383289d9d6d86d24c163763c1fc823198912c936ec60bc318e2c0f0d908fbfbfbfbfb00000003e8532822b6b9e3dadbb028b509ba9467baf39a9a937eb9bbfba6709a4a467e98839d8dffcad7a8566261b2dfb137560df31f6cf4d878ea3faec76447c99e0e930b62656e63686d61726b73
01001dcded2121c1067751b05b8d7d3a419f004f93b2c47798584b77786f857c7cf6504af31b2decdf26a6f4e0e4f1abe97c73c6b15e38799ca6261ebc9969308081301982a1e3cfbfd61ffba1896240205b1e6ec60bc318e2c0f0d908fcfcfcfcfc00000003e871bf89fa28c2bad6ea67face57400b4bf70d71a41f180c21517e2592c6f2ee1d1ad3a05cea1dc2b84c6c1b26cb1ba480aac6f0ba200835e266054d50bbf4790362656e63686d61726b73
0100f03ce9504ab1aca71f55afe533707eb40008610fb55a9d7eb30c4fc95b674453a2f85821c837b0c0e5da4a0691789ae6323433313b26347de2f34981518501035452e7bcae9b54815eaeac2fea245935936ec60bc318e2c0f0d908fdfdfdfdfd00000003e874789f52ce2a94e03fb08c0d83dd69ee0857195d477adc936c10443da708d0298e0e4489850b4434539df8626e3bf160c8a9de5911174f3487c5a94c122fbb0a62656e63686d61726b73
0100d8e5c460d698b27e075298af109ae7530096e635161decf855b0b7e94da2971237393589f6ce8faab4c0db8555d8ff4f44f1caaa9cca76217e8417d1f95d10353dad66c2f20a96958f79b50260d4bfc5186ec60bc318e2c0f0d908fefefefefe00000003e855aafd9ecab0cebb7efd6dfc74c5d7b7190b14be3bb669a85824496f436730ec59d6d9c7e15b96ba33757294761d9dddddca7d14025754fcf35e8d19e96ac30962656e63686d61726b73
01002a43a0cb487acb473a1f832083bb6b4b001b28a08e39e8a22d3d65bb2d374def82a357f4f204c230c96e4a75d879db2f43d2a656437909a3d57e995ddcbaf29af8ccf0840fe35f19852a8ab92f3fff33256ec60bc318e2c0f0d908ffffffffff00000003e8f434e80f29c8eb66171602267357bf3887269e55cd9d2ac925a8bae213da33cbe544b9bfdde4fc928b65d5761d063f67fade77eb240d96c0eda3a0c1323f1f0a62656e63686d61726b73
01004430b9dd8f6f862f7e7a8c3fdef3dbc7009f44c2cc288521b135f66a0222bf27ce5eb4a0411392e0cca25586e8af49616354c503bd236614c83785c76a55b64bd11486a7586da51c245e0f542bbecf3a826ec60bc318e2c0f0d908000000000000000003e8c3e93012df7f1aca4e9334c196e4c2b29a94c879139bc9e5bf54192e810561a43ab159db53bacdb3f39413dc4afae3e87e7f6c27592110aabc0e919d75f4380662656e63686d61726b73
0100dfc98b3ba24a4473a3342cfe6afa0eb2008dfde4220e2dafa714ef20f113246f9131cb09bcbfb6ad0d0ddd4d6af6e5197f5f5596f61011cd373f014d27d66a3b99324ae93b57f14994538fc3d0e0d52a1c6ec60bc318e2c0f0d908010101010100000003e87d4e8da4c96b546aa0f57d2dd46cde6b8e7c83731e26597bd12a9c6895b93bb64b5f1863e900b4b645538f1324ec56ec9141511d5b1805a9e1d4080569ad590362656e63686d61726b73
0100ff04ab693579fb4eb393e9a99bf1345a00f87b79eb67ca38be8ffa0a84f653844e13f3edb987dfa2ee380c90df128af678f3c542d5fd1034078189b5bec1b2c961f805ae59d645844773c830058d81a5046ec60bc318e2c0f0d908020202020200000003e8f9d2fbd6c87c54354413d15d0200abf5f4348561a459363162a707d5f9af4183f73b01236e72344c675021f3104cb12abbcf19f1e749aa65bbaa1b416cc6a30d62656e63686d61726b73
0100c61e77c0b7a749c882cc12897d17911200944923cd11acab46e0dbd87e6ccf3313338c9724fc7b5bdf75656f5d556915121817739359e1e7e823e4a6632e047170fe6d07f0df1486dc4377db53929d9e476ec60bc318e2c0f0d908030303030300000003e8f27bcc424a0f2ee261ab83045473350651205e8724912be90b940b933bdb0835843c80b4780cd41f258a313dc4743f84ec2e88fdfe2b3a17380987109da7600262656e63686d61726b73
01004a57b01c54b664cff1d8ec75db9067f50072dcd5612ac037169e722b4af8cefc822744c095722181ae7f4579d13206824260a6db753695bc38335eddcde153924dad72ec893a09814992014f55194c04296ec60bc318e2c0f0d908040404040400000003e89c5a18dd72f712f96a9a8eb536f25bd93f238cc2d522c9a662d1e830c0865d8a08726194421e2ad71da10718ef253c6d6936332ec8c28e69fb233775e1e9bf0862656e63686d61726b73
01009d051e3dea84469d59497e1f2bc6325a00eb2aac18e66116f3810f7951604898b4c977ba8535850764db1c94005b1e086bf7b3027e9746e1e539a290b04f32ce37787ad0b73ec37d6e1be32ab9b9dc17c46ec60bc318e2c0f0d908050505050500000003e88f303652a77b57a4c9b6482e6868399936ec54bc8f040c0e3d9a19db8240ab85b5e4653d84e9976bbe3a43e5ab99b616ac8533dc7293b1912650bf02bae2420562656e63686d61726b73
0100419760a0e98cdb9a118a799612d89a5d00e1ae07064bbac8a1a024517c9b7688c0cda33a30ffdadeb8b153c9752314fa056280337a1edbc4bf99c44d96fe478ca5c1482098e491883f06b50093822fc7096ec60bc318e2c0f0d908060606060600000003e83bdcb804a870b67803d59eaa17c440517cbb7e7c30818ee6be403373b8e5a7d332bcf48b4ad1d784098d8821912acabf7adb9bcf322e6264e0b6a8ce3786c00b62656e63686d61726b73
0100b4be00b21fac3b3ac20043592426ea1900930e06c79dc6cd99ca4c3c4111b6f56a080f033ed2f561f0b96b3353ed26bd2576afd0bad344a34bf171eef715abd285f5a11a60a8055e94371d87d07b286b776ec60bc318e2c0f0d908070707070700000003e8ba881eca47242c147a5f455bf46646fbf8bf804563fec07fd2b28bb933adaf3d13fdbbe3e2a1f7b8464fe87a9d86484e539c0d4e123b282bff6f706332288f0662656e63686d61726b73
0100cc701549a0e02851e6028ea83fe36e6f009ada00ba2e1b13e39b008e7abe67fdc7555ab46d02f7cb7463a5702741b44b41b7e795c23751599a86025bc2c0eab06d3ee71fcd265e30c0eb2f1fe2a7f06f6a6ec60bc318e2c0f0d908080808080800000003e8b931a749f432ec8d099907fe7f771ae8f2ea26a8beea391f4b6c72710a95289574b539ab3792d6252ec293fea6cb7db0f8ed4b0bdf5a89b512ed44c11672140d62656e63686d61726b73
01007eca82d903b4bc3d9423f95fdf1b6edb00754dd4f5963c1372ff9f444fb138233b9b126acebef7b455611f66d8bfc56c6f6d015cd3b00f7ea2a32284f2d2cfa6af367482a2f014833bb2ccbe5945f1c6b66ec60bc318e2c0f0d908090909090900000003e80387b80e638dbaf5c3bd0045df2110ce5e2d7b60be10cbe660d1531d7b5f21f563f627ce9eb88e9e3e286c7ae7a7c4145810965b4453ec6be9558c20631e8f0362656e63686d61726b73
0100ca5b7d7a3c20f7c65702ed42dc3fdc7f00900b40d543fb718496abea6dc191441baac04efcb32c026b9919c9dda1b3d70ace026ab501bcb98eb177ce323574048df79ab452d116da6814a8e47d3180ff7b6ec60bc318e2c0f0d9080a0a0a0a0a00000003e86a95dd7992f45b86e346cf2c71102b7171989d3f7e6e2731f9fbead6cf6ca9ee57821fa833a4a8eb6478b61a4262e8dfece0365ccb8314eaa4276cf3efc86c0e62656e63686d61726b73
0100bc1fffad02388ab5798c2ff83a8548e6009fe7a12227c9dcf8612d1cf928304c926b6fed93d44077b4f0688bd66c72940a15b1950196f94d29d08dca7ac534fa34ad25466f86ef698f4ed403e3353b6fba6ec60bc318e2c0f0d9080b0b0b0b0b00000003e8d464fffe649725df0e4b816f8b45e3fd5b6302e2ece63cafec9bc40136429445885587784b3d2221463464002832596dd4a0df878c96cb3cb739c3ebbaeacf0c62656e63686d61726b73
01002dac2d23ee90cdee73e777d71ec2d520008794e9d45fa135e02a1e7737deb2afa3abc06fd07f13c9ba3dea126b78b40e0f4e5fa7ad57ca84da79190850cd7c5bc6b3daf2881d0e5a939709348f092d37466ec60bc318e2c0f0d9080c0c0c0c0c00000003e8ede2a7666bfc0458c14db7e97a35e08fd00a027b129cf6c024e35eb268753f7eb276fefa287d91b39f5f5ab93df149785e1d27dde923ec70fbf80c789289a20e62656e63686d61726b73
01000dd5d045cca178462a7dfe04d948940100dad8cafce9ec9a44a41a4b73be9690478656e4f7b79a618e2e4f5a634703a0042ae1416b8465777a6c02f798c350386e7923b0759a74bbf3df43b534a834005a6ec60bc318e2c0f0d9080d0d0d0d0d00000003e87cb0b7ed69aa42d332a9f778e66130fb773851273af9e8f78faef2723fe5eb55c415b532a30ae90833e2f67ce60401547c5c88d228ad5e248d1f7f63c4e0c50b62656e63686d61726b73
0100c01cccbd04ba0e81bf6ea2fa6c4ac969003c897c26f675eb3a2c3e3efc0d3c02ac0133ccfc9974116669a76c0d5f147e52681be3f2f210e7d40b38d5eaa27389424334849f4b8b80cc41a682b28caedf536ec60bc318e2c0f0d9080e0e0e0e0e00000003e894ff4101b208748883c449516f258c7345b6394abd2fe2c059391c7cfe43d33dfae7ded4911dfe7c6a78c07a0ba8cc50e6ab8c126020a96ec8f3511c7740070162656e63686d61726b73
0100cc813e3e0795b5c8b69cb1e962c18a8500a9c2af86358f0876292111f94d3f4de95e054fc0908b31b5aaa5be79f0468134d82943f8d4a02c0086c1854456160ef54b9511d59131cd405ea345241f7db0686ec60bc318e2c0f0d9080f0f0f0f0f00000003e8e9f7d2a05756d31942932c2165916d8d92ef6d068c3b87a73a160e0409592d41602bb3f8b79f1c8883dfd050b8c62f261f67e23d45a6c4384711524dab74d80662656e63686d61726b73
0100701d294c5a257631e65c1c542b331b6d00cfa96f8f08eb3cd1506763ae74b8abc16f07e457a7b6130841a71ba540d5a73ff7e250d9ace1bd8cc5c9a25f753180473de2346206af31deb5905c9ad25992d16ec60bc318e2c0f0d908101010101000000003e8b411b7a2948c56503cd6b74e02137c849948bc28e5d42d987d4d4cfbe2d4f91b2486f207116e7b08822b7c2a981f496bb1bc12e44f6d4d57bbfc64b38b291c0462656e63686d61726b73
01003a734723836f3de3ec2438d91c08758700fc2f95d6b445621b9685c0d6ae3376c8859133bad611faa5aa5de1994f3cd5219a3f9262a9ef12468a6b48f7eb7986169a47eccfc7b22c8f69dfadbc41e9742a6ec60bc318e2c0f0d908111111111100000003e8d9f0a7da0c3188777b98711cc96e35d1ac371072a7e606ea45793ddb8340ede08c9fcc85488a2b086bf39aae699cef4e45cb796bbc86ac629a8739a6eaaf890062656e63686d61726b73
0100a191d5373c15652afc57758056c8ccec00ee9e7e568a71faa9914b217612d2547036c2993b4705262fbf437b960e1a82539f32a79016bda58f62fa0676b7365f0aa93f47e2dd1210e18881b905ac01c9bf6ec60bc318e2c0f0d908121212121200000003e82abc42e93ab13b7e7a7e27b2594df85ffcad5bd63b87a198199f2995989922d5ff6d4ac7836cde2606389194ac19180b7295778b63657852219d0ebe0a21970862656e63686d61726b73
0100efb5721e63d00885b63989c5eae17e360053b0d105cfe24f5b1d35e615152a72ba92c82f2123ffd6b50136efa5df2d1c7a4490687eb5cbdfbad64ca6f9c27c6e4c90cbb08cf97829ae266c1679b57722776ec60bc318e2c0f0d908131313131300000003e8b56dadb40640a4f6da0cff3219ad9ec2350165c157c115745b5430ecc1fb806ef0721f1b60d16c446ef4bc3cfb555d44960b109afb966bb472ea1b1f4d146f0962656e63686d61726b73
0100dd007cd80d3885a445cfba8d921d52d4001b567749a12c3ad102cb2871ff3ea0a4f1b5c926fd3303f5831b6a794633913d93d36b89e1a089fa0a56c25e03d8c7067d38b2cb155fdad8b989ccc643a8cd576ec60bc318e2c0f0d908141414141400000003e830e5036fd283b1c91f48b776ce13bf8b4243fa1dc6af635c1c9fa791ae251ae462c4b57777c83744675463fdbdb73b847e2e021c8df1fe442f53f04ee0a7500462656e63686d61726b73
010018383c652f33819f0963a7636c6c81d60014ac36e91a890c95866ad7888239df25e061c762265a51de3f6faf5b2f9d5f1a3d5eccb73dabd359058b642b7afbc332678e970126932b64703d3e21ff7af0a66ec60bc318e2c0f0d908151515151500000003e87d096c29b0b168d293e9fa10c0cd7100c57a216403dedffef389d4056ca4b4fdae1bcc6b9bbe83f9dea7bec5cc57144be88dd82dbe2e455df2dcf03b389fe80f62656e63686d61726b73
0100d3df6a54a2e7250f2b009e076c3e489600bccac2954806a6a321ea2775969b9be54a5690baac70098b8a9f009f1b343b525fdac893d07efb717957e641195a7f223276d05b340c6a267c1300ea883cb7136ec60bc318e2c0f0d908161616161600000003e8674c461ad0ee360bf40f71ff8876d09fb31b02942cf6fe319a5b4f910578916030cd2c75a6d068fb7ba22482d8aec9877e46d0d0092cad4d704621e6acc43f0b62656e63686d61726b73
01009625c8e29efc53a4cd5a9e7081cab9190012a1cfac10bf759addbb4cada64bb3013f1457fc98212dbd1e5a1aea4a928f11f2724cafe4c3ff0a18083bd25e3a285db802b8a9f4357bb267faa5c3c94d93bd6ec60bc318e2c0f0d908171717171700000003e8191df6eda459574fc56dddc87dc33fc404d38725add7ea6584681edf218328f017d4d84c275068a208c028eecf90aca3636c68887a154b60dd2fd14ba2cde30962656e63686d61726b73
0100904a1bf4167d6f7b3bbb5e1c7f7ae1e500f2249784ec0f39af34bd67c127d4a12c294d091c4f94f12a3354580f47caff52d09287d7a977f5f68990714d53c2ef3c374d1b084f9364773ab4ad5e6d5f292d6ec60bc318e2c0f0d908181818181800000003e8ce401c23d2fc56b652f9d32add2e680e79a9b98812889a490f7572aa029c96109529f281a31ddd66c86791e70e04de88feaa82bd9f11d651227865db3171060662656e63686d61726b73
0100e7c9bbcb500147398344bc11a2e568590074f65ac83817a60bfdcca16514cd161b0f04e28d1e49de01e8a2efa2766f482bccde88ee44b2d935f2c89993a2e8cc5046466056979aa9c946e49cac1eb63e956ec60bc318e2c0f0d908191919191900000003e87fac053291d9538e352b6bfafd962191007c1e54f2b81a9fa1affb5e9ca8492f4b3e0d937088b995b61f9527467d7204ece55a1dc5a635d44235c63c20c5b20e62656e63686d61726b73
0100d3ebff9c6761c66caceea76277ffc420006b1a0c90c8ab8b398c84005e4bab254e95af477aad85243af4652a862a5e1653ae1dbc563302e2c1954f2b67f294a718929021d944d2e6187d88acc6cf992c516ec60bc318e2c0f0d9081a1a1a1a1a00000003e80e80d1d9d7fa611a88068b37910e4253835ab06889bf7002101b7f5d7871b1c506971f023abe24fae42e6d0092aca1bea173018d55cc1bb2279c8dafeaf9d30162656e63686d61726b73
010083e768290954b29373de863b7418d7db0018015377635be2ad1e44f728b7da1433d4b3405afd10d0a8c3fc83eb2a7b577a91d1686fcdf9bc58749a735fcc236a296bc6a9832421dd1624ab4b77fcd948b06ec60bc318e2c0f0d9081b1b1b1b1b00000003e82f4dc42b1a4bc0faf1e97cdb50bd02a5454f0aa323831b484541b485aae1dda97733747ee98ec0dbefa4efda16e9f977de6eeef195007475838c315e61f02e0e62656e63686d61726b73
0100a2694ff5050145da5dcc62a676cadcdd002869f7bd9d3dbe9095ac5ccc2e591dd786ff705f02038fbe36d570f80719ce07c19279b591dd44fd4fdec30c0b43141e121344fb00540a04a7114258f753dab36ec60bc318e2c0f0d9081c1c1c1c1c00000003e812b3a47e016eb84d77f5413adf49377efb71901f6a4acd270dccd0614f6a68a8e6dcd602473b667e82da6db1b05fb999beb1639293022e1b9061a6432a92810b62656e63686d61726b73
01002667b4606fabb74460df8757c71c7e9400ed5ba3ec062f30df76f1e5d1e52f24afa817389b2a15c98c8dc533d3f4ad030445ed82ced1ff76a6847d2add45fc2402082f6c46f32dfca1c4d38ecdd4bf42536ec60bc318e2c0f0d9081d1d1d1d1d00000003e886b287c7adfe15cd4788ff88e5c6e7a4c3bbbb742e49cc833712aa3d73d46f51ca24b193e46c9b5a82778f6d39ec0ddc3c4b6efcf3775b41794e35505d1f620e62656e63686d61726b73
0100fe16b84271f2c38bd1b1d55c1fd7c79f00f7f6beeade5297c3fe07175a5c8957ded0d9bb2664e710aa9af18d3ddf72e20a2de5cf643d73b63a651b9bcfcdfdd56842408330c3025041e5f35f14d28bd4846ec60bc318e2c0f0d9081e1e1e1e1e00000003e8d2cf4de0ed0ace0cad609e972173382c5f4a7d8942fb34d688f28bfb3db629b84431bbd08ae394d887baa96ff12c67ab74e8d36697fe9caad3330460abf5700162656e63686d61726b73
0100d5aabefa1dccd9003104bd964662ba6d00fc685826fdbdd2c8d2712e0944c15ce3d12680f5f0e4a08841c4699b67e0f645034298ee5f785f63ead299c69c46257b8ca8a78d2ba62a0d8df1636cee0dc7106ec60bc318e2c0f0d9081f1f1f1f1f00000003e8030a8170d81a1878d0901d72fba0c01277fe830479fdbeae56b5bf7ef927ad5371741307bab4c8c441fe030695a496f36b69933866b1f4a4d6830d21bdf8960e62656e63686d61726b73
010094ea95486fc1d9cec081aaaeafc29066006d84644ca9b8e19201697382a1a653e1639cd5ce2f6e95ac905170537e8e731475a57d93b3fcb2a73ed9736aa9066dfa3c8275c68ed73142dec97cd135ef253e6ec60bc318e2c0f0d908202020202000000003e839fc5a87f52dc69aca4482c518b018eed449f26957222e66111a4d467089dc5a4331497084dadecc50c39d50f07a024c35bb5c2e44faf7c3e8b670cdadbe5c0e62656e63686d61726b73
01001ec272af815874a09b6606a6f3268afa00ca847481367a6e234788bfc158472be35a01dd21b11ba8cdf8a8c19c9b740b5a6179b37a9d0e624b053f15feeb36c261c2b64e76465d7bf722572dd0d3313c506ec60bc318e2c0f0d908212121212100000003e8457dc19228720428c1c5f685e7c6985593512b7a8f6213b1d25e3cee5eeb9831c8bd1ceeadf9dbdd2020fe3c465b226a125d182f0cf67d753ebda9c7553ba80462656e63686d61726b73
01006df422b33863ff81567cccafabf4f0c800b6a3a930bf94eb7b613c2c2e5dbccd22e8c06838d3efe5e68d3199c45a283a5d58d150e4db853220294b59f21f82dc20ccfd344b5205cc139f2931e2e0d50bef6ec60bc318e2c0f0d908222222222200000003e80fcb21fd360fb20585e001e3d5113e559f587c246ab82f571918aa3fdc0c66989ca03effd87dd51a535ed506baab67d59d59a05556c138d0a804205f67813c0b62656e63686d61726b73
0100ee716e4f7c465f3b2f4057378f1a6b06009bf362a8cc9692480e8b5b13e2e3029e9e6462e35a9deb1c46446bdc33f6f45542c6c95518a7f477f14c3f1712154d389380ad8994b4a1e9ef7cabb99c6014056ec60bc318e2c0f0d908232323232300000003e80922787fea5d6d4cc6e7edc7d989cc9bf94e7dfe1226d300ff1f003c7f986314515ce2793c44f6d259afb76678d3a1ea9d7d3051498012ea8a69102651527e0562656e63686d61726b73
0100ad9bdeadc65e2e366cc5d2b82db4a11400142d36ab81610d77668051225089343c7cc094a8aa6b0083147d2f633efe472604647b645911e148a63f63e8b4917b8cf4d2785cf5515c11f6f48599520d5bb76ec60bc318e2c0f0d908242424242400000003e808605a8dad54f3cb63fe0f2d38211d686dfb2530b5511d6c2627f4b9f6ac8e43aeecd6a801735086761832ccc504de9c457468a7b70badab1bd1fd34c9336f0b62656e63686d61726b73
01000cf143a98543d84d87bc0d4420ddc05e00df148c94b53759543b55b69aed386a5586f389cc310d24ccad61b07919b739096991c4b286520cbefdda56139a82eb4c893525cc72a2a195138fd4b3b08263436ec60bc318e2c0f0d908252525252500000003e877da9fe90a0f6fe857ac3f137dfec3b9dfa522d6ad73474f342a38b5b5041da5c1e569af58f4b6d716914d33b42128103c94bb315018a50ce14a04990bfc100762656e63686d61726b73
0100f2ffcbddeb2a4ff2a2c632b2432d99b3009d6df811f334bb3937efee18287fca694db8dc5d94144efc9b4568940c4c71242403f6bf844cf383ba29059eb98087d99ca383f28cdf71d19f1522274e334ec96ec60bc318e2c0f0d908262626262600000003e885d778fa1ec0d9e13a58239654c55a9faf12b5cc73be105964a8e6bc42e50fc09ad9a9c5ab332cea61682d9e2c9779ec49b1f3b8e18aff1f65812d3ae758b30162656e63686d61726b73
010023262171a9cab92bf2997106bec3759c0011f710add22bbbe5047ee844e61dc8041b2ebc055bbf54c852e6e2da1180352fb1929bcb91234f3977e1dec1335475c10279f4e71cb1dbbf55c96377896897bd6ec60bc318e2c0f0d908272727272700000003e824a9f9099679bb8f3ea2d2b8fedf3e4e1313c07099c3c0292465e28b782edbdfb8ed98ca66ab76eeb46bd15e302745941b66c62321cca1e841d63cca75363a0b62656e63686d61726b73
0100c2b304f372981c909a82f2a8d68190fc00cec45e29b64db40845fa97d8c9866de48f221b62da7deb22510f73304dc4553f828f2df9421a38830bbd264ac0a15e3a4f153248bd5ecaa46235bb5d8e6118bd6ec60bc318e2c0f0d908282828282800000003e8ac72f1ce4e376ebf8ebf0b06ab2d7e7a45a56375dc44c59da6a23a7c2a11b7082223026cf33072107e362f0f8ff8cdbdc0b646e661fdb3e2430747228ac0600262656e63686d61726b73
0100dba32045e79a0e018ba8e928ec4fe4330032baf1637484c150162a2d371c8c3196642279b619a80f6de522c4065452607ba03d7b7453ffa2ccee229abd48fbe6a5c424eeb4fbf3023ba5661d2fc543f4dc6ec60bc318e2c0f0d908292929292900000003e8b735a4576c77aa41e3e352bf130d80896af804e9413296679c6b1b896f218e6df8f61e776b4e0d7f8155efac456c9b8182ea38fca88339cd2e046f174cafdb0162656e63686d61726b73
0100dac0b42db52fb8c0c7a319abccc13628005982f8e1f58a34214f735319dc54167396a0d164effb923de212de5502bc3b0ff7f71498d0b95bdd0f56d34b829951cc29dacff94adbb04fc348cba01a841d0b6ec60bc318e2c0f0d9082a2a2a2a2a00000003e8afa36220f90ffb9436d1dd8e68f18668f9ee6e457b4eb424d85947bc5c6289b697eb8d7ee1820a606eac511e80ea4c555496dc3dd099d131e02aa95d08ed590562656e63686d61726b73
0100bd45bcb7e0be557b8e24b2d5fce032f100df30f810841505c645de1875c455e69197c3a7f2739a8c78b95680a761ee5512a41dfa256e4a9d13f437cd9a3a05337ec3647ea889b701e299cb8305bde631f86ec60bc318e2c0f0d9082b2b2b2b2b00000003e874f3eee56bcf27a92642bbd55b323dfd8529332d5a50228dbb59880fa78311cd804aa6df6a11b8639e252ca2bb9b75220bbfaf384cd67c205bc4880536859a0062656e63686d61726b73
0100d723527040779f0ddb3b37aa339c63b7002cc4d93a1635c28a571f14be89e33c8348cb375c190a6581b5817d2b9cf5ca545eed0d4cc5ec6864a83be9397875a213fbe90dbe0ea1a33cab3eabe45ff6e0856ec60bc318e2c0f0d9082c2c2c2c2c00000003e8f87c2f8af788a31776655591a78432dae7d6ebc896533dce01f0474cac1393f8ca3ef57b19316bd5b6180ac31a4b92c310c20d94f88be758f75a6be93f874b0462656e63686d61726b73
0100a583792249cc609b5cdc620bc467a51500c6313892ee142ca1465626e4ccc5a7b6a7045494253888b81ad34844e3b2f20fef0ffa1330b3c9fe256377ee4a936086ba28e74bf3e733a7aa1736a654356b9c6ec60bc318e2c0f0d9082d2d2d2d2d00000003e82005aa6053ee27024e774fbd14264c1e96e7cf1a218b0306404df213d837d5806c2afd7a85efa92a7b786cb3b74747ed49045cc833d10789df9b61032756150c62656e63686d61726b73
01004af008b6430fd3e60e88fd133cd42f4400cdd54cd8ec7a3c41aef7b9fb7c3199d8f6d9b4f2b13ce488c19fe25e0d6cd104699a3f6f50f0f5ac33e37420df12fe17b6e90f3b98090bdb7b6e05249ff42f6b6ec60bc318e2c0f0d9082e2e2e2e2e00000003e886bb25986fae89837a87f939090a90ce67df5c32261efda2500e8e4bc65d321384de9c61860e86b5df7215eb7d5aa9ca0f4dbe337d969e07792c72857741730d62656e63686d61726b73
0100b0c007eac9a9323d3991f38cf65d5cd9007d96c09bcccc055e4394c13dc7f90fbf2e7fe347a6c84e0496f4faeb302196726780c63950e725339f5956ffbb7a3147e39e7933adce05df673d27eb174969e86ec60bc318e2c0f0d9082f2f2f2f2f00000003e8ec6681671bc80b668f228f37480d45a1ab101a9b1499389bf1f5f27c0485a47e75dcc5ec3abc11d867ef51893bea2a8400dce4a90327be0b05c49d8cb5e03f0062656e63686d61726b73
0100fdc987086e957a4c9abe6561e93ec9b8005782b063e07b2cace26bbbd62397add4fa5c9998d646d7caf81fb683eabc7f306794b264b37d932c5d5e78c94588ff81e67b123aa654f836c400c8f2acc9b63f6ec60bc318e2c0f0d908303030303000000003e8bce55cac5115cd39c9cee6e30857e9512b5a313a7e55fcd723ddae9684cbf698a5afb4afc88129d7b18baeb43e3bde110ab54ad58b8d2731e4a2ee4283cb800a62656e63686d61726b73
0100b5fe5c4f9b0f2716da0ab44d8ada161300eb360669b59129ae6d87f98122c744a36d73f17735904f1e2cf35bdfe1c85950eeeae9b7340ac63a62afb63c8ec4a882c3b285ff433c35f46bb6ebc6f09fe1d06ec60bc318e2c0f0d908313131313100000003e8498c504b5bc635c84fc8682af38fec57cdc0906910f56812d98abc7672680c4dfe4f9469b8c5d50bf0f48340431c21d625275b4e66119da3aa5441657b8c470662656e63686d61726b73
0100bd90060664b97097d0baa2e35df4022700c34fe62d12249189e30c217c7d9dc52253c7fcd5a88ed108991fe222fdb2f721d10f66b66a99eb11dff23ebd09df066cc0d5b14d5bae1ad1ed79bddc6c2abc666ec60bc318e2c0f0d908323232323200000003e8f8688ce4f3e2829e5c9f9e5093652356cd975419173fa5e81829f0e244ab4ccd769df6dbbae95117fb389d7ba4cd594d55d4522828a6fa41a1395995d9b6530e62656e63686d61726b73
0100cfd045e7dd56bb733870211a4ed3e73200d81c25280c9717224f1fafc38afb714396a8f0404988cc15a82114c62dd10311fd407cd9a4c15d1e8eac53342dca0555711f56770d622c82c93a61c3415cba4e6ec60bc318e2c0f0d908333333333300000003e8036dc6d97a348c61bd96548571ec460c2f2880bb12d5e78a9b5d9df984a2415eb3751416d13e240798086d89622778e61a63df9f601d4105daa704f39b0d330262656e63686d61726b73
01002914b434ff95a75b123160cc7d8f87fd005882ed9246536732d6fb307f40ff3465abca1ab19fd9dd50cbf4788682d89354360356d9b1b5b0b086e036fb9fc44c778475772550eae20ca2f1630158507bc56ec60bc318e2c0f0d908343434343400000003e889673ff2774d047acba9e3fc1b86ce8e2c0cbb670bc4318c36785ed62aeb4705cc423481b412946a17ddb0e992db667c6c86079d93a146dd831947938cd94d0062656e63686d61726b73
0100b1022ac8a528a11ce22f11c6b9393040003104b7a7f5186dae3cdbd2c09d46859e251e0b49871a86cd32b329db2185e6481f071273b406e8f8dd346ae1cd728123d1fbad6b93b21cbdeae33e3d17b1e9c26ec60bc318e2c0f0d908353535353500000003e8f291bf29fffe968eea2f37efef50520a6de4ade79f404e1143c71cb9430a1cd3f827e6c41f3b7638da0425812ba0452a09fea492d5b6eebb2c40dce0d44a7b0562656e63686d61726b73
010039b0a19806fe78f0a3b01d5705330103006a08a75e0da6bf5e43c8e7cb830dbdccbf568ccb13f79066c3ed1ce73a2168289fe5793ef65006a38fcb204079d5ced4463b014a6f4cbc93fc0d141a4a0ee7f46ec60bc318e2c0f0d908363636363600000003e86b06d8276f7d08e9757ad25c764973106fa255206e9b16d4dd2cb498db2123c2070871d87056d5eb6834edd1712dd5276b5507ee2925c4db8c8bdb51f13bb80862656e63686d61726b73
01005f1df4766a7245c6541887cf475357f100aacc7da613d965a9712154d865863fe03506f1eb1382522a82ec6a672cefe74d1133f141e293ccdc95b14682ecadb45e9a31738ac90523e0b08f0652a947a4a66ec60bc318e2c0f0d908373737373700000003e81077703efd7b8b80bd0d170e5c75e33258ad96f4431188f7fe60ab59909569885cdf100757be785c7190af903da9736129206139e5674b973822bf626091230c62656e63686d61726b73
010005c143397cee21cde4df87202328bae6000c1e5b950d7359755982d7f3917bbeed38cd98b0b635bb346d9ab78c9e84cb07373be437a7d353a9c446799092dfab17b4b56bac7550c122bab3d81d09aacb286ec60bc318e2c0f0d908383838383800000003e85677527ef6c242a9e0ada2eead54746e88843f1b0853cf91140da25f59922e618089dcbf7878979c7ad34953c8c41fa7a65657ea1f7878c942bcc48dc37ef70462656e63686d61726b73
0100b89852f2e20484fe4fd6ab017a81563800efcf5cfc7c0e5fb83e84d8ca8f4ba81224307a5779c797674aa17fc6d85ff462ed3904a580c2b8cda9598bb824c79e18be5ba180b102a1ff6eae514400a8b37f6ec60bc318e2c0f0d908393939393900000003e8f9ba03c686d1b8a03bf7681ffa8ace7f18c4393fbab80a14ad334beed2a9e942c4d5e62dd898ae759c2975325731218260627a989938e96ec7de2b9e99f8420662656e63686d61726b73
010035f7d5252a1dc8feba2caf83f764548500375c62c982598390cd04bfdf9efe4303efcb844841ac5e61542fa8f00fa41404ccd4a5186995b29f5f30f42ff387feb32199fbc0a9251ae39419c138f3d80d266ec60bc318e2c0f0d9083a3a3a3a3a00000003e8eacb7492d35a741ba6a44a235931c7e81b28db9f74fa8b76bcddd8fcfade6e664d50ffca405d04e1a4f3028dbc4167ee974955f42b6e8c4376d7ecc10d4b800e62656e63686d61726b73
0100f0f0a4c15dac647df7b32516c74bca250009b879652c56a5fda402b20b4af8f9afb413d77e9187ec8594f4c1a7e388db5030a50ba4277e2da55462eb96796aa86e0ceae55935764f841752734cd4c06fcd6ec60bc318e2c0f0d9083b3b3b3b3b00000003e85f22bd1cbb45a20d44617b967b03897f19984af04369fa34af92e8cff2aa1c60c8ebf0ead7c74695bfedf764a69c218c61630c70dabff73173a1642b7786640a62656e63686d61726b73
0100e121b2f2ac77264c291b1e6f791278f400c883af17d53ce3b2c628208b6eb76c3529def27a7de14df5e64b090c5693af527f3691054df487e037724fd7642331921fb1c5412424f755ed899b9fef0b5c386ec60bc318e2c0f0d9083c3c3c3c3c00000003e86d01725baf39608a398f7d193727f906e29da7152b09826cd8bd15c4a4ebeafea7d13f3009da9af339eab1c72e2dc64973856535dd27ef428f85c480075a6b0c62656e63686d61726b73
010016768c386e0e3ab3aeab3b4fbf05b11700470ba10cd59d04acf5a3eb01bb7782ccbdbb745edfd9c394237b73addc9a1733d3223234ec423d2389aee59fd972d68375ae81f1409e71b34fb928ce819f62e16ec60bc318e2c0f0d9083d3d3d3d3d00000003e8b2c856eee075439918fbcac1c50dae8f6a15c725f8792af7c4291bd77f11fb5d35463fd24c7d83550cf2366ffa73cb14d9a19a0c3e23e7508261727d5f38490f62656e63686d61726b73
0100c862a773c98ea146997ba29e5301cb5a003507a1165d27db7973628525c8320df50a9f8acabd9299a1ccc8988017455231a8ed5af565e1b4ab15b0e21df9882dc0f6df24b384d8ce8f304da20c3036ced26ec60bc318e2c0f0d9083e3e3e3e3e00000003e8aaccfb87b5e1b6ea8b1535714476f2069174fcc1ebfa87db91883dec5fc8de943c862af711a8acfd5d3ef024aa1060cd7138d809a4908f12e4e287df703b3e0762656e63686d61726b73
0100edaf8dffadac87fcf21b301622be652600d4486df487157a45becdffaec93521e2d6b437be3303370302e5a3eba83a200cbca53e2e56eb0d4a230e599576eb2d05bc6bab7fd0cf5510519fb09c2d2a4bd16ec60bc318e2c0f0d9083f3f3f3f3f00000003e87aa452558634197b4e10f044db3abdbe3577aa0c7a85335e2637b3b30b552322c328257677cbdc74e80e1ff7099b1eedf6a08dc01eac1bafb6e634fba872be0b62656e63686d61726b73
010035e2e33afabec11ce1d1495a26f3f99c004055ba00fae6bb45549a2cd30199d46f08f1f1ba5588fd16a62a855b17fa566aa1b58dd8cd5b2a20b10457bde1b7a5836cf21eecc61f40cbb47ce512845771276ec60bc318e2c0f0d908404040404000000003e8e2b5677da118408ff91b59975112c77fc822024daff230e0066bccb2f364ddb6817154360fca170c0786ba49bbb3f45fb17b1a90c7e5f0b905971f3bee04bb0e62656e63686d61726b73
0100301d22b807e639c1ea638e78ef281aed009cfcbbb29765ae6213e9c33006ad858e1f861a1c232ade42bbbe37dbf627ad30bd11d13ce5269138242834e1e0cc68b8c03df015a0454c6dc84fa81cbccaba706ec60bc318e2c0f0d908414141414100000003e8eeddd3f976db55e2b75aef505fb56f808a03ac2560229fd77b4caa6d24217649495035d3524349e90a3cc0ad9050842fec19df2ef787018d6c48d35b2d14180862656e63686d61726b73
010025f404bf232924337cb6c1001fcd775e00d06a9f82b0d8d3cf74c8f68dee92fd99064de174d8a30cfe63aa19ce304c345ac03f7dc39f74bca4a572d2d8aa7407d3ea3c5bcd32c59ea04813038e58a8bb176ec60bc318e2c0f0d908424242424200000003e81aa90910952cce62babc0a2f0f668355b4e192bbc08bdc6a98182444d876adcce58adcb7f6eee7fa6855c7972db00e254155313c8c535dc3a924ca186c78db0862656e63686d61726b73
0100c2ead71f4ee7376506b19ff80ef7706b00c1ecc768b54d6ea2cf39e39029197f844037ec3d880a3bad1b30569a2f3a3136d4d05f2ce8284c6642decf412d5710de987368c204a0e065c58e354b1081be0f6ec60bc318e2c0f0d908434343434300000003e8435338ec697c9f5701a47dd9ec12190c339aa8b60aa75eea5dc39bae97b990bfe586cecfbf4d5763292e4553713b2879adf3408bfba90c7a9c2688f7505caf0962656e63686d61726b73
0100cbe048464d9147a12e962e8881e287d0007de547e93d5d05a5f4b3163751e3041b261e943a6cb35d22ba3988eca671a20b118aa1e24dc189d0d58591f1aa7d584a67ee302b09d4a57058254047ff7463916ec60bc318e2c0f0d908444444444400000003e8c3413f8901df078770092195a13fc0309158a723294339fdcf64afd12dbeb413b9c87e48f839192027975309113ac3f459c921847381433376e44b67b8b1fa0962656e63686d61726b73
01006aa9174b3802cbf58be6c1cb4eba27c70056559905257a0e3595822397a1574965a3047b4268ce50e11c219a9e5e339c56c9d867e944cc09662c126954ddc8ba14833a8d182c5db8da5ec520a1134442d66ec60bc318e2c0f0d908454545454500000003e87efbc2d6f276bd0c38e3f865316628c8b0baa5d2d00c4ef5706367bc837437bff765de92740982d9936c6b689dafc17cf942545a4eadf9227fee82bc30f55b0562656e63686d61726b73
010093ccfd847e9f30cac0b1fa8695f23955002bfb10cadd793ac8906a88fc89540de779a306d995795b362752c9d45fcb3d15446b66832c7131fac0eace1e7dc470f912c16c59faeabb283eb6d0749e551dbe6ec60bc318e2c0f0d908464646464600000003e822dfa1294367fe27fbb7df2dd4ab6aa911543acbd0aa344db99d78b8d917ba442800825ff81b8b7db55ceea91223c2dcf489cc1d3e03d0be4c62392312a7ee0562656e63686d61726b73
01007c9fe19ad2ef1a5cb5fdd2e6eec7712d00e08c6e21653a9e968052939eed6c25b15ebbcc756cb2f52bfea95a31d622da08f17521865dcd6e32e9dce3f34955d0a6fcaf9ad84219326766bfc9e4543801516ec60bc318e2c0f0d908474747474700000003e8fc75e866d998d184bad1ce417e81f1ad79b4de0b895aec6a1dcbf50c8377ab8402e859a65b3bf83f1079a36f8344b927214f24c55940c1d1d189798908159f0a62656e63686d61726b73
0100d5ad0a70b418e1cf1b5fbd33aa8afb08009312c20d030d3a945e9a5f7e1724e01e3c6b531dc5a452725aee2e5979bbd14d206882c601144bfa461d72a8faf619d40fac64afc6f04741256895b39b0f9df16ec60bc318e2c0f0d908484848484800000003e81ea811e1d9c0e58c6f56a1111c892ba39fa49a568532d163d5433988cca6dd3e3edb6d336fbb63fc7d99744ab03123be21ebb2d4813d6727b0dcf62a93c8110862656e63686d61726b73
0100b7cb3c374cd2478f0864f990cae481e000e2e8daca17f450497dd1c5e56179a3ce840ab999733a9dcb7891c43e870bd75baf756496f5d65786ca5170f310518fa65f9887a5e15d516fab1122568a88cd0a6ec60bc318e2c0f0d908494949494900000003e8ed01d7bcb13f1252c1c2f0ab1f7fecb224f59d2c442eedc0eff50fab21e3a0f0c0851d6a5c7c7f5f9309e55d4ac57463b5f4c3b5e5c165656ca91f1c36619f0e62656e63686d61726b73
01003b6f5bd232622ec3973c2ec63ed0fd6e0047efdd2bd710ac5934577fde64783a812e8edc2eba4ca5ce3a01ef86bbcf7f5a446422d1946ae6d064f728f857ea81e9933b87b9386962aa2f218627a0603f0d6ec60bc318e2c0f0d9084a4a4a4a4a00000003e8e11acb5d5779ee73ffd016fe66c4bc72bfff8b48e220e4816c7c405ffd8553dab9c337b5de9df9e740f044ed8242fc50cbec1f1a76e9fe5099d432e4661a7d0d62656e63686d61726b73
0100c2fc8518f0f98ca85f41299e9a49eb1d0078e3b84f1f3a0d7044944eb4ba85c12e2ae055be8ae3ab5d63eb065abea2235ebea26c2ec6a191fa04a7a984c9ccf265237b77f8e1ffad8d919cca9217bee2526ec60bc318e2c0f0d9084b4b4b4b4b00000003e848bce015dd0e410095340b457296ccee86c892f55390e62037fe4e878261876f862658c658dbe0ef6e778136b2b11f9b174ca8db6dcbafa23921417c165c460762656e63686d61726b73
010012d9733e65fe6c4a45440c14f4f4e2d4004b2112118ddebb04bfe37cc7a6809bd5214cac3e1ace5fc8538e5358c42d6965cb8a1e2b4b6dcbae805a994543be2ce773208d4a2e2bb7cad3d0ed5ca5670c706ec60bc318e2c0f0d9084c4c4c4c4c00000003e847d6752a6a4f9dabb4f5c881cbefe784cf35181a7cbafc305ee3647f9ca6c789a5bb2ff14626cb4a11f113c5b36d473633353750438e47025c8277bbff67e40962656e63686d61726b73
0100dab79d328fe2f4c1f788bdadae19136e00c31cfff58fadb6d4a32dcec9410ff9966a362e9a22583c8d2faf8d4098435720e6f6d0e6ca0290d53d936d647d1587a8241df883cc9740644ead6f08bd3a73216ec60bc318e2c0f0d9084d4d4d4d4d00000003e83226e66fa9dbf11d5aebd894ca14c5ff4637f4b2fe8f2beb3b23053e809a03de173598281f0b858b643c140736d1e553d933bcfec8e40b8b61c2f499d299eb0162656e63686d61726b73
01006d7cb7130d98b77d20db803f70013d48001459957afc8fc0d02c959ebc0bea3515c70f375ecbb37777ecc081e8d392e66090e3e5b21a4eae6ab84394aa8994e60cb84bb16894cac2378ce6cf6de54633d26ec60bc318e2c0f0d9084e4e4e4e4e00000003e80a99d136dec1970d1b4d8bad52d0d31d4f61353bc53b085c778c71bddca20189306eb77058a63bd6305f1b86e3e040b492ff724c48734d67aaf605edfd4e720f62656e63686d61726b73
010081129033673a25d90bf05f6466a229a700307bcf7c1c40620954e3d16616f2695a6e2f8b7aec686a968b3a69736b8f626815a20040bdcea246b2754f7faf7c4f5f1f003662074f6f1276ac6146a01506236ec60bc318e2c0f0d9084f4f4f4f4f00000003e888e8e2de6a5ef4b2c4011d6f5ec5e65386a8e5f12de9f1c4e2217e5380a9d5ec3ada65a7307f47582f7b1613b42c01848f02cbbfb6632827a12dbf30ab43ec0162656e63686d61726b73
01000adf1adbdde2d7ab7b4cdaaca2ecab2800f35746b523704a780b88c374769fd09c4c01a3b2873675594d12167d3efda82559dc91a7b42b25b6a82204c24d7e6dfbc82f1137a3b6783f37bc3048a8a554026ec60bc318e2c0f0d908505050505000000003e82865da34b1958f77fa7d330f97e06234475cf6ee8b9936ef4a40a8d0f2a9ac369f72235a1028e94b3d11ceaef2ea9ed8695ec24628c214a5e422615d2670340262656e63686d61726b73
0100fd92d3a0cef186d8d1f4a3651ef3c6b000a8754c2c97991eb95bf4004fa691377ce75905508349038e585a33b1b7d4024b266f5dfc85c7ddc19facf963fdbbc41377ed023522a49fd8ccc4ed04486712996ec60bc318e2c0f0d908515151515100000003e84db85ab9151963dc8736d73758411785b3cfbd9d80c6795ec53e3bcde7d55d747e552d9f193899886405ee8e00d5deca57cf1ed8625d6caf9b5fff4cbdd0a40862656e63686d61726b73
0100854d1a698f5afc258760f6fd59d73b7f009ae197476c0904adde5c7ad14fec9361f2e8337bc18e9bbe236bbd2c6248232fe0e6dcb6f4f1b327c6cf2384d518931bbbc54e8048ae74dc59280ceb41aea9886ec60bc318e2c0f0d908525252525200000003e81f444313c5ccd770b8e370c15973fe08fdee554c34bd71eda242ab10f6117d33e1ff42d18736bc51edd3ccc3ad4c9a55909881a35c190cb926266457cd4aa90962656e63686d61726b73
01001a10e73e0f8044663fae179f7c03689600aeed6c5cc07da16ac028961b572c043195d79128e16d7d28fb688b6d81079512c254a227b77d0481a87c8784da04bea62043c9e064b682b55370b37a9a0d22746ec60bc318e2c0f0d908535353535300000003e836f2f6c1c450b6e5e73e979396467eff497c9e01efdc0f8b28bc8435d06d460846ed6cd67a88a559bb06019a5dab0d72846face3a60a42d1864baa2df572260c62656e63686d61726b73
0100fff6ae66a0b7329063b3dbf7c8f7ec7d00d97feed4b76b23e44602ad3601a6f7ce130d06120aed96b450f615210953d26adabf41a11f7ae8e7daf87f85d0ff7848274251ed98a77412bebd51b2ded717f56ec60bc318e2c0f0d908545454545400000003e8abffaec42221b520418ad6018c4c49d5d693ba854c453d121a500a8efb29fee492e0c22654d05748a22fb48cfee22d02fe3503b6c6852b44bed763648315dc0162656e63686d61726b73
010026d696d429b92a4034011485edfde04c004438716a8231cd657e80513598e07208e41985c55e331d4d73147d39ee98135bcefbf7b839aa10fcba1fbc54992886d5480aa423c4559ca132e65ad9d85a18886ec60bc318e2c0f0d908555555555500000003e810aa84bcd3f361176a17357107508df6c0df67a422a77c56d67d20396808d6d8b0d0952ad65bd31d00e69364f0d286abbb84979b7fc5cbd5a66264042515970262656e63686d61726b73
010074b25c9df50cda381f688e9362cbda28000ec525489b5f4f8ba9b61d4a9d9695359d30677723099ee763d8da4f5a597022d2482012f268401ac55f32bbc6fa969919eac2f67b2d06ae5232cd4e59e8a0ba6ec60bc318e2c0f0d908565656565600000003e8569af8ffd9261c55cf67c2d495a327c2afb7d5a32e12f2e0ad4b22b8bba85c5a696e6ec7a65988ca94665f5afa3a9bf8b72d59db0b1016c6a939f4f5cbcf0c0f62656e63686d61726b73
01003d9ee5c80bf1e195fc7dac44d678000e0061698b987130bb360e4be6fe4e8a572566e2f02e437d1237365acd0e6bd22b75cc705f930f3fc603f7986ff4463cf7319ea44061e122f1dd0d964c4ef08c9e066ec60bc318e2c0f0d908575757575700000003e8200d4d6d86828bc10cd5c47bf6d314f090571c71269e610ca00db9338f7b106b697d156362bed56f9acb84ff8d6f6135087322818bf7c440fefb0188d80fcb0662656e63686d61726b73
01003b2a80c15fc3d88582dc5c3970ed3155005b65f9c1b307c4906216faf018e946e813264d3a9d09472762c0ed0cd263d940266ebf434816e9106a3d81f5d8bace48ba2c37e5d01d82ed98acb5ab098d5c5c6ec60bc318e2c0f0d908585858585800000003e83e729136cee14bec6e57c30f6fa89763c0cd58fe9a81b4c004a18c0908747070d5bd585e4b9f9a7cd5df5494d273fd7ad142c15186456eecb85a0a8e00094e0d62656e63686d61726b73
0100dd35b50a54c0f56a81bae64d40d67bc900d88d7db4e8130657d0c13e22772d706156aec397f2240f922611d132ac99ac5cf4890f32fbd8ae3e5838087a755434d94c44b8d2e8a7a1441cf13d64787370de6ec60bc318e2c0f0d908595959595900000003e819e84ce527d80992a8c8d99ab994e21cdfce0d8ed4320c26f73094d8c57198acd6614bd7db14ad9ced18d280fa46a8f2ab20117e3c5b839516ba718120af780c62656e63686d61726b73
01008d50c2d7548c93754b20c2674a34ef7100b7ff9271ea287e1c333250bdb63e05c9b3d00643921bd902212ee4d0adcd3b505c9c3a280e11ceb6f33231d7bc0771c7ba0df7c392944e5af36d6a3fbc0ae1206ec60bc318e2c0f0d9085a5a5a5a5a00000003e8afa425d49cce71c66b538e3a775935f37d35ba5b7cf0f0805a25f7226826be5bf8bfcc48df5bd5f7d04f4ffd6c4463d4c22ea68b399135b5ea3bb137930a250862656e63686d61726b73
0100d262cdd748e7538fe0f8ee3f43931c82005dcf0d8a6a6141364cb5fd97e47c753e6f3fc72acc1550ed38a51cd9274a8d3784591e807e1b7ae8c10f50fbb6ca5848fafb5d6bdf17a6fd0c0947012286f9826ec60bc318e2c0f0d9085b5b5b5b5b00000003e88ca323be595c30360ccd727eb77b62ec8ba9b8a99763ba8d5c2fd74d6924ba05cb7dab472f92cbfc7fc965629549f29d6fb5f8a0ecb7ca7ea372f626e339480662656e63686d61726b73
01001652891d8ef246bd85573b550bfdd14b0061eeb8c92011a96aeec98702456ed9310bdc82927f417c7a6d7af67c443961600fcde0790f90c3b35211ed8ebb231349ad6d53312335b7616157032b9f050a546ec60bc318e2c0f0d9085c5c5c5c5c00000003e832ba22367a13a98a952e58b19750b14fb6d4695159da95a28e38179150852ba3730276b2a25c9092a8ba39333010c54ea0f0e63cfdbfadebddec0250264d990c62656e63686d61726b73
01001e40b2a0eb7b1f1197c71d33b97e46d6002be76e94226916dab3fbcd8097292aa939e4f709792bb349b20e328299a33a2ceae3d9a856f094d926009c4efbb29a5b5045c5df6a68f508f88ee3dbba5f76c86ec60bc318e2c0f0d9085d5d5d5d5d00000003e8e628e63757abe54e582614c47d222fe96675b3f685b05d7ad650cf74f4ef69d792481d42815e7fbe6e7cf74ab6367101da8d48c5a781353e57154d96dc9f390862656e63686d61726b73
0100aec6191752a4ad0552ea3a9e86ac999c00cde279a70fcda83994cf456d9968e54776b5b8a7d80e0bffa7bd4709a782a660d6c57d93e9d7f896ee54c77725536812866b66a0ade290c0335ae0d2703db4136ec60bc318e2c0f0d9085e5e5e5e5e00000003e83b93fefb3cf070f192f19e3234c84c0ae0f9ba8944c2587add38f99fad09c4eb32e499bb1fd0c9624562760a7f7c742c60fcb4719fb286d7a77ae101d6cc300762656e63686d61726b73
010068f1a2d53866891d8ede457a8a6ce4cd00ac96a7d4436417d56c10912bfd96809ba861ad7f68187ef8d343d0a34ea03c0b3efc6abc94546951e039ab439e0a8e31f9ce100686310f3273ff4fe84938698b6ec60bc318e2c0f0d9085f5f5f5f5f00000003e8b8ec7e3fea4da4b27785769dc7823dc679536355e985d2ca899849235aa0cccdf605bf88c8c5bbe47e7aa4c45648687b7ea941ad51f1e7aa83f39145b4ea080162656e63686d61726b73
01004cbb0dd1f95041d399e71d6d026e4e6600db6f01c7a1e781cbf6e99d48140342373d458ae900cf66564294df594c960e2bf641fadadc6dfc9fd353ef6f88b686f4c5dd15ba74409b7e329552329a7e452c6ec60bc318e2c0f0d908606060606000000003e844a1bbf07be9f7202ac1f80cd53781b5a724404ac34e505849275ac0df2ebaf534c0e535c6b6d52e8bf63c915273888be928497945aa875d4fb89b886a2fe90e62656e63686d61726b73
010079b795b25288e98b86ee67ab7e28d947008a79b5be6d8c24de4f62c093eea6c854de014291d2a79978fd8a929237deea7beb3131359fd822c00559b800cc9fab9bad816ae46cba02b7fba07ecfad3c8f716ec60bc318e2c0f0d908616161616100000003e82d90af08f7d9a4e73f7b32c0e3cb5b5d8c6aca2633fbec7d2aae5382b8daf6e107ab2078a66973319f798d30dc31d1ea2af6dabbf940f449c556329f1381b10562656e63686d61726b73
0100fa3a6e8ae04d6eb2875b0347f39c57fd002bda3c2df79f06c8d3842fb86d0175c01a2b74f2197d61afa7009a6599c8c16385178ecc1ddf4ef30d06a38a921b3fef954c4acdae839cb8a9a26c6385f3020a6ec60bc318e2c0f0d908626262626200000003e81fea51594bc36a4419e4b7b2491fb6f5d3d66effc788121085407d793b86ccae72a2b696a0bb0bd2887788cc9619cdc751fcd2fa0d074bb160169df27342230462656e63686d61726b73
010062763bf02a78f4159180c044650defce005224f03edca3c002a38b509e281ccce0789c55fe7aff478b1ad2a094f269bd65345a09bac090dc9e1851abdeaf8318c937a11aa3eddbbd0cc7db382e79b676a96ec60bc318e2c0f0d908636363636300000003e830a319339d0e412b2504a553d05426d59d7f75cf27c88c6f3f1038f20c8e4e0948e389a59fa78216114384d3317db96cfed180c11e064e612da23537d869020362656e63686d61726b73
0100c3c4ad7395edd714652848b39384745000c8b8204f7abd476fa8f2f9a824491ff24982b04d5e055d2f93fa4d1df7429673cf1c05dd8efb501c85850c8ee8ac09131906d605449fa1406cffc3853d92eae06ec60bc318e2c0f0d908646464646400000003e847cbc4525ea7333944e1ae901724f95af0f45f98e82330ed5e53d8c8152b71e21d2c019b6fbfa59022f383366017b576ae87bd4a0eda280adddc49fe2c60180d62656e63686d61726b73
010043624b28023735590e2b00bdcf0ccf2b00fc20e64bb1638ecd414689c5d798d0c9d90b1fb6c1cc3dbb2dcdd2530d295b245adda2510e54be2852b49d1cf25fc9ca53846bb9236e58edd1f04a06e2ccbc796ec60bc318e2c0f0d908656565656500000003e8378747c087b89608c33d48a82f72466404c4505ed215569a84c52ecd3d7fc05dad0b93d3e508dee194d3b06413b8116ccd46fa32f23a394f107f5fbdb4634e0662656e63686d61726b73
0100e15231a82169275b1062c1a9a826bff30084d4e24b0e5a650969575ae17464fea1fea641d955fb1a06d50cc41f5409912d8ec88a960b1fe76122466369d8aa6f710f3a03dd53c80c0cdf30ba4b0b21957b6ec60bc318e2c0f0d908666666666600000003e849420237f7960512eafbce7e1a326bc2e34b81c6913e6b3ab6e58dfc71a0e354248a8518e28e72cd1260f2496adb8cb4b7ee56dd89fc602b61b13d405659600162656e63686d61726b73
0100b1e5207724f5ad0a8f32ad9dbeb042860072822dd234e5d4f794c49921777009cb1327699a0bf75e0099e33e78fec0634e397206ebd8f88c5aee4a35d282c236624f94162b3d36bd3c339d3c815bbdf6c66ec60bc318e2c0f0d908676767676700000003e8106c7875e74ff40667f69e1322252cb26b0bcc0971211017aafff53782f7d51840f0ad02f990a4742d8c8cd65f36d5edbcb960a54c775f25449a98163f9b060f62656e63686d61726b73
010044d5a9cc78fe3c6bb159b7db13e58a18007f47186bafb3307cb681f6af55f9343e0b3303d6b8b2b76bca4445fd9ecea620a4c15c81eec7b2df79d02b1a6a4740b86611ddc02648b931b764b4c07e18477c6ec60bc318e2c0f0d908686868686800000003e87c4ea963473b3ceb91bd58bde31badb20c26aec472515c46845e1af73ce30197402151a7842a592675c11b87180a0b51f5160bcf2c3dbd56be4ab36cfc271b0562656e63686d61726b73
01007ed3c377ddd0c00bb1bb2b9691e6db4300bc207915318de6b7fe48297d2a1e16f23c1b7d3b832d43790f1fd774c6ec727c214817ce6589e60c89fd55ff0557b73348bd5fb68790c360826e11d3d061abc86ec60bc318e2c0f0d908696969696900000003e8cf92d336428ca09d15742e70e8936a97c635222cb64af14b21215e78b19d23377e34843ef40fa4f50530c2376f91947b712e5e9d0960203edecb860f19ed8d0d62656e63686d61726b73
0100854e7e20f90ca1c79ef0e3fe3fea8fd700765a9b28e0ae6c2b199ae8a389a82edd8fa93989bceae5eab341a14f2ae73f2ca13f4b80c8bc3ace723629be6a0b2bfba88c4fa1690f304afbbbee3f58ef12366ec60bc318e2c0f0d9086a6a6a6a6a00000003e8f5cccf24b7526501701ee806c67a80fe917870569267f976b989df8f3bd1f7c107101eda19805f5f5d3a4153cdfc34bf22749b5e388bafdb44652333e5c8190662656e63686d61726b73
010051d79be1ff3fb6328cd0520014f1880e00931e8a822d3a485f8d6a6ce5cba6e678c12a3b7e78c4ef0f68c648781e46c91b125e1fdf570ebc9dcd4b176a491945ea19fc8d0146a822c38f2d737be5ffbce26ec60bc318e2c0f0d9086b6b6b6b6b00000003e89db383cadee7d2d6e60e3bfedf74e30c261bfb7b6602b63bd65f4bb5671bc5ab511e4a35cfb708852a276f09177e517b097a3378eafc322581fdd2f43a84650662656e63686d61726b73
010050bec9ddb3fb0cf1314dd3201c6b379e000df207815f496a5d7c53b7ff15eed8a3ccf76ba6af422bc54199299a554fdf2d059abb1d87d2d3daab43a82ed83bb0929dff3744b042f7ca9117df7f505921b76ec60bc318e2c0f0d9086c6c6c6c6c00000003e8fc7d7af2c4b938db401c8ca4a205e2220faa865d9c1085a7e9fd7cab5d69d212dbd6bc79fe3885f4ef44e84860b0feb8b94c47da2f4032014280efbe8e64400562656e63686d61726b73
0100e8a7dec0484436e2c05c58ca100382e80045c9566af138844d6b97a5ba46ca25219556238e7176e40b5607059853c45c4ce70d3b2c1508f9c59421c04a26c8a5add5f513eb302f9388df4eb05eb7b699276ec60bc318e2c0f0d9086d6d6d6d6d00000003e86cdb0616aa514e6baa7df26eb50012e53ee43f28ca3eb838536d3c6897d788fdeb3c01bbc5ccc7ad2a8f0174317dbca00a4d5893166269e4f434f068c10c440562656e63686d61726b73
01005a521d16f4de6b1c72b7b2574efa17d3005162850635899a0bebea24a0e7ef8fc727a4f1653e613273320b70b1930485788727ffef54bbee92e5029c8829cf3b2ec148e0f5c428fad473d1b1a5a93d1c636ec60bc318e2c0f0d9086e6e6e6e6e00000003e838097f7dbae2f4231d92202e5a6ee43cc26b3fd2d55264ea86e53840e01d7b403a3d70dfced78d81211f76dedd855289dae11ce6593483ab915f36992b075b0562656e63686d61726b73
0100e3ccb7cdc2d0566eaa94a3037e6eb803000c75d55343bd596c69df08afc40f6dd5cc7e6d7cceef0299fc8133666bdd387afeeae83690f6aba8f3aaf4db2f8152381ee0c8d6bc7e61690ed5615524e4a2a96ec60bc318e2c0f0d9086f6f6f6f6f00000003e8cebc1005344e41245ba65ad241d10285d2979aaef286811e1993099459e5f0066962e80ae2e697073f579e1dd75020146d79c43286e0e5c0dbf198ce80b8a90362656e63686d61726b73
0100ecf71634c490f4bc3cd0861817e47e3000c11f6c7d49613469f2cc7f35e3fa299da4324d47e12d02e78aaa060abda8e506a2c2007b1c24ecbe4e59134414d06c97c9a6152153862b567d1cabcf030b432d6ec60bc318e2c0f0d908707070707000000003e8c01d22677ad81e469428dcc2be0292dac5cd333463c7408fbc829494db0df41e50ee7e85f97ab133eed82190aa0b9dd5c2e1406443b23e0e2fd439d9e2330d0962656e63686d61726b73
010067f9d8538978719a2dd6c8a5f6c31559001d0bb87c6581fede696b3470e464258dffb6f34f38c80d563709506d4574fb624ea4f7395442abeedd5810b340ab5e42a26085694b5861543cdbc12caf4ae2546ec60bc318e2c0f0d908717171717100000003e8b4e6bc85f573f646d208b1de7af291db481fd80f156bf9491222ac260fef6c241564bff29361f870d92264574627b54432e34633466273e4420fd99a0dcb320462656e63686d61726b73
01003645bad3883024299d5465a7e40f9f0400c50452420584564cb83af8bf2d6642d0543099951a8c2804693ee2a1d9d36e6c864a50d6e6c30eea56dc73bd341e2830443f3db5eae60b4d9b01e1e2f697459d6ec60bc318e2c0f0d908727272727200000003e8be67eb1509c78a4a4d5769265974919ad04281ea1dbf57db785b627dc6d76ce750127063b86b85eed3d39412384f5a42688453e324c350206755cff13b032e0a62656e63686d61726b73
0100210136741dc6ed746328d99008fb960b003fcd62d21fca2c34948b2b30b11cd7b6ca1ec792216fae17a7045a6fab3a064b40a84f04fe269e4d86a27ba6625a37d89f6ed332d3a970fda30502db393307c26ec60bc318e2c0f0d908737373737300000003e8a44ba3589171d2b76cec6a8f1327aecc7686fce87a22a1417a6c6eef6dd577a1c9b896bba7a9d3ae39dd5e0bd5956441f1895fd825ec37d991ce33362060b30062656e63686d61726b73
0100609fd98708cc4154a64b7ccc3857126a003ecb3343a84c62e98ab95c922173404ce08dae771ff993d2b0d17c6d8137bc1d6d4b0f6641798d2245cae26ca584eee89ef3059caf45ff5a2700b7819b6a6bb26ec60bc318e2c0f0d908747474747400000003e849b916c31602a72bc359773d11e9b11ae90edafbf1c4e68ae219e90ab5d088f32da58e171e7c1babf51b437e32b6c554f5acd58b7e11dbde87ad676c3900430e62656e63686d61726b73
010048786716e4c117bc8a36e41649f74d2500354c8f3a07a50add3f24317d282b44b19bc4ac8561a5ea9f48a448a88d5285379e0d36151423359dd45a04723cb3af188330f5132d1c2d49d743f9c36c4ff3856ec60bc318e2c0f0d908757575757500000003e823db5846079edeab3be79c0ca1ecd6ee7d07bc6950368cce1272e5d6df82842ae38393374c26268176cc331504eca385f6efbeacc8c97969c10fdf6de90f100862656e63686d61726b73
0100a9620a7be4e3b3c9f7d92bcd754e8c6a00e01b2ee288dceb40babc5fa41e6ebe023a6c457d9a95a8b5d1d69326e9046c73e51ec6a8225b0a9efb165038582ab2893d10763eb5b2add452eb161de3e199636ec60bc318e2c0f0d908767676767600000003e89739d292f0e9860a175a5d3487f8c09a85c9e159cf98a2451a5df59b8ce8625402492c1dc9af077e3fca0a30905f99b0b13e51314d807444980b6f035577380562656e63686d61726b73
0100dc40d29f666825ca469a3b520fa90e9600ae19c6d4371ab0f1e656a1b5a425aeecfae99ba6920ad9504a6ab205896c741f429133cb0e07b819db2c10f74f7e129789dea2288a4c176d98e92500b4cf45fe6ec60bc318e2c0f0d908777777777700000003e8fa4f608710fa54fd5cefc93f22976bc3d53b82dcb34e9da7668e4c97aa9becc3255a0d3746c401e3e873d967771e56e8670d2b68427c202d5b8240529899c20462656e63686d61726b73
0100f3e4faeab7bec5a0dfdadbc4b94eae810067710a751c41eb43633895d7f70f2709c7e3fe6c9dc299de82422c37aefcfa0d28456bb49674df4373f3e6b61b1842fa824acdc6120b5676c17d67b70f2afe9d6ec60bc318e2c0f0d908787878787800000003e84a23da45bf678f9d5cbc42f74a37e0e42f364cb8e9bcb69ca8526acfe6f03a694bfc6b79058d600dc8e1d28b97ccceaa2b46c8038e93f11ef80f70147fb5620262656e63686d61726b73
010042dc2166c95227da61d746aef43d5589006665949be5c09b44b872336bca7c8302d48a39eecf0ac545aebb8dc268b75771f2a49be2f456de837aba2dc081a3b6ec46364c7a328e85ecf2b55e9772ff5e966ec60bc318e2c0f0d908797979797900000003e8d6edaeadc2734156fbad1c0021504a73aecc9df466c09734f91addf7ded2f4de520320d6ac2f0f71d78c2c70fe70bc3f0ad872ec39445ae351246a71e9a0960862656e63686d61726b73
010088505825e514ebdb0f0ac177bdfdb02400eebeea3c07a2a7f60ec9a6fa2b9c069a639a2a3976660561e6ae2410991428432690c3ff0a98550fa84455efe979cc9d684301cbd883742a3896ff5b2c38fec66ec60bc318e2c0f0d9087a7a7a7a7a00000003e8f32642306226179ed2822e3a38315c81aa8afad412a544988d84892c34ae7919b29326f22aa05a8d38daa799a04d24fe3e4a9f66b7e345a32de25a1099bdd50c62656e63686d61726b73
010093ed797a38ae5e3f5003418a1a1d902f00e0111450fe7e2914a2ee8ebe15d1d78de8f63cd6c6945218e3bffd4b731cd113490be6e1be40911948e3d4606d912c90978bd8a1a7df8adecb98980e1ab691af6ec60bc318e2c0f0d9087b7b7b7b7b00000003e8413f864594c1cc3993ef385bee9e65ba315d9fd5192169431e267526434a0de6b0fbbd0248c9dcaea9246b094c7202bce926383b4120cb368426733529eadc0c62656e63686d61726b73
01003ecceca0c77cb64e33b9ec5cf193c24500948e2cd1046ed5305cf6b672280649360b2ca978263c693f5ee88b72546ce77f41219d3990f7f6323f908054d3c94a8f39fe832817b64690ea76f6487238e3ae6ec60bc318e2c0f0d9087c7c7c7c7c00000003e8be3a85d989f13fe7e506fdb2ab5f2c5df41271918f05180bd9a1f276115147fa1557e003245e8308d4f065502920ec537f2bc7c088dc7f0f293bf008fb1cb40362656e63686d61726b73
010031acc241dc72674799168c332fb07074001980d57edb74386ae046430674995bec0d2408ad1c343ed500b097ea963f4f2a0fa5596e2a288a43eae38926f4343b51ee16073bca4147326d7a551423e23baf6ec60bc318e2c0f0d9087d7d7d7d7d00000003e8cc44a0e72b47ee3b3c0a34da3109b1c710577f0fca96fa655e02df6c7ed1dd35fef75e99966ff2c39ecdec45ac31bcd02bace9476c282b2c2a3b1ea1d3ef3a0762656e63686d61726b73
0100723353de460ff1d4611e820744c5eb8700ae36c157e8fbf840bdac6c2a4d32df4c5220b363f8bf9a308c7f388d8f35d029d5d4a529125b8269613e91c53c26edbfd8e1ee70d0caead5d8f8ecf1a7de06716ec60bc318e2c0f0d9087e7e7e7e7e00000003e82de031872dc4361fc2b9b9201148dcb4fb0e9395fd2785023725a2392f2c6f51d2c83b208c9dfd5cd7491848cb03c524de126dc5d34b49441141524b28d0580462656e63686d61726b73
010046cd9aac19114270d7ca8f719aa13980004d3220ee20fa68131764f360a9aef3f90453a0d71a1885afca4c703891181a3c9a6acb9925bed330db59a0ddca31ca699f36a57e487b40f0c0d6300d9e6660486ec60bc318e2c0f0d9087f7f7f7f7f00000003e83e4ce5540fa6522c870590139a6c8a64e3e29fe93ebbe77eda2e82a0c38fd56360047a3907d43829fc6a3f97f47d6f08e7b6ab2ace7bc72613be2a8042c2580962656e63686d61726b73
0100b35abe7fd835fe011da4f27cf9b6175000861e8d8a18be6f6c75dd7732e7ad23172f632c323d12cf1c99881fac1c208c720dadde5d410217d4255f3175e6af1ed25b33ccd9c098c21a66ad271afa90f9dc6ec60bc318e2c0f0d908808080808000000003e8980ea08e0473feec451d0c34cdf660ba31da3dcfeaad03bae860df48ceaccfd1b3aa0434908d7f7c7b1702059ea6097b67a9b968771f14c7eb9cd13a62db880562656e63686d61726b73
0100ec2c26ef8a358aa8a457b67a8086baaf005e9fe3548d267d8c9ef3e555cc39fa33ef601353a4ea3eb7be05812424dcab255c8ee580f7c1d08f801e472165889625f16d98f237b3abdfa858c50893148e1e6ec60bc318e2c0f0d908818181818100000003e8df0b1287c2acc8db1e8363222058995cb22ded63e536b3017a6e515849d4999e4391d11348ef3e5127d45916e11218d4d84006d5b6d672ae7e80c1020526630a62656e63686d61726b73
010092795143e48daa88bea156f2bd8985d9009b82e1365ee0cf9bb51c861a7266d4a752eaf7953827fcb3b71101bdefcea84e580ce500d0d25d0e21a5fc3fff0a91f538485ba2a12ad9bdff62d1b59226b4cb6ec60bc318e2c0f0d908828282828200000003e88e5277492cb4fe82c6b7ce02f9bae48eaa4b63ff8bf3689acda404157318987c988c660d273ec3d61c9b6bf6a323db0751711415578f554c4c6f91bd3a79af0262656e63686d61726b73
01007152d726754139c9ccfcaf8867c8a94300bc615cfeedc19ce9dd5c49012cded4ceb6a1835e2813c5b6a685d660bbd2141b52868014825c34179a94d7bb53e4490103b610c52d7fe561a518bd21f3397ce36ec60bc318e2c0f0d908838383838300000003e8954649c0913393258ffe8fcf52dfb24cb081c96199bf8c81567f9e347d50bad7045fce9870937fd9733bd604af2bbcfca0d1f64c5c11884af7307bb337e7870d62656e63686d61726b73
010089328ad2dc50a5299d1e43a00c96bca6001a4c026b3b9f71584b0daf48dec345b82026121f4f2cbe3cf01ae53a1c7dcb46693df22f6e8141e9fceb1d97dd5d5a111cba9982e0dbee26e5a590aa4e7109db6ec60bc318e2c0f0d908848484848400000003e8436434c61a012a57508e81dbe2701156d073219812697cdbc57a950eccefae346bf3e6cb651d10d183c273816a549086c585cfe42dd019f11e49f224e0bf170762656e63686d61726b73
0100dc6705decbd2c8eb9d613fcc1392f50200fb6b8923f983aad96fc058a3ebce61c6858467344df434f96faada40a654d33463e1911644e13924e5d6cbe733cd937315acf0d9acdf01e2e8ec809d2d7e9f946ec60bc318e2c0f0d908858585858500000003e808abe85777358c8404828e94abd5fd96f96b08f6fd72d190bab1a7216d9556754f6f264f875e8d733f1c4ed0315f27424bedeebcfadceb5a5736cb21be25b60162656e63686d61726b73
010075a134d2efb11072698fa550444a9ec900cdaac0300ad5ea8e08fd8e1c43229f0b99162fca94ee90b6107a867d7637f756e9efad9d798b8b4b1d806c3dec461ec5b91f097888fa9eddbaa0f68c5f3e17b26ec60bc318e2c0f0d908868686868600000003e85957d1b8333f14d433354f54573be7fe10ba0d8b92d212d2382f886c4b0623bf5e56bf6ea6c0c49f13eccc0d811c0e10977b4024804fbac2fd3a1f4c915ec50a62656e63686d61726b73
0100a955eab7873afb5bfbf812b60853aea30056abd83fb97994dcd9cef603c29bab0e40b9668ade45bc846c4ac6d77942e01a15083f6cfe6e5de2dbb4f249e668107b0626578fe58692edd659e60e7345edfc6ec60bc318e2c0f0d908878787878700000003e8a2b2f966d1164351f4672a11637764a27346bd2de1f2b4f5ad6c2e5883b72fcef344d99eb05afb34cf098778e8b86c52fa30918586cbea104abb7e13fb10040662656e63686d61726b73
0100a4b46f40dba1ad4199a438380838d59d0075eaf37a29904bb4a800809a4ee8b62441be2983f0e54e26aeff9f366bb22d1bed24ba22e49ac9f1480623319abcbad841edcfd5727d765c4970b32e36f853516ec60bc318e2c0f0d908888888888800000003e85aaefb10a1e92d38ed50e76498d874d640e1caf83ca752a16fa4cbf96599ed64caaeb14fed0c3191e6daac99446f3cd2a0261b88f210d6122e68fb0c1d6efc0062656e63686d61726b73
01002de6cffa311b096fb45cd86f1fb30296004e7f4e8b217b9afd5e0e75dce0152935706b4ea7838a6c3002052f40f4cfe760ee90ae26a7abf6287ab64d930f3b39c09c199508c012f3d8cdc4f3b1a38026b46ec60bc318e2c0f0d908898989898900000003e8e07bd4bb7c9346edb3b5f10b1bd7e70e2f05a0f32158678dcbe5b13a788641d8d186b88770d9db6c14f5ec41c11ab900c0a7a152f8467dc21e1d8eccf52dd70c62656e63686d61726b73
01000de05701712d32fd356707bcd2c785590039d94010f929e083f8f6b910ba0ced2e3582974f5127659bdcfea805b08e3d007e55e95d3ba0630af3e07b56fe33f03ac60b1c1403045e3ab06efefff93633bd6ec60bc318e2c0f0d9088a8a8a8a8a00000003e81e57fc6a53486ae10ffc7abe0767076c06dc8361dd6784a5a225e2f77f4f537e76d68fd0ba44182765af7f926b0eba1ae6f07e4c5195ed516eab6534ac2e1d0762656e63686d61726b73
01007080644fd70e6f3d7985b484854618d50022c4ab686bed0ce4e5d19a1c4d54dcef760cb346f81a5efd04d4b740f5672729c939e8f1698784fb45791299df0e324959c6d7fb07c3494918e03c207a3f023f6ec60bc318e2c0f0d9088b8b8b8b8b00000003e8423ab5c16dfa141128915f1046457de8812436a4e9a343cd65c14294baf3ee0f1f0bc0b4dcd472de9eb3b6c50c0e76e0e5b8838f6a20363310d851e8be2b1f0e62656e63686d61726b73
0100b4e354799eb5d05cc5b9ae2081e23741008388a5b8313af8e7e7a72a7f2d9584da2793b20788b7789ff232cc2c4b36e0173d3da663bf71ca2f7726d653ae10156be5ceb6b15c38708b5a8f59b630947ff06ec60bc318e2c0f0d9088c8c8c8c8c00000003e808a112ef90e6082b38bfc1fea5f2e9a860f284fe5a2b3717896917227cbc428211b4f0efd40d600dcbc5b6e9637d44e019ecd4a2acc835b0dc1e757b92fc9a0962656e63686d61726b73
0100f083e7974761b10cc5e04ee6734b1a2d002c38769d0f0d341de9b4010110b8e63fee904ae16feb30fc5a02595d0770115061ce9414925463c5edcb46fa9e399b1c62c3fb6902465e366f8a0063e730bc406ec60bc318e2c0f0d9088d8d8d8d8d00000003e8fb1f8643d17cdd1a368370018bc771622f5ca2741de6b8b0e7ad4e3181efe100228cd6769a48c7af5ba28f02a8a84ebd7d53992b96f5eef9973a936726541c0262656e63686d61726b73
0100302209bb3e7523764ec1308762cfc0090070fe0448a5a78538b81578072ac4e637fafd1fd2895d5df3cd0a46bee6c1e21fcf46e763f405139071dcdcebee38b74eb6997c2fb022e46b2659506a54adf60c6ec60bc318e2c0f0d9088e8e8e8e8e00000003e8ea7cf3876308a17e15beda221c9aab053301e818667aaa1260ad06abcdae15ef8b84ac1d9ceb9e12426949232595e3688cd4e27df6be3fcc753ea8d65bbb870d62656e63686d61726b73
0100091b7d501d6868e1ddba9af14681d00100148abccdcec05124a3c29ef765b2f8599b0808cba4c77f4321fdd34d87ca5504238baaeea7c710ded14b6106b6dff8f6fa728e49645a9107f6b41ccc07876bd56ec60bc318e2c0f0d9088f8f8f8f8f00000003e8646442def596de3c3285a1c867397aa232c86e614ebde4db1cfa26fd8c25002f333256f899f36831970de66cd306f27224c5f8f2d22dc145b28e74639e4eb50862656e63686d61726b73
0100d2f411f8e99ce02cf36a156bc03e92b70084b86fd361e420a8f7f1bbcc570962f4af9cd1b62a524bce1f260ab5046be568c559602f79fd960d2bdcadd025fab27e95fd0c811fd8b4d8cf3047e7207dddaa6ec60bc318e2c0f0d908909090909000000003e865b4e15fdb3205c92194b72568f570347d601d0a37364d4076023d62761019099ad53a3bfae72dea22c897266a663d348dfcbd21bac3b65137be48bf4525de0362656e63686d61726b73
0100acec6ed5cbbcabbc29fc7fd263a38c440071b6e5d34f19bc94fc42df325f623b2d13ce6802ed43e99f13b7b5969aa0ec4af55e73ec663b3f9a5ddd9e8d0ddc4bbcce56e9d9c5550737a8f67e7b6bffc4a86ec60bc318e2c0f0d908919191919100000003e8106216d364af138aae1ccb2f583c6b453a97105f6e62bfbbaad248f61cefe63aed6845ef16e18df7c3e35952813787dd444ce122cd4212fb41aebc112c906d0762656e63686d61726b73
01008de43585292b3b2647674c0f7540a4e4003f339f7c15c9e254bb8be04cabc418ce7fb7f0ca4228963db3bb86094cd8416b1cfa6530904aeab37cc3e5567ee6eab77739ca36e1aafc91bfaaa77df204c99c6ec60bc318e2c0f0d908929292929200000003e8c83482352484b75945aa2a368290893dba2a5df7698e1c7f2e27ae1cc78a4be245f2a9d83d0386fde6cd34e36d77fca4a955e1188105c1bdc0a5576268c1780262656e63686d61726b73
0100cca935854202b6c909822c5991881dd600b620b5ba097faa3dbb3a0c37cbdc015103dbf576e64322ff8ec419ef74a5b87bf9f22502073258a77425a17a99a655310329348657335fcd95ba39533e882fc16ec60bc318e2c0f0d908939393939300000003e882ad11c5a36041513173ea5a74729c30805e69780204bd2e3cde9db43af0458b4ec0943f259d9ed6577c3f8526dde1e01ebaa7df7e4031854d27665df7a15a0862656e63686d61726b73
0100de0f6d7fac97ff5dc3b54278fbf2b54100d073bb89b3b31c91ee68cd9866b6d7ca932a2d50534bc60b5dcf1fcc342b384d778f0b7255c32ef137da09a22bf835053b9b996528f430f994083e8f7db55f596ec60bc318e2c0f0d908949494949400000003e8871acb967d4ba475f3d0fea62a2dd3df1422a8916df688ecbe247b2fef9655cd74184eb2c269cff5248ca97cab412b070e31aab2fdf6cd0bcbb36500c098ab0862656e63686d61726b73
010010c7fb564121a251a7fe0b27917838d9004ce39c9dd3cf5bade0969c13958ecd41997561ed96672c54f1b2cfee254b6446d32d64da02b28be2bb113ce1eeae8d5943f5aceb5bc4bced46ea70ee0de84ead6ec60bc318e2c0f0d908959595959500000003e863ac17f361231aeceae926d1b4658ba8599fff1d80a04fbfefc26b17f7072d82c1058e116d932d9920be7af59465a37eaf576e675e77cb51941eab233a4fc60062656e63686d61726b73
0100fa51387b2ee5b070a71ce24b33a82b7c00c31621b90ca5a93b2aa06514d4a5a9fe0c7358cece393774050b844000e61612c595fb44acb3e946f950037e4ffaaab274adeb100fd6d26c67490cad0f74137d6ec60bc318e2c0f0d908969696969600000003e8b37dceb0d19e154d74bcd0e734d8e0a6e19ba5b28480af22e72cd4afbc7d7d873dc9c59eed2aa6e5ff1aeb953c04d1e8bee9b0be8ae6a12fc8e7652f15ed970262656e63686d61726b73
0100c2cb940f83668f0fa7f662c1b2f87113004a2768fe0336803dbe6d5cc6f9a9076ddb5b7e69b67bb3b73c897a4e5d3c164db3dd4c94dafea2c381c747ab92b94867cfa980bd5236b3ec8dcf8b4a1e43c5e96ec60bc318e2c0f0d908979797979700000003e866ffe53d54ef6b677502061f0960985f4ef1f5c4c3d4aa3405892e763b57c5f902ec370af9659f87d3ac5dd693902090057ab8439b00462142e100cb0685a80562656e63686d61726b73
01003fff94faecd9ca50f7d4c9a9926e958e001a2e874e3a6192ed28abdeb2edcf69eb0a7d4def76de8704956114c5dfac6f59beea2235a2666f1dea752463de409b34bb1fdc45ae43c368a0d2dd6e4d0f89d26ec60bc318e2c0f0d908989898989800000003e86bc8157b45f7a9a7b068de0f9a84b3b345f8a689f1c7311310b821e0e6bbfcd4fe9c2835e86a702068b7c00fdec3917d53a41f637b830e25ee6c7a65ff84000562656e63686d61726b73
0100d1fa4860ee19198d152e831fd0f7289e00df5d5c68586db6b99e7ac72e73f48950105d76da0d71a1e600ded97620d22a1210c16988f4ccaf61d5368cc03f40387b109ace8270030f4ca525435f3a8138866ec60bc318e2c0f0d908999999999900000003e878d4d94888c164a6ff5d1dbf643ee81b3245723a4cd6750b4ac028aff2f967a5b4e5d0eb5c1fd2d58612dda7eaa85c407f0f2b68b3007a57c82331e1978d5a0262656e63686d61726b73
0100bfe4eadf9f2d3e454f266491eaf97a73000a674248cc9718cd5589b83df58054289ef8913230427503d6ccfd4dda0162219bef50e882d4f62a4f85b171fdaa463d3428e481f671055b5997e4e707b2fdec6ec60bc318e2c0f0d9089a9a9a9a9a00000003e87af6c88841a4694af4582c6559551e73174f87a7acff43cd775c635e8585a4e6b7e4d132a835553a486e2d752248164c80f1b44566b5f964b4b29c8090ed9d0662656e63686d61726b73
0100de16860c96d9bf42e6fe4a5088300e720077d36d3e5ea55d881265fad541041f2208f39dc4b6b3df1c3aae1ca1cdb8c1431d2426ef1dbf2683a5b76bdef909e5b9e0ccb3fe256258ce601052971d85dead6ec60bc318e2c0f0d9089b9b9b9b9b00000003e8c5ab0b83a7451bf89c8c4e7910ecc251012e7b7cbf44edc42885b9bd6c98efb374ee31d0a8856f1a6784f06253fc5561b5741a2762034f0be763a42c2457e50662656e63686d61726b73
0100e0ffff30b3a01931327c381579f1910d00dc7ebce13802292038de7ba3d51d5189d75ff1810437f67c76cb3bec9d581001ce74f8c239b9b12f0597aacd79a3bc42b0e62e3a214b276c9105281f45b159726ec60bc318e2c0f0d9089c9c9c9c9c00000003e809be0371a1ffd132d69b4d5c0ea8d08934b55ec4456ffb0244fdafde980ba862547012ced6ff022e8cbf9c9892dd4d46eca3c0ce088e0c986581bbb6dcc2140b62656e63686d61726b73
0100ce1b6e411dfd535e766ddd39cb6970450061809d5fdf3553fb134e6563ad0aa24df0a8b737722126ed331d85425cf98e6e78262a2072f958cb1a420e259902240ef5e5f74c7f02b657638d2ad4ef5f1e5c6ec60bc318e2c0f0d9089d9d9d9d9d00000003e8215064549683396262a6a687e6867633d446c1e5b9fb47bcd15eede22e948c47b97a272bcf9af535faad123fca5addbb9cc70bd8358029cf021cec5c3ba79a0462656e63686d61726b73
01001d6bc4d9acbf4136171f01c21609d4a9000b0905bd57810895a2ab593aa30443a9fd7df21a33938de1884da5911fa08f23b17f414ec2f4f45d4879b641dc153d7b1773153605c07641884ca8084cd6d51d6ec60bc318e2c0f0d9089e9e9e9e9e00000003e876e8290157136278d2d5662881c2c606acbd8c29745bcee0099472e70e936d36006882ce098ac9970c4ee0d87c596b6e3d7bacbe13f7d1bed19d22256b05330662656e63686d61726b73
010019b7ed765b58262255c4cc1ea0f9bc2e00692d01ceb8ab12d4e1e7291d05acf22cf7b50f8ea32a560dfd5b680444c0303aed0e939447ac59ccf527e415a61bd0044089f6b74d797f4f489f7cf7a1fcbb136ec60bc318e2c0f0d9089f9f9f9f9f00000003e82b94441e288ca90d78766c3cd32bb0b603250c9d8353cc5d91e42169c73d60f221f392bb8f7c703d09752d4123b0a142c8d0db47ede9c911d116f369a728da0662656e63686d61726b73
0100bb6f41a3864c354092903348b48d54c30080b8587499a76d85a8f33521e14de8ba42ee77a2146770079ce945dc38c727185d1ce78a234363ebed8dd7137d66a422a856afda6453e6e3597e6ba6dd35dfe16ec60bc318e2c0f0d908a0a0a0a0a000000003e8f4bc9c51de5a0774f11a98de9b48d6bb256d6cab646808519cd53607edb99a3f32386e0ff0a44b449e456093c5b28117899d29f361b84cacaee4d1e9e6cb0a0a62656e63686d61726b73
0100edfbd786ba17ea309c729ff46cf6ab0a0050d85189229472c84f5035fac4779b77d2dec700c071ebdd9ee3478622d84d1f6c604f5335c3b4d5b5cffd271fafcf5c7f296e02978bf26d1575dd235a30b8316ec60bc318e2c0f0d908a1a1a1a1a100000003e806ebdd6c2763272ddb8209433e4926de717bbcf9c6b18a9b1e615f5f10893a1ee76c4800b38307586bb4c11a610028db0a8a17cb6e3ceedfbabff4825949190462656e63686d61726b73
01006e3c4c4f42899e5a4b9c8293a34f4f7d00bcb0b9cc0d02337c52329e4c4a97a10fc2bc8f7612ff6881e88576a3cd993f789a3360596bc21712c03345a9d4e9f184c0920619ecd4795b063d4f0987cf863f6ec60bc318e2c0f0d908a2a2a2a2a200000003e88a6c8b83a5bf0dfe44aa5972106a1320cc94967219a273062b63220c2acff03fc82c12435f136711d44ac158dbe49aa6a7dfeaaed8acd42faa19fb984080f00e62656e63686d61726b73
010082934fed9812051394af0d590e8cda38000f8fe88e5b468478e1d1d19f1f2f11b41d408aa173da00ba4437d309eefa0e7f9b5a1d92d53338a55a2963d704aff78fd5a0be240d5a66bdfd8958d71004ada66ec60bc318e2c0f0d908a3a3a3a3a300000003e86c3bddaff840696db8bcc841ced83bd2e5c8021e8eaf84e0dbf69544281323e9aeaf736fa9458a79d2c0ef5561e4a21c7406aa3db2c065529f3e5aecd91ccc0f62656e63686d61726b73
01003a9668fb8efbae2de3d4579c4ac9322c00fca6955e2e97ba1837b931912b921336bbdc9e3d65c4a9671c5f3a87871f6b776a35348b32df40e6aa1491de064dd38a0de997fc28f2b1b9cbc4f2a6e905ddbb6ec60bc318e2c0f0d908a4a4a4a4a400000003e8c6aa01891348bebee8630e2ca5184b912b1645fc3c12951e62b37c4e84b84ad934e32cd892583041eea15b9c31c4062e35a9cad7c0f0129817d0a80adba2510562656e63686d61726b73
01002ba6713b02f0d9c730c13361445a0ae1007b57888f8bcef5e8cb6d4d2b46bee86bb7c54f0897cdf8d9a27e6aef59b3805ec2f1d0a98fc3bedf96ff88a4e27bca7ee229885273bdf244483fa0f573a705616ec60bc318e2c0f0d908a5a5a5a5a500000003e84cbb7caf987a06cfb6ef7759a399df50274488f996fe03f5427143016c2ed171e59c1bd63aa9b288d3f59ae26b4aac36b9949a41d031a65e2342972e82ccd40a62656e63686d61726b73
01002075afb28cc95e8cdc0147ce19a65b1d000555c01375678af26f3d8f1ec088ddb13eb8f99f11e55e6e15de724910f72e7193bf6ff43513a525a495887c91295ce11b06d5dba650c5f7364f22aaa9cd6e886ec60bc318e2c0f0d908a6a6a6a6a600000003e8dae0010d229a4aeaf04cd991a12f9ce5a4f900f9a7a7f4cb1a07c4774f45cdb6701d13112299d0b9256549243b4d04cf7f5a766f6e76ee5828a088fd4270480062656e63686d61726b73
01007f4afd0b96fe2fba2a291cf1278c7e4500a968e45965ae68f6a84b7a706cae1871e75dca12aa1d4bb7c1a842e0141cfe7638eeff4784b11f3fd4faddf96d41faa0e2e3779e75621651f763ed1d74fa13336ec60bc318e2c0f0d908a7a7a7a7a700000003e87d60de4977a4bbce13f92275c6de402258be411d8a73a948117f9e2d9f6c5b20c2963fcf90bbd2799916963cf95dacea224a46017d839627b78c306717aadf0962656e63686d61726b73
01002fad62c9e20b569988850b4a5c3f6ebd00d1ebe22e7812ffc093af28a1f206b31abdd0ee189799f88f5057f860903e2b5974e10411ad94ad9a73a4c32de2a1d3fc248aeafd2f5fc6768a4a9e51d53d1f8d6ec60bc318e2c0f0d908a8a8a8a8a800000003e82632883a97e9be5758f2f9214ec2d1045ce66691a93fcc13fb2d6ebe84726a9f108748129792e7c9dd2028dfe9c280651ab396184afbbeb426bfc7301ec1040a62656e63686d61726b73
010039f13c7b0d907057a9993a568d04aee7009ef1b665ed9171e94a3d0639e95ede3ed8319c3b0806a8306612463f32b5a56b141f46a29cbf68124d16d0e121ed95d50d649f532197fd0aff886e2e8f46f56c6ec60bc318e2c0f0d908a9a9a9a9a900000003e882ee9d807c2b365d8cbef75fcda9337dc0ecc30a2ba79503f40e10b53ddc49576c6729d104da259753a00fa7464fb4e2d1c162d6c38a38f2c07b44925adfb60962656e63686d61726b73
0100172c928d10ed082075e6dd11ef8bdac400fa47fdea128f398238db7741d379e3ffba67dda81dd14fdece962f85e4321c4c2bf925689e9bcbecd4f1392bc6720a314a1dfbf4a2e64592dbf0f5851bd62ccb6ec60bc318e2c0f0d908aaaaaaaaaa00000003e8a32f167c29e1f13f9d3607abeb92288a787b99218444f9ec234942bdd2e86543f6e7c647d2a30b16e16f1158186eaa78d84cba0c87f4d4432dcf772ddd3fea0862656e63686d61726b73
01000f362d2fb25a41ab38e2df0c221ea2f3002731c324c6373ff0b9d978c0a389c0e6740b108bfd6d0b93099b0aadf7d44109ef71837dde299db37320ccec39d50ae69c71b9dd3efecc7bcc963937e31dd4e76ec60bc318e2c0f0d908ababababab00000003e8ec0c2a84b41332cb31ac61f11820258f036adf860e8a03ea0039719ce2d30836b8f3012e45e5411da9ecf0c6cfc8cfd46c937ca2e77a63162df7537dc152f10862656e63686d61726b73
0100863353cd018ce23850f430731107fd71009818b2f3499552e9582c045693b62858bb50278f33dfcc8acb367215a14bc0199b9d8cf67e4b66802654f3336b3c445d14e08c942e7ccbc0246a6f1dff34c26e6ec60bc318e2c0f0d908acacacacac00000003e84d1917a3f94d4d5ede7d1a321fbd112cfc7f9e384ef02f03283180d83c1c05a958b47c1e05352a988f27f42b50fa174501418a5725909d4987b70046d3c0bd0e62656e63686d61726b73
01009429fa5eea996ea53a4b5e7427c75f8b0099a5f8daa49144d80204d81389197ff900c60ea2a57d12b85b297ff43490596bd337f2b299616a9f89b78cd226967c03b34c115ceaf5274ee8245934e5555f1d6ec60bc318e2c0f0d908adadadadad00000003e8d818046d021804bcd263e3acd2dfd5c196d914ccba471e1d9e538fb6e4afdcfb74de7609f609abd60b0e7dc5a427259d41461afa7b4dd540c22f6dd42f899e0562656e63686d61726b73
0100e0d072e2fed51d79d2bc68141e22d9310014417c477589ceebad172a8208b580ebd85711ffc3810f6ae13e039711e73354478cae1404bcd8f1f9db0f7b1d62640af919041110de1309f6b2795f76fef4246ec60bc318e2c0f0d908aeaeaeaeae00000003e80a368c6b38ab066db4a7fbcb5934b755764b379dff3c04ea46717aa80fb6a1ac901634c6d2995382da4ead61e2e4c9dc2c9796f229939664c86c55722120670e62656e63686d61726b73
010028c6923102238155f9c2ab5b72a1b0ef0025cf9a27ac3ffc63d900dd37038f2553f4a2847d8c7fcdef2009e20d590fa130653fcacd67696294965fa10211dabbd6cf2aa01b16ccbbdf50c44844f4881f0c6ec60bc318e2c0f0d908afafafafaf00000003e8cb120286cbf2454cb77edca2eff25e1e19f365e9b89dda882555b910c9dc96478c01a94c1143a3f13b7e6b99030c256b4fbb7e1ef4499d83f11d646d0184f90162656e63686d61726b73
0100e498c78f367f1c486e21fe606feb1df400fd479af77ea01501c2c76aab85d625b6c5b827a6f70d4f6f50538c2591a27113a1e990ce6475adb90c8512d8e838499bd88ee958470ea8267ebe65210f8826cb6ec60bc318e2c0f0d908b0b0b0b0b000000003e857fbd6dd76f294d04b14649f1ee623bee78a9ea137c53812326f0b8cea064507dfd893f984359ba86689a649969c6e59928aaffc7d1bbcc711cba93b00ec7e0962656e63686d61726b73
0100b9df953f91a25c91a9055efa3497972200e71805ecea63505976b6c8928d5bbbfa0a81b47f774916fb060b1f6172bede68d4b55e385204c4e6b98f632f321c68cea70bc2f6255e2ab91e26d7fd7af9a2af6ec60bc318e2c0f0d908b1b1b1b1b100000003e82bc5e28244f7e61815c0801b6a65512bc31787c527f541ec82ba791d445c72a1a6094a55b80ddfd7953494b91ce965a7c87a697472a10434922a08ea6167dd0e62656e63686d61726b73
01000014706fb75279ff74449fbd4f3b612a00009fc2e88564c8dd661afc06196523d7ee4cf453acd87405bfe0b06a174ee5411c225e0280ec0a4c3cdba577253feadda684bf404fcff360227917af3706c6f46ec60bc318e2c0f0d908b2b2b2b2b200000003e85b82e00664399fb6d35bc52f4405835b269a3fdf5160dc18511a7e2834778d0f962be0f64e9ec753306c0db2c9f41769c62dfa7d47ef7f1797eb15496ae2e00262656e63686d61726b73
010024e6d7a8382a784da3733f18644b7c9d00472240e342b36489963ede1bf2ff0cb81eac539757250f20e10a17e8e27310030cecbb428df78680c7fe972992f6cd4877305fad8a2eb8e59efd34a033915fb06ec60bc318e2c0f0d908b3b3b3b3b300000003e8f9cbccc79cdae401f70b287413be2f156d84b30ac04c5f45752b7fa1331f2643c52819c5da8d3c7508378f8e398ef654fc08197f1ff803c4d38ef6b5b9e8000262656e63686d61726b73
01002a65c65989e01cfd19f98540aff4316600a7b79029004f7651a9116940bd4df5f76f81f7b0744046d8fd3c032ea0a71f65bd8da7edb8c84488e8c9b1e663891e8f4ec847b139d48134198d8921b173e1986ec60bc318e2c0f0d908b4b4b4b4b400000003e813e58fd01bc4f5398bcaceabe1e176ac31d9d0c09d68502d1796135c49bed70e2cc27057f3c1ab21684d469cd19702f55fdfd9e43529dc9c1cee9066f693dc0d62656e63686d61726b73
01007884c2f938d62b49e716b1a6938c153b006cfa5dbd76cf2a675db5b2158d07d981e95155d5d3b1569f4c1d01ce216dd97c50a6a4e12e06a9ada64d7707a787b922984286b6c2596edb8a08a2546e9c84566ec60bc318e2c0f0d908b5b5b5b5b500000003e8eb9856e0fe2927356fc97516ec3a9cab5df6924237044d789c3e754ce0b50bccd7b8e707e00bedb50825adc9a7413bf0d494ecedcb4eee4d0186149df1a6860562656e63686d61726b73
01003cb02af003828da2aaa6aa5f3f5031ea00094caac1de0e254b5e30301c64874f691dc0739f58ba99920e333302f9f42f6252fa80e563a1d672e7167e3dface7b0a0dbf7597aeed1897a9ceeee75910a36a6ec60bc318e2c0f0d908b6b6b6b6b600000003e8883613e7f2a7bdeeacc513743fda2ea7ae63f214cf3682962201ba501de30266ae89e3e5d9288f450344feb94eef8b8ca48c950971fa35bde2a127b466c4590462656e63686d61726b73
01001aaa33cee5f0e1212b983e001609a250004170d75bc955ac699871a782372770bf9cf97d1c54f354768248e0f29d90671be7924dc3a07cfbce859ba4b4fcf0a6842e994caf26573b37f8549211ffc2b2c86ec60bc318e2c0f0d908b7b7b7b7b700000003e878bb54935bf1226dedcfc3f76bcaa642a52643976ba322a9ef2182686aa416b57661efada9c749b2a025a78240d5eb4fa0c120f79fde155738f196c1cceb550d62656e63686d61726b73
01007fa6281898ab7d098484ad2e7686855000ef394061a5b93586e8064cfac2d67487e3be84726e606249a37c57ac2b96e060b2ee76e354d25982d5a3f9af31510e7d565a70d1ac2109a86442198c93e6590d6ec60bc318e2c0f0d908b8b8b8b8b800000003e8b06cd3c5ad35281d6251d0a5cd1000843e9e3a82ee78fe0636db052b7764378630e5a076f8b0b1ec73586b7311d3316141fea0a908c1162f2731058604e8740362656e63686d61726b73
0100f6e776c580ace09e857c9f387da576150063b33af542969a143476aecb89f9a4453f2600026d699e9bbdae53c686630368aac1d228af67f5b2a768578365f6238830b4840a149d67acd5c007ef7109d25c6ec60bc318e2c0f0d908b9b9b9b9b900000003e8c0825d253171c33290497005f9038afcb635bd5c7b004363bc4f7a74dc6cbe52c648d3f57bea61273258edab0fa44318fca26d1d26060ad1d080bd8d21c58c0062656e63686d61726b73
01006dc9397cb7d438aabcf49c7c32d16f1f0072a6ab5eb905066958b1f9b99797dea6217604992f0ac313586804598b2a895f92cd70eb834e6b87a6a39c15119738f74abb7b6f69ec969dd856c9236c3ff6c06ec60bc318e2c0f0d908bababababa00000003e888e7fb4ffd81664db52d482f02c5c3f9e5370af5dff4048e8e9d478d1eb4de4ad63f782c9d94ad4c227ca6ed6e1269efe1962cd5c1f091766e85413ab2802a0262656e63686d61726b73
010036945ac20de2a0aaac97cd5172c88ad100d940ded301889db508d6281ca255330eeacd51f580f8b7d47d5359ab5fa266560160bdaa9f5fcfc7d898a7b449c3f6e28206cb7bff695a40e9b826983437431c6ec60bc318e2c0f0d908bbbbbbbbbb00000003e897e1ae7c1172672cba5dc60695233a3d0ceefc866b941ce147ce867f93538f4635adce01f3ea747de8fa1442edd66a71e4ade615fe437afcf99540a6b27dac0462656e63686d61726b73
01006497b3a7603975a50796887032e06abe006912d80965c3d23606164b109bc6a8cfb055cac2ba153952e0e93b1d2645a940e60c0e96a75676ef7983da4a8c3216650c3b546116c2f3180f053403ce5711396ec60bc318e2c0f0d908bcbcbcbcbc00000003e8073fb9ad9a122423db1646af7a7b49003a9666a44ede09adb50ca92809747d50f33b5d3b187c24a49ed7987e0d33aff9cb0df32862182fac3d666dcacde9b70162656e63686d61726b73
01008534336c063b87e485ebdf2d43136efe00342eecf46c0efba28e91fff5d7d2deb92a97a49d772131f6694a390ffa7b02062a9761ab31c81f21d7607e96958817af0eb8691db9d6c27ffe2d165805d71e106ec60bc318e2c0f0d908bdbdbdbdbd00000003e84e9a3c878f28a1aa723b68b32c52e48523bd365bfb100b0f970ec5e565105e9d6899e1319ca9fec40b968df84738893ae93c1ab447981906382582b5f56eb40e62656e63686d61726b73
01002e78f04af0d1506d6f80d20e8ec5b2d3002c6cd56ba0b7a9b126c0117757d2f70399ce7ef04967db967e571f3c8997103b8abeaf08c74d9c49952f6c89a61401a4e52cd10b98ad73f106c6ae2a57201d246ec60bc318e2c0f0d908bebebebebe00000003e8903ef3a869ab542dc074bd6b950029d5a804d62233038a6dfd58fd7fe97d580b39e505937f5f0f18d801df7d8e2db3ccdb7f6f4c64a6c9852b5165f7f903450e62656e63686d61726b73
01001a781a8c61bf536ff579517ecfb2b3ec00b7237a9fa7c882d177ef5a9b43865c30b3f7e700b21d57a872d62cfa4a8dc037227ff8ec9f67a19de81adaa456e2fcb1ddbcd9d682a33a58b9a25a45dffde4136ec60bc318e2c0f0d908bfbfbfbfbf00000003e8ad4059810b0c0d181ddd1dd91356eafe10b1f204f64e39784d0a9acec04e882954b491a37a2e9a741095df8a61542f7fe2718b5ac3ae8abd379fc56e6450f50262656e63686d61726b73
01002bd7e4da77ae104fb5a25ad67bb31be500e222162137688a5eadafad2b81a91d71a49001135a50b9126bbc9ee6e63cc537c84812914098e7c8f77b86a1c04876ab1bbb7e05353bf511aab0afbf2f61932c6ec60bc318e2c0f0d908c0c0c0c0c000000003e8f8acd469c172e71f0a7743a4842429d1eaec08ecad6904593d800a35ae1b637665c2deb335ade6a8d8fbb2368ad2877ea046f464d4596e6e1a42188d6fda550962656e63686d61726b73
01005b67eacf1268260153600398aa0ed0120097c5ab307d71ed1f888e2e56a311e6eb7ffe4339390828bd8930071e3030a50468ecd5bb15a48ebefa2a517c20809c06fbbfd60d0a89929045524ebfa539fdb56ec60bc318e2c0f0d908c1c1c1c1c100000003e8039777f28c23ab9f7e638b771f86225f777a70eb324f98d92bf3ce0bda2071c82a6dc91d2c16a309fe798f03da8b974b1acd349969250bde72a26571e965930062656e63686d61726b73
01003372060604ee160958b37afb6790c899008a76b3762dc802d32acff174e09421787d07c347a6ce1772291f68f08e53f3766d742bf5a3765e2f242a15b3d7eeacf06ae8d4e3f200dfe822e321baf43199976ec60bc318e2c0f0d908c2c2c2c2c200000003e86e77801a7dde2f57140f7fd43085327a11e5adb2b2be53517551b4b861a2b133f71d7baf35671394f8b2582c7546532081ed65456ce9589dd06e901da0c6190562656e63686d61726b73
010074e35beb93878781affca1677a7056310009f2d92b83c9ceac4975bd7cc6116654ea0dc1cfbe1f94889083737f31251d7466b47871e8e241009f548f4d185829e0c0d3c0af16b15b07bf39fb4ceeb9c0d46ec60bc318e2c0f0d908c3c3c3c3c300000003e87ea7907d399f9e60643f0031eeb28bc77592f475366f2eeaed0aa0018ba15a394d7c5334bf4f1d5f49cb030645d88f6e7b270406acbabd6c7fe01ffae55a3d0062656e63686d61726b73
0100de4fd3e59fb1ca1a21c65cee8a29dc09003973d83501688c02f113e0f92576daf8f31e033c81213baf06aad29555e87e6259e072c3f12b3f480e13542099ca01c8674cc30b6bbab7ca3cf97137fe2b07356ec60bc318e2c0f0d908c4c4c4c4c400000003e888624ff5c74efef7da1acc8fc428c8893b4f9a109c57e32edf367ac8597a8139969ce7b92fa86fd96cdd965f19e6ee7aae2412b5418520cc92a8c67c151ee00962656e63686d61726b73
0100bf0cfccac46761f20efa5bfd30d55d3c0014bfeb6bb5c2cb902dd98356c9861bdd5bb47114a73673598ffd186c8e390e28dd16b035442dfbb54e09d161f165f86f851b0eb1ccc3f981bfa37ab1de25d79f6ec60bc318e2c0f0d908c5c5c5c5c500000003e8f47e88239c7b9d6066bb97110c026dfca5bd4be65f216b59b7c2932a91da2e16df82437cd1a21b5cf3ee16de0f91914fdabee44cf0c2b4dcbb4b72dc580b7d0562656e63686d61726b73
0100d628d57250ed8d4e10ae2b36837b47980019a2eaece8273a0746287cba1a498c4841b3a3461c3fd4c614777fa1a8a80a2f10dea8f0c33c56a4cfbbe6efff9d9fe3c8498997262705a950fcab9f1ef10e486ec60bc318e2c0f0d908c6c6c6c6c600000003e8541a863b50b55caa65846b48b65011db598438242ef4f955abaa111063af681ead3b02c6c4c09c925d2602d53b9bc7daaa68ae2d9a416781f278886c1f89430c62656e63686d61726b73
010035b878f88b3b2696aa002f8e587ad66700e6f8dc8896bb76467e2f3079dcb1e70440306d6a5bdc1ed0751ed8122a7f2c28fe61b039f71d667c06089741672a9fb96e94da90b861264bf753d170139b4c756ec60bc318e2c0f0d908c7c7c7c7c700000003e8fdc3935598cf37d0cc8a300e590401fdc700a2a8e3560b13a0f6d3aed08d9814d8b0c1220722be36019122d2d9128c951e8b98dd01e702295450dda641e97f0e62656e63686d61726b73
01003b946f9328263274c2cf77ce371b2e0700765b9a26ad0f95002b66aeaf061443287a9460e1b0cb706beaacd44bc22186602b53dcf8988de06dd6842966c9e4747ed6a2445b761927029247b1be8b14c5666ec60bc318e2c0f0d908c8c8c8c8c800000003e8c05478236f5cefa9ece620dfed96feafd5cb73a2410bd17d56922587e25887a6a0d1012c77dde568461dc4ed00a47132e8cfc36c7c4540ae142c84766b27560562656e63686d61726b73
01003092b81b8013b302b09f69f0fd44f7c9005d01b86562c68beaba508c31f5f01d3dd5d5c7d23909c4a7e28242baaa3d903480ea85de6269aa557e9216c6c6287f5fbe6e785702a7b552b6d4303a1d3e6c516ec60bc318e2c0f0d908c9c9c9c9c900000003e88ea874adb3841c7c01722c4be6e323e1ff453d7858f8b47c479cc29aeffdf29cf830206b564925c700a3b2a17061b2f04c8a8888aafe7cbfbab9be76bff8a70f62656e63686d61726b73
0100f7864d17835a78aa35c9515e215a5dc100329c4a0b53a3da771c20606c3983be9f29d42275a66e6993d2cdc4463c3f3814f8164094e97fb443c5cdfd85a7546d158066dbd151abf3cb43f1c255b99d91116ec60bc318e2c0f0d908cacacacaca00000003e805bdfb078f9bece0e2df83dc18c75e4f120642fb77647e048dfafd454e5285502f640d8dadfffa4445a5b17406ae5577fd397ee0daea13bf3bd56b2c8fdeb90862656e63686d61726b73
0100999eec0711649c26f0d0c4a5af7791d3001d981b4ef7ac442010097d1779b7f21d540dbd45a2f5ea166ec858fa0840b552e77e1a6208325c7bc6e4ca7c9396bde1a28c852fb67246d5d51fc7fd25d9f1856ec60bc318e2c0f0d908cbcbcbcbcb00000003e833416f2c276bee8fafeecae11a9b8e8ced1febf84389f90129755c0528c26a483bc645113b4563039c1b596e7bdecbe7996ffdcdd914ef3b073473048d3e350c62656e63686d61726b73
0100969f84a9089170720dac8ebc8a82a38900fee70b8dd52b9a80dad9620e4eea5346d241b74c377b931b0dde8d1736de032a435cc5de0394c7699eb73436acc01a190ddfd45f8a02da1e5f2cd0271e558a5e6ec60bc318e2c0f0d908cccccccccc00000003e84929bd06c9203732528b6c655609ed1d311d60dfc0de7d789a5258e25ffd9b78b46d53d356071cfc45a5643e786ce7e104729fd3440557ffacfdb05914c4f60162656e63686d61726b73
0100bd8c2c5a438e1117c5c878e88317130f00878ea1bc82169e57ffceaf0b5534250b8d1cce92417da3a868914dea014fb61e5d76f89fef60406d038bb070e4252248c6fb83aed4fe3a52e0691fa9b047a1e46ec60bc318e2c0f0d908cdcdcdcdcd00000003e817eb744d82ce0b8b7f9d1b3127a67e84fbdf6c703a8cef4fc239a8df3c5c4f6fe45b36b9d13e2c2a8463ba274262e72e9f13e7a4886272f5d499f8a63ca2cc0362656e63686d61726b73
0100fdb17db18428016223dca70fdf94862600d22c6bc8e76a98fa90d99d09762eaa987c7dfef941c4149eafe7e8a5e0dcee6a5b61eb59bb5f8c61f96d172705ac1146ff94c9e0954ddbc9b15f338991c8df736ec60bc318e2c0f0d908cecececece00000003e81441fe8f8d536a7405bd0c8e6eed06f9307e2f4a592357811a382d379f57568d41bd491b2d36e5bd5f8c525c19b0e3bb5b549e7d6b38ea9460751c5a1d065e0a62656e63686d61726b73
0100a280e4f14e374503a489072ae9bf39da007cb6b774559d0f7dad7cbab3cc3547e1deefd7088d9c2f9d9caabc7050e1d472938eb952b1394336a2f84555e70024d1a6d9aaaae67ef01261ed8c306c0dea736ec60bc318e2c0f0d908cfcfcfcfcf00000003e846b247f1bdee40056e718f4e14f9f11053b7ee49c33bc7cb0f70fcce30426fc85ee15420862c436879ce16251dccc56bd3fdb2df0d3f598ee7bdefdc1d32b40f62656e63686d61726b73
01007683d33bcdaffe5ff09b39463a0107730080880ba190ba5054d7e879c6c231a5fb04f97581c6f07d41b1aeb711a3c90f54d90f1f36c2f9aa7d2fbf9ec91961352c3c060f4020b345a317c49d62f71b18536ec60bc318e2c0f0d908d0d0d0d0d000000003e88a92cf6c015031b1c423eeb91cc3c28602649b1dafe9161f08360d5cd5f1eea82cfc9bd242055bbb12fbdd717fb53ebf1217a71f33df973a6f73aa28800a320462656e63686d61726b73
010060844059879960991398b57e27fcc93300c558c6bfc6ea094626840e10c3ad9575ab6397957371526529c4169f06e72b0b6d52e8fb14a7d01840a3a8961dd7b7485db5f0f6b80ac1056977e74f7072ca726ec60bc318e2c0f0d908d1d1d1d1d100000003e80f0bb8e376da7e117bbcdad398fdc8260d60a33c0d1773192c3012effbba74a8404cfb72e5545ac2e64433bf40109cdf21f5100f64df9ec093a529b0c7da6a0f62656e63686d61726b73
0100e3d3781eb19eca1afa2ae4ed6a82aad200c69aaaeba61bd9efad81be15e44c091202b1dc9aa3289ab7e56558561ddf701b853bfe88271d33d75089dbf0a13f58fa1898cfaa81820b6cba014ecbea84f0a16ec60bc318e2c0f0d908d2d2d2d2d200000003e8b26d214aca0e4d026f05d44cd1646c2838e8426ce67a1d5a4224c112d4fe396e42410e0192eb85f287a44d00677ea236ea8d6426c8a4c9003a88ab4f76a0a40762656e63686d61726b73
010001d58996961f399a3466272842a3835300f14d345b87050118fb48ae023ac7e270d42eba02227922d1ca27dd47682f2661d2bdefb03b9557da369f1eb27a8608dbc9d5d714ec0c3a3c5c8e1e0d3f4e162e6ec60bc318e2c0f0d908d3d3d3d3d300000003e89edf9607ce2db60579f633c15a6579f4f929beaf0996e870c23accd00badcdcdf128cd2e22a225930efca66c7d1b3294168cf43bb616c178c54e083c16435a0162656e63686d61726b73
0100fd4f43da413aa642e4afecb43d1b9f2c003b087db3a0e18d913223e5a563aa9d18605befdc39dde963c2de90de72abd052f09e6f195fd068321da894a1161bd2682b213eeb67ba168a34b893f9868d254a6ec60bc318e2c0f0d908d4d4d4d4d400000003e8b1158224160966e8779ef362b366e6527fe4061095454e836394eab82afb89b62b9606f3a681712339bc74646dd11dbba6e7d3458b8bea99af027635050f760362656e63686d61726b73
01002ee11cb5c54c8a7f2898544bd1b5123300f89559cbceffa7706720de25b4afaac3671efa2edb382f49c4c35fdadc591c646938f6c283d4dd47de7f1bf259154745a4ff2bb73f259c6fd5726dd3888af45a6ec60bc318e2c0f0d908d5d5d5d5d500000003e8c2ae8cb50cefd319fe86ab7d394e3dea4ce29635f9c4754d68fdd60f61361c67d99b41e25d826b306dd71749640c23a4de3ad9f594ef2d8f4ae04f362855320462656e63686d61726b73
010093c2922a8bc34234b81e87065d89f33d00c377d843da4f09410634d53774a6ffedb0c43d04c866fa2e7a446803d05fe965d999f4fff9d2bbc41d72d98290a42379ac2e96d3c2caddff473e6c1eb6c51c2c6ec60bc318e2c0f0d908d6d6d6d6d600000003e82f59e87f2d4c03f74a9281b4248dc7bb8bebb1a66b64a4c15e446c34b85a53826fb9eb70854e5c5a91cda681001169bcb7da46ff235569e4ea3e3c46d992490362656e63686d61726b73
01008b4010ccbbb806d3c8fee469c5ce9e6800c563d80b162de2f042f1e016f056e4e25f0b28d7c799924cf318d7d123bd903c7c0465731517743153f8ada8cd493ef94b4eb4e7cd38551f1bbc6da1d6e8a1ab6ec60bc318e2c0f0d908d7d7d7d7d700000003e83913e049381ea430d2f4e0d8373798f5142d0a74097f214762f72eb5be2aca4b88baf21f225caf2c83bbd974e42208b2b612e4fc6c36e24082d2d57c8feb040e62656e63686d61726b73
0100a38fa8d3ed73d6a6911aa9aca8f58f2100e2b77a390c3332569222a8cdfbfc67be4dd72623a0deb98b56434e0e6d737642acc287c89103af0c37aa2381202e80a3e6b5908e30e3b1e19e194772b74280c36ec60bc318e2c0f0d908d8d8d8d8d800000003e8436fd6dcccca8724ba7d309c7ea3a97bcdb74078c052983ffb45566bfcfdc918695a72b9edc2c3a8fc5eb1782cb21fb28abeb7a697a5d33494f7de2aad6a1f0e62656e63686d61726b73
01007361349aaf645611e308d54996e420ce002f33bc1a38fdb75d4e382882e4c948b3072554f0662e4194ba61fd3a0928882cd2be6bae7aac7f77aa31180419f8a9eabe95a4f0fad2468b9a0baca570e792a76ec60bc318e2c0f0d908d9d9d9d9d900000003e84e91badc09b9f94a64acaff84a5477e926689ca7045e979fccf238d7c5d47f6c8dcf4b0986438baeb7a71e807b0517ff24cc6bee4427e78c2ca0cd1ddfd2aa0562656e63686d61726b73
01004530718d1baf51ac68634e5a1d217e9000b8ae1b785c1d258633d6e0edbf28cfa05a6f266b1767c87d422de1ac17bcc34efdff5e48ed6c3fb7b393a9b146cd9156858a56c1cd5739a6188d22e0e6bf406e6ec60bc318e2c0f0d908dadadadada00000003e880a3295990ad49ca481ad087a713496985445d5b652013b26cf6da7fc5efd817e7ab38f96b55cfc14e8b55589ad384fcd596cada5c61b132ec4d332613bab20262656e63686d61726b73
0100f2fa1cfae98e2269449ccdbaa4e83dc3009de5c42875de2e931a4204256e0538876e90480c836fd976bb00c71c01e83e4ecc0e9ad3854b1495835887b4a4dcacdc821bde0da35ae07d3bbd497d535cce5c6ec60bc318e2c0f0d908dbdbdbdbdb00000003e843aef9b33ec46486300330a88758daf7a26e9f76e0e01560c4f1f75cd99a6bbf5017709c03c501d0ec99fe7bbb62ff61ec662b24044d05489a8f841c39d6420762656e63686d61726b73
01008e84dec35220248bc91577b72d61e9fb0091cd0edacaaddcdb3abf35f0fd8a7ae807a82f8d930267df2d9363bd40facd0035bc24f8ddea05cbdb599911840d2f2edada6d512daff5110333a95db8997bdc6ec60bc318e2c0f0d908dcdcdcdcdc00000003e8953a5eea0b3f33bf06c5df7a60708f06f5fcac364bd9544636bcbc313ef0a4c116bb386a5bcdac081159f397bf442e4d942f9135614e9fc978208d8582d68b0062656e63686d61726b73
01001f17d1d729fb0ff23a325a167bf24bfd0027893eafdbce90f8b2b68380af7c98782b5153dc9fa17b7abaec1facfd1624074ab30e648425048837d4df5ead954ec0e04d4fd8533e236840feed5d8c17a3906ec60bc318e2c0f0d908dddddddddd00000003e8ce3f186526b5743ea0b9790cf8a8049fabde5eed562778d952cdad71c6894df96f2d9c3dcd2a06337a3794a0c9ccab6c769f244ae231b8f501aa0679a806d10662656e63686d61726b73
0100fa6a1a4e1672e98a1fc03fc6e49f70b900f7ea1698ce8e5298adf342d86e0fbc927419df9c929c401287a2ddab8d9e2f72fdf2591e2b1c3a99e807887d645824bcd6b1962af26e017b21911e0b5ded396d6ec60bc318e2c0f0d908dedededede00000003e8233bd7d2ebed0d50dddbc1597e8912faddedd147e333c316b77358da2b3bb619a7f4e766c1121414bb999d38ad5b23ef4abd4c7fe924e56cbe5c75869871100362656e63686d61726b73
01001cb9f503b2f031309b46aace458ba54900e96fd9a312938a8a22154349fe3df0afb99ca4228c5ffbaa908c9cc4057e463ac9862f6219da37d4d4d11d5feefe7cdb241e994ebbdd4bbee7cf8ac0eba482ce6ec60bc318e2c0f0d908dfdfdfdfdf00000003e8399681c7c32a6e29c74e07d93e26fa36e7fae3dd2e6b2fc4e46e676823482ee266a81427853e636f72f892c2d29f2bff5173d5c2f750722942e23a4a63753b0a62656e63686d61726b73
01008a153ad84d3f68f94e9815ceccc2f294000494214ef6d2e033c77cb9d95479c5af7285474de5d8e220fa9964c6a207232c5913c34b82377f6637c3fd91fc4b745b7004e70f521fee9ef017404d88f624cb6ec60bc318e2c0f0d908e0e0e0e0e000000003e8c10c4790c6ba96fb273bc36b0fe42a83f67c00ac494af0eae4be6931a1e38ba28d69abfe16c2b4b402d3d3ee6b5c47ac929cd718185d665bb5790e261263f60162656e63686d61726b73
0100330cdedf880655fc2130cb6f8b9d749500a86e72027774ae65d9a016346883dda7f227c8c7077ca4b91f9860ec57af2c531ce249c938cc4bff04f182cfd9cab263dd45d053d025cfc4d2686a99307c2da96ec60bc318e2c0f0d908e1e1e1e1e100000003e84f4b2b616861dfb27658c4b7e47af9950c67cf156f32b548be948d912d3f5c4e14ee1787838224fff6c76fdcaf3b7fe9d613c48ac7cb9ea411627d56a638ad0762656e63686d61726b73
0100444ffe6a72d0224ce224ec55441aa2d6007c5a618462e752c6fca1a75606255c9c1bc12b67c2308b56c69a1d0e0b24a957ffd994edefceb8823168d29e0e6568c0ab34a79783960a7ce5f7d7836048dfdb6ec60bc318e2c0f0d908e2e2e2e2e200000003e8979418c772db9d7c9bcf92e4458258c67b5198edccb636bc793e3d33a076b25f5b84480873e4172fc3f9207bfd50c8c914ace7374a464bfc2cc6614cd63d390c62656e63686d61726b73
01005aa659dc1d2c36bb239c1aa8f5288085009f057bb95a9f914ea56c57af55e841c6543c9ad4357f0d5556277fa29c65084bd8b82309ceb4d2b7734b932e9e27ca80c1bb45462b17577b9734b7fe04b067af6ec60bc318e2c0f0d908e3e3e3e3e300000003e84f84e1e9d2cf8b06ba3746eb28ca662eadbbf0ac7b9813df05928505a12b0ef1100716a11e249e1e1b07f52c1bca6b53ba2db58867cbda813894992b364be70862656e63686d61726b73
0100bf4b49952a1a89aad3736fe77f2bfa780032dacaf9855fff09432ccd060c9623c394f5667b909d64a3818d89014cb05c31570242aa8586a099a272096bee83b4d63631ccc015c0d214e899cf02a2e7d9606ec60bc318e2c0f0d908e4e4e4e4e400000003e81d948594d9e4fb9bfd1ccfef7d6d451113aaa1d0c8e50d76c58de7d006db60d240c75c39966709edf4c9cad5427572aa5ce554ff0b2ba37c9a468a9e40cd930b62656e63686d61726b73
010004094d7026fefff8eb404a2349180057007e2d43ac3b381f811c63c7ab4ec5a9367797e366c789d699da0c11312911bb6f72704f91cec43a8a200f03d517cb8065cf4ec169b69948b49c6e2d9a74e7bd1a6ec60bc318e2c0f0d908e5e5e5e5e500000003e85f6de0f1a07f4deb0f7491567de9db25c577c0ed8ae3ec08dcd4c526256ab581b5661df06aa2e1dbdda046f949d71c435cd3b967f57b66e0c688817c98fe080862656e63686d61726b73
01006b41a8cf2ac9d810cc003061cf829a7b0090d90f3216cf3f222c00e5957d577e554b62bf887e653624a582df88e532397a0ea6b9dca5d1e79ba3d5b6d76a70005b4023172cabd4dcc35f4fcc7323cf35bb6ec60bc318e2c0f0d908e6e6e6e6e600000003e87c7acf415218c17c26e2606e170a8facfb89823b6b938aba82e9458686f560062ebe98c46935c83d083bd2e4f4f93b5e00f16b5411201cfb5f2b084c3b05720d62656e63686d61726b73
01009d7a7e276b964cd57df96d9f27abc8c900093ca46681d23b3a272bfd94a1c2e1610b0f7af9ff1501ae64c7a44b19e8c42e95b7827e95fd747f15bf0ec75ec393dd28255a717c339bc218bc2a8a69d36e2b6ec60bc318e2c0f0d908e7e7e7e7e700000003e8fd5ec35338c5df2ad9ec7df1da66060c5d3ab127dbaf37d13bbd2be5671998ac49cd2265618970e8bff364d7b79aaf8a92b0a77cc202bb207f68bd309800f40162656e63686d61726b73
01008d461ec9b5ea80df1f90e67fd8cc7bf500e2995da2cb28375f9656922f4b0ed00ccb09833c00d49a2273b0181dd90b30573cde1b928d032a0e69e894c8cc928dd0c41b22cdc000e08eba8d5205641beedb6ec60bc318e2c0f0d908e8e8e8e8e800000003e8dc6f3508868a14b96f4525a13c3eec5fc2a9384d69830034297421280d9f558f16f81e367af2d242979d81bb131d14bad1fd92c9a467d4f3402aac3401fa900062656e63686d61726b73
0100696d0cea2e4f88457e0205a4b656524400d38610e9c73754acee5b0fa7433a8c7314cd905d268e16dbce36ee8a78bd88008e6b28ffa2aaa2fbe2fa53d7ec68927b4ff6feac1e8d5b69d286fa0e62502ed56ec60bc318e2c0f0d908e9e9e9e9e900000003e8b32c188ce91ee2bf6563da153f0784cf43362d9dc7218688b6d5cfdefa9f3c2d8fa12cd1efece8a0b9b257951c335cfd54c337c7100b17963062cd08e4f9c40362656e63686d61726b73
01004d89a459b85b154759a24831e08a68ce00d9f771fd696a82caf660dbd7504fe30f25f835ccf4e857726e96dc9cc40ae93babd8792803654827d3685c3120965e13e56623dab14ea02bc937169bde0e3c606ec60bc318e2c0f0d908eaeaeaeaea00000003e86c4b8ab30dc99a703ac1b66c64e424a7f40d624f673808d4a6a7ba9627344f21590e6a95892fe6272717f26f87c6e619508864efea7cb6f58de6c8723914520962656e63686d61726b73
0100330be840b9093a1fd7991483a651e26f00207ea982ea980dffa278ffdc53a8118ea0dde0c49bdd517deb1c904b8052307a98c01d7efa759b30db580e234d666c0473a1df3d140b29efaf7af914777f54126ec60bc318e2c0f0d908ebebebebeb00000003e8f6d4bc640d5514a27591a58e42a1598cdd29e55c7811a54fccd6640f4737df1e8734b3b192abb49527a8b873b2f27daa36228d0edbe9105763471c3b8406fe0d62656e63686d61726b73
0100b5828255e97f6d2deaa7ce031db094c600ff4f7d3112b2db47a9bb8350e978fb0c464f3d015b7125629ffd5b2613b0934f87bf91d2c7f250c16011d068fd20fa6923f3970eb948a50bbe5d38a0988e0ff16ec60bc318e2c0f0d908ececececec00000003e84d2d543f518edc122a0c21dc08a5c62793f361e85ab78be483e24cb5e6d09bd7bcda1ebd3f0d73d5e867281e48b698c128666f69c6fc236bde870334c5d81f0262656e63686d61726b73
0100a2035f36afca517655c5ba066a1b9195000947731f1af999a0f5fbb45072e0b307420685d2354f9666e6b06b6a8591ba7f96b8c24de5207581ec6d39ddd43212a6d54b02cee0b053d50290ee6f89c348f96ec60bc318e2c0f0d908ededededed00000003e84cf110218e6bf9cb8862812dbae3b9ba0854ec95d9c1ffc33e2fdf3fa6426e6f4dedf684f146fb1e90efef9ca90513bfc9d55233d41787cf5ee57841da6b7f0562656e63686d61726b73
010026c83dc2d6c4e0bd0b8af75e63f103da00fddc564c42711059f24d4814300a1e6a7931084c5951d1175fe6a6b0d48fb94e5e80653ddea268f4a47a5928b909ba324e560def5e18055192b3c1496651dcfc6ec60bc318e2c0f0d908eeeeeeeeee00000003e8c5d35fd7ab677510b11fa71e5513021d57cd69e601fb827c4c1ea7b54c7faeac35c706923bdd8a4d096ae5af03188255d05f8c08bf119fbfc424a572a680ee0562656e63686d61726b73
01006cd9d9d98da6b817ae2b06772e42af00000bf15caf6eb6e0868e44b65d4d246feec32a68b4f1d010587450cec8f2405f2a1227ddd4984d1b5de585ffb16318fda9116e5cc8fd50bae5d2b950b5f36a1ae46ec60bc318e2c0f0d908efefefefef00000003e8f6e07dd8c3e14bbca5af3dd84269687d40f152494bab6e4061a8b1fa73a906faffb0ccfa1106304c70ebaa9dded57eb0e2c8782cec55d7d87520cc34f6a6420162656e63686d61726b73
0100e39201a7b026a7c78acae1d0650c6706002cfd7bd8a01e49ff3d5a4a1e07a4af56722b09be25a1bcfab4cf3ed32101bc4fdbf3b77efa26717828ffb755cd2c18e10513dfe7070fa98b00f692c75cc646146ec60bc318e2c0f0d908f0f0f0f0f000000003e866c1214d568f430fd41809bac912941f9762751324d9a1ee9cb88e3dd6cf225b1716bc72e1610f67f05af9a4686137fde84ca5649f0ec3b1ef05eae49411ec0262656e63686d61726b73
0100bbe189c6c5c94e5fc3831bc02c1146c0008cbcc47b2c265e7ec4b2ff70eb25dccde709f96d3ebb4917203de809e973e56dc469939fedb82b997140b0eda68081be2331a16783840de50c735c286b9024d26ec60bc318e2c0f0d908f1f1f1f1f100000003e85b529bfecc815d8c277f689ccdd7be41a4f290aaef2901313c01a5295146af881e5f18862e7ce162c22a4e079b42639cc3acfdef0306ebce840a603e45ea450d62656e63686d61726b73
01000bfeae98ca233eb8cd8af2b92be8a25f008ac22a2a78909f0dea8fa40786ccbb6a70aac78322adbb73ffa77f890c149354e7c13c4cb0691b1e52f3e4a9ffc3a3cbe1375696a18a17c6939494ab25d8d9396ec60bc318e2c0f0d908f2f2f2f2f200000003e8cdedeb3091a53d5f881c06e1004e688f1e19cb28dffb403627784ec494f8867c51659ed4b329072602321799da31cea96d396dbb8bfe20956365120fff640a0f62656e63686d61726b73
010067de332551870f3369bf630bdad94950001072af17f1077ae9f1de977b219c88010af9dccc761aa0c7b21059ee4422404eb27386b1838a7a31c07945a8702c67169ba20bc6c6a996eaead1a484f51901066ec60bc318e2c0f0d908f3f3f3f3f300000003e8cbae9d3dca019bbb72a47ab2b5b8d76512cdf41922b2f9ebb192ac95735b440fd19ae854bb871949b73a09612e5ae2b8c3cf25a9d028d99e12523703d608850762656e63686d61726b73
0100b44b1a46e40ec034b3e07c530a67e81700222c37be78ecfeaf7f967be1f689c6e5dbc14e8067d9dde916f76ab77d277320ce6884fa7821769fc26fbd0f4e956e9907445a3c4242e323cc70f6f793e320d76ec60bc318e2c0f0d908f4f4f4f4f400000003e856edae2d21f319b795c7070c8578379b99bf63be51c7672bfbdab07276ba3d9cb456ef701e7bdec329956f5bf27e1cfba2c989afd1b8fd076f87f7cc54575a0962656e63686d61726b73
0100a5d1040d548af22302c25d0b7ce11eae009f50cd5123e93c4f08a307743c17d537f4ec62ac2750e15112dcfa155292f37dc268a951890d4a916b2690a8023b4e787fdef07327621a4036b5bfb32dcaaa056ec60bc318e2c0f0d908f5f5f5f5f500000003e80451041e621487ba30c54c1368b116fed2bb03093eda366f88679c48857e7a91b0b4b469948c3da2be2d3d51731bcd7bf7e9f9a292e13beb6fe0df99477f2a0462656e63686d61726b73
010093cfaa34bd2c0a3b2cf7c7fba305cb27002749f94e3859308f1e8c4572569727bc3c276ad8d3be61339d2e00248868932b1be65a1558b18e38ae7d6e11139b48dd82ec311bae14b0d8f9f44203a730b60d6ec60bc318e2c0f0d908f6f6f6f6f600000003e815b8f87ee0902c781feb70e9f5ce597daa657002685c731f40c05ff42bfe7df41485fdfb58ff61d8b695a1bf5d80fa53b918c49f2ce3eacae1d0f6d68300190762656e63686d61726b73
01004097fc697c5d5ce15ce64a5a17e67e1400be91a3a5273aabd004a33c78a71d62cd38519f2f4a979fc6775ab1cdda7e6f26d98e74947e42028f1796cfd47d1d2418ca9ffd83800d16b58d76ea6d108b08516ec60bc318e2c0f0d908f7f7f7f7f700000003e8dd95c05525fd9417e475ca67103133fc1f4b5b4ece781c1eecb1e95918baadf3fd768d410207388042c3a15de586d68fbc7d4d99940fd8128d55c367087b1f0f62656e63686d61726b73
0100ed227f14d046a18e2a9d79081b8439fd00e52ead807a337b9dc45945a5dfd1c3a4c37af395d5758501d675afefb66dd86e278c0d6128f0eb6e2540f41a6a3b96f244b5e84cb163954233488690833fd1036ec60bc318e2c0f0d908f8f8f8f8f800000003e873dc8a4ae4c8b413522f6e5e120a8fb9bbd215465eb7995723a04171fdfba99d506bd9201a6d28e3bc8977c9dd29d91e72c8816c09967f779b067653bff99b0f62656e63686d61726b73
0100f2204bb3dc9afc6b197409d541abe1b4005b17d47eb8f682c032f0941ad3b6eee96a6efbea6dc20259cbb5ddada97f305e1e0779185ea2fa4dfbacc9feb193df137bbb931648d0b1f9861bbd047568249b6ec60bc318e2c0f0d908f9f9f9f9f900000003e875696ba0fd88b0daf795e16667566c3caf850808b4f9e26db497e710278e83e4c82418ff71e4ad876fea7651ec9f5336e0d4669af23ad889ce3a93b24883700d62656e63686d61726b73
010035e81ef3115b08c601bac36b90d2197d00d8c298ad102eba4bbdddff889f994f78f09f3d8ece1e1d349d1b0767b83adc4d30835b466640acf1e1a9f057317e80583cb2f50978acbec3fa209c8b05fb780e6ec60bc318e2c0f0d908fafafafafa00000003e86709e97617bd5714bd5b316767ec389bdc614767cc23cf93df9482ecb81cd114170611c4715e6f48b0a98e89275331637b9d7153344c537b34e407b0bd88a70e62656e63686d61726b73
01007834253910853977239d03a8cf63efa200b806c5673754cd1afe9041512b9dc5159421cd312a19a05170ea63ad08c62e561af85743d2064ef2a408fc45b409279768a3f68a45ec81009d7bd6f1bd1208006ec60bc318e2c0f0d908fbfbfbfbfb00000003e8359b41985167bf0e078ca828803f10066b89abb8c6a60ddfb7f22b60e2d3335ad963a7f6171df8f78d66b0d77bbcd1d99038b3d596cdabeae4af50481d17690a62656e63686d61726b73
0100cb269cce9a676f9b5b77f87ac747fdce00c3421ef1f0fab578615a1c2f3c0d079cf37b1c4b1732b4798358c1ca7325aa002d39a43f9010c7f131e8891460e262934c1e7b6ebfe14f30305c9799783f55fc6ec60bc318e2c0f0d908fcfcfcfcfc00000003e82fb61c91d2117e2376c4615a262f59b76d84f86fcfae465175d4bb40b6c48a910b58a818029552af82ca961c984c11ddd0ab1d1e7528ea7366d7c2369c619d0862656e63686d61726b73
0100321628fba3cf22b38fdd9f505705369c00ace8c78a09196e45e31eca824ded7ff816bb9c3fe26614f877f5f2c1fe29ac5a2cb18b737e300cb4dd26aefc1e5b5557de7f4af3612195843c6343b5ba0d49366ec60bc318e2c0f0d908fdfdfdfdfd00000003e84422c07bb27ddbd56f59a865e3991154d2a5b7af705ce25effb337d63d4ac5a9160746ba51cc9da1cb6f03d0edb4fbc7f8c6cbda826ce1a4eed777d289f20c0d62656e63686d61726b73
01009b324621f77b392fdc06fe752a3523600038b7efbb0747a55a1b5dc0ab1bb1eb10ced8649037f564ce15025f06c19fa3332d3a0e4272662f6fc623c80bf684939f901cf15bf425847e9c0a7693e60cfdb06ec60bc318e2c0f0d908fefefefefe00000003e8f5574e91d3a1bd7bc03240aa965da0fb94995761c333b6c4144e00c01d7bf9865b0c13aab8a01ec4c2cad3823fe3ccc1bfd34cb151638bc07f26c9180893050962656e63686d61726b73
0100ff0faddaa2d233d4c48d212b6a7cf9ca00b94bc90f4fde61f1fdceb224b7eee1990d95e2d8b4832281a4768adce1abb82e42213c1a47a76374e4546972fa781159610d67233ca51fcde797a05e303b2f1d6ec60bc318e2c0f0d908ffffffffff00000003e8a21f3134a64fdedcffc1bd7f52a1d63561cd34b3556c7e2611cb46f426dce27ee3f56122627349f1013f0eda000ed59607b8363aaaa6694944a2170a804acd0b62656e63686d61726b73
0100d6407879830d3d0ef3dfbea0c36d751e002958bd2f718c64e0caf6fdc65496d0662d8802a37c8a131d39bfca950a4dd312237eeff4afb05e60e477f0c7d84bd93af7e6633e1506390a513e3136ef065c9c6ec60bc318e2c0f0d908000000000000000003e837d8bcfb8b018ae96ee30ce11ec5282d684d940dc0adf6e773974130bc69b25811c38682b3a865c4b3c9481db413597e7827b71b70648b461ad368331f349c0b62656e63686d61726b73
01006294e4d06afc75d7b2a4714bce82e39100830bb2fd9ec2d96dc43058f66743db613b59e347e4e747a42c0cbb34964f62270c5f5bf1656d3417ec6cb76fc50995cef6cebf875d316bd3f4dc5a5af6ca57026ec60bc318e2c0f0d908010101010100000003e85b4f7bed06130b0a2284b4aa399d0c18cd20563d69b45a65d709c83505cfac7610ee69cbf8f1fe172275cc821183ee7df6f8594cc33426cebb920bb35da8bf0762656e63686d61726b73
0100e6dea0cad3302e62ca5eb3bbbbdf8fa200c3ceea6dc28f891d8ab39f80e16a8029179a86b21ce1e569e5392baf8b352049b3a2559c29596e290f28a4dcd036f78a6bda2c8365574a5766226203f4eb31026ec60bc318e2c0f0d908020202020200000003e8baf609dd5ad9f2a0d717b1eeba2622b3ead51cdc9d3f89f15c96873d228e8cab06caf3735bc5e23516691179b0a0f568fef361e70a8ed804a2cde8e7bb2cba0b62656e63686d61726b73
0100e5e565bb5e82877a17bf8642ca66b8f600b457055a9ce534fbe82530acb3a909b115c56b59d7717bd8ad63739088dbf31859a7251b1adbec0b31e0f72fffaa898fb774bdfe627b640a12887e3bc4af66bc6ec60bc318e2c0f0d908030303030300000003e893e744103191ef3a576e6b31e45de3d357d133bce6348f4ef78ef8f5d06d0c4eaae2524fd9a235b50fe455c623ce6e34194f2739aed61b1ca0d3f9247f69170f62656e63686d61726b73
010005a3b83935699c14ae5b393184a8729100ed8dff0a1bf55c2a24313adefc8800fe6aa88991eada805ffb5490b7fa50595dc3f82668d129406eaf1d5421df58487396a7e43d1380e2af593ca165b22075026ec60bc318e2c0f0d908040404040400000003e801909cc35983ade829397ca988e8d21b17e6563d8785db5d7229debd69ec2969a810862bf137fecb1bf6f760f74c5c6460cae45cbf2e8476b43204b707afd00762656e63686d61726b73
01009dcc1ebbcb90e422ffdd15cd5749d90300d28de55e09fec786277f2b799898badeee069bbcc3d043198ce273970748575e1f3fb45d8f492009949f0617320a8f6f757b96a225a38f7656fc0c51c60b69006ec60bc318e2c0f0d908050505050500000003e89ad101ea61c9bfdb44237e6e99c73952278008a64bf44cdf16502166a2680856307ff191f64b75ea9f49f5f09d1eb64d068bc3dccebfff21a98d008b3d56c50562656e63686d61726b73
0100743ae1ed6a04e23611882bc1f2bb7c4e00a22e964298e87a4ddaf9c8992b514f4d9e58846b0a30e74568f2518a7631f11f54eaef6c86274fb099e5595ab82c28afcd1796ffb6d1378764cf52be65b9db726ec60bc318e2c0f0d908060606060600000003e8cc9d617e3db77d1c79e9984630b03691b1d75983be12d07c846deb69b678d472cef9bcaf3f891ab3d8a000f058f92744f89f270bcbfce6fb9ad836265f29350b62656e63686d61726b73
0100f2359fa7da9ea27951b0240e5bdd2205002b47a06a548af53bcd5033903cfefd2591ed5ab584ed4f384772567fa3199671002478ccb64c1fc2f2ee28fe229e8cfc73d95856159f7fa1b89b05dbd0cedfe16ec60bc318e2c0f0d908070707070700000003e8005c2d5d7de6af89587863c820a307f66abec955d30f98ca9a4b8d3d65c1e70b1e6a1ea6508c47a757ecaeb442c37e1791dd8a4906029bab45a49a653f1a270962656e63686d61726b73
01004e0affaca1acdd02850a8ebf3864775d00af7bb1fbaaa6f56f70ba8f4364cf161285aa4b282d796e68b4ce47a23503c40e6ae1a312dbe823f18c75b1490c4e6c24963661376f21ec67c7a2398a006c54f56ec60bc318e2c0f0d908080808080800000003e8ed44927c112f5fba374f2df5b0db4a77571171dcdc2c86d3689b2488a5c579722f096d529fcba7e941aa9968299264d019e4629e2afb6b6d587db0c3bc8b0c0762656e63686d61726b73
010016668df730b5e1210bde01f4945d773c004a719fad3cb995d1e4b885f69ddff36c67e740750f732b8226f67464769c3b4d83527ed85b9721996dfe7c9e87db0e84e7e057a23c04f9894340131a25cb115a6ec60bc318e2c0f0d908090909090900000003e8561a15efa900291edd523a21b9b49a9fe6c912acda1a0f3f72cc2f8cc9e71f606a787273903f33d7774a9a5fc964226e9a3805a2f38fd330e785a6802eba4f0d62656e63686d61726b73
01004e8a88123e317a456d0352f178888f4900f4c03630727da3e89a58954b486c47073b7a1cec17111cd2e473ad58cb6c822cefed3850616d42b149062789f4431cf4b331c1859c5d7ded1b840ac21659d27a6ec60bc318e2c0f0d9080a0a0a0a0a00000003e8e0f8f8ec5f1585ad2f6683b276e559bc2957380f3c9f665962edd6d9a3797c66fdbbdce39dfa1b2d3dd51b8abb35a2a56a5103487c1438403b1fd4cf1e514d0262656e63686d61726b73
0100d60ce7cf74a95c8315cb9f71a939eff10047250955f881a8e8dcdbadf75a856d909c3a9cae783746c724cb8ce35eb2ea7516b732adc6b24b0a0e1714cb4850697b27188edf6b0db5d6eec1cc509379ba0f6ec60bc318e2c0f0d9080b0b0b0b0b00000003e870dcd1610d1fd60299a22103afc1c8ff6aee7397ed8bca3a9a6b17cc4745499d389f77337883e2cd5dcfcf4bd0cd3bed1a09006e49fae602fe318b2be7c0720d62656e63686d61726b73
010096e321b90aa2ee18917e183a64ed63ea00a660b8d287393df733fd6d5aaee8c7fc1d2eb2a86598e0e997fb7d4bd4d93060af02b5d392842e609d27bb27026b7944b51cd7af9027a8888b6795966b5349066ec60bc318e2c0f0d9080c0c0c0c0c00000003e8b2732c85b97696adaf37d76850ad4393d0d7fbd2fa957a9962c778402875bc1278ff6f5b0a29200625c2a5a4dee65d92f09f2da08a5285c1cbb50a65784e610762656e63686d61726b73
0100f99873aa5f710a2259fae7d5c6174952002105842e3538930c6ffd157f0f10fd108277da52e93660ca7cb04acdd853ba217717cc8a4d170e32022b4977719c29b23e2fb07810e7f8c01decb2b6be962e6e6ec60bc318e2c0f0d9080d0d0d0d0d00000003e8184f31ddb2f0d40440173ba7f3914e552599f0f1e87921975f0adaf90a7b7df55306b97b0998b3a518690f215485434933b1d3f8ba3c4b1cd4b1aa830302900b62656e63686d61726b73
0100e49fff3d7b654ab573ca09888d42c25800e496db434c631579d8d55baed1e79fc429a4da9899f0d3336f6a67748c50f115a67775eecb17e44241928de8c585cf8e9724487410f12313e6a4e61cc14c222b6ec60bc318e2c0f0d9080e0e0e0e0e00000003e84c808c7a9d6af533e5bff87b242ae8ab9624c7e963b869321fb1426673a51412943d6e0efa89f472a2ea6cf2a5f9f3cece212a368ed0cf28c9271e92dc2abf0862656e63686d61726b73
010003b50ea18f40fcfa4591dc329c6bd4b50064035f37f0013ae2250754f9f445a6150bec478fd3fcbf1ef0f9b124e2fd17522f94da5a9ce191f52ed9a29ecc7f36e5f029d4de9bcbb9a6dabec979d9eb8d066ec60bc318e2c0f0d9080f0f0f0f0f00000003e88d7b75ccf654d4078f8003fcecd2805de5ecc5de2ab5082d26857b58df4ac89dea723432427664ee9d33e21df87f98aa951849fe4f6f5dee700f4edddbb7b40d62656e63686d61726b73
0100195065b24e65cf82b287e464dd2886cb00a803c5d50b61ff67ebcd974858f84d80cc0d0f3ac45972a428274c11093c63749305ec634fba889c7f02c2670e259c42c395498acaa2d532e456ba1e5b3ba3ba6ec60bc318e2c0f0d908101010101000000003e87a22da42bb05fc4176221b6c61cb330136d9e10fe151c27f58e61fef4f0bf17c966c16d43de6dc4797ef6cb76005f9ef93ecef7e01d89aa58f65c758e3be780a62656e63686d61726b73
0100bb42a57ac7deaa3c01303ac759d422ea0036dedf3ad3da392abb9d76a42b926584935422de695e9b941ea4fa5193c7cd37d926efcac4d72d249c24d50960aedbdba3533b253a20103f10a398ec9452512e6ec60bc318e2c0f0d908111111111100000003e87df800f197bb29d16772c0c3829766dde131c7f420d91b2a469f03d7c34ae5ea2f64ed2c2c92b418072e591ca5760d574fd0c2c3f17a58e7dbb4222463e1a40162656e63686d61726b73
01006d08e4aad5cb1654b18cfc7258c4b363009d82dde5928a8af8780477f711a7c39699080014f2637cc3f1d8f67e04f37205484a6217190486d8bc3f35d5dc21efc00f0a12d74b8bdebfd19b73f8646178eb6ec60bc318e2c0f0d908121212121200000003e880633168e3433172bfd66a9c32c619f103471c6cc1b0057d63db6e21483a784224e8ea3b01c1a91f6ff01ca859c403b3796b343be87ee3e21e38d5cfa98b440662656e63686d61726b73
010039487b6a3f94d7ad90354f9185c02484005213190ff85e8f310f6c5f55d66dcdd7ce7971cb3fb7a683cfb1439b0771ea4cee690ed1ba91199f65a228798e9eb0912754687094f762946af862df7ddc19b96ec60bc318e2c0f0d908131313131300000003e8a9e466dca89a1ef1cd6d3b0874acb985052cc5808820bbb0e64aca5708d6e0befcc92f494769218bafd4d11a6ec46d66bffaa7f2edaf6194e5fdbe4bb727c20862656e63686d61726b73
01004d3adecc342436e31609c293bd748d98005dfaec6850e847ff0e768ee513ad4f72c7208b6fa554958bad54d50aa7108633780409ddf9f7dd657b7ffcec5175783dc24747b00a251cbaf86b95a3f10575056ec60bc318e2c0f0d908141414141400000003e855038f0f4034679aafb15c9fddaca0071d55ccc32c5d44eefde41b116040ed64cb4586877dd1863512cd72f1f924cd5e6d2347b0828405323e2d918234f7da0262656e63686d61726b73
0100841a667e43d42b6e782a1145d54d07b10050ac654ed2bb6b4c4891dc01c9a284c278beb93c114338f1be33b9a67dacb04a6534a7b16eac24a095ceaedc9744eca13297b9c27637a0f913dcaeeddd5869826ec60bc318e2c0f0d908151515151500000003e82098ae9b443758d9fa415d41e9eca08298f96f6ee3130fac2b3df41374c36a20568ee38cf451222e9dd8cc81c40b1be20ef2b61be5c146655539f7a295c5270e62656e63686d61726b73
010018924d93e2000a3d25d8817d4e96001200a6aaa22c330e52844124790ac9e4619f0e67cb3541a05561cd8326a183eb0c053d624b9124ae1528bed80d006b13adf6fd9c68b2eff7997ebc14784b7067dac76ec60bc318e2c0f0d908161616161600000003e8d483ef8533111f9fa2ef251a5cac45d8d4f8cf8830d2421eda074e4119d4a3e561fc5a51a505459065cba80f366339ad5f26663310eb6a7e8630574b6101760262656e63686d61726b73
01001f7e9f5a11ec7ef631cb87b396404d7d007ae2a0622b79b1e904400a7703c17328bc2184b7b80686f4d7ab660893677e39e23852dd18e0069688350ea67651c28fca745feb2efdb65ea027625fc89ca1546ec60bc318e2c0f0d908171717171700000003e825f6198bd731407f80462c4b123b70355c0539eb0aa1912260a1b086260c6a51682d55a1d16e4801cbf6e7eacf3f7a9827ecae5f588536d0aa31df0374b2aa0562656e63686d61726b73
01006c72c8d574d3991f632f8783daf2deb1005ee0d83a7e949fdc5e31e4c2e8c2a1dbff31dcf1d7f3fce117b61a80a4d72207c91bf70ce04d7dff0629a3e114401c5e2b323d77256c82a29d7046a3bfda82926ec60bc318e2c0f0d908181818181800000003e81ff469c34ec37aa4ff6bef906839950d6b4dddbbd41f2d08e1052385d094b5e6491234c87d7d139c842d689edab6d265cec8288114b532569a7695b6cb55060e62656e63686d61726b73
0100c25d9fa76c16d0aacc8f8a48d7c6c56400c00a21612ab097daa25602598d2466b357d10a459a86eecba2cbffaa3a16c754f1a54d7d2941c0121e5a901e00a50d313622e23039349983b07ec0514ab677366ec60bc318e2c0f0d908191919191900000003e852e8191f203dcc9b095d621fde9fe07df72b37da43537e68bc29293298750e596cc9d3041c250ded8101c12d6f2bcc5102775c3e90095ba9eed68d4ca9f7420d62656e63686d61726b73
01008aaa7207a377804712c74b8a9a2217d500d7218efa19bf99aa6cdbbe23dac3acfdbe4d08440f3b7d7bf3d1daa39e5cd6293781a097a8a473e745d7ab1915aedf01c998d9bc684ffa007c448f1a8c3c4dff6ec60bc318e2c0f0d9081a1a1a1a1a00000003e8127668dc289ee51708c9ebac1dcdc418cf139a0b28eba72cec207dddd8c590a13da01cadddf1dfd5e9116b185f361fd4d616295003de4da9c14c7aa4ae3caa0662656e63686d61726b73
010006ad6bb95d6f2e30d0a914b813a235e3001fde85ba3d7c84ff5c87178865e031006db801818a375ec7faeaea398a0e221e27ca11763a2d91b23f6426d83031e6bc51eed538566c90cbf82fe3f9e25252306ec60bc318e2c0f0d9081b1b1b1b1b00000003e8105982b3faee6c6fdc0112443caf4262d2df8da9c738b531dbe3d96222b377c1a847f20112e8db4b86c4dd05ce5447c65402c0f2ae59f1f46b7b6d9d8185df0262656e63686d61726b73
01005e694201e422d3e78fc4548d76035fe800267b02c7842c627bfca762aaa82c608e69ecba630aab32aa7eed997e588706722229087bfdd1464b3cfbd3ba45ad319c377faa4cef6ff00bc8216dfcabd0cf736ec60bc318e2c0f0d9081c1c1c1c1c00000003e8fe84e11fec90b0c8d188a3a29d0c076f56e188a44f3e37fa9ed573a11f0e653b488ccf070f7a1ae12766b52341348fb95662f5ece728d00cb84917a5cbe1fd0a62656e63686d61726b73
0100fab419c82700f1bbc620c76dd06fe8cf009677b4404e24757d8d1317e0ce810043e3f1909b6ea28af62d17f1286fa9a753ce2e72687b3c88dd6cbf0a0d8bcb5e016d87511f25b1dce50d02f3c3ab2641df6ec60bc318e2c0f0d9081d1d1d1d1d00000003e89abfc31eb7c855f8db290e5b5f8da555f5a32a5596d1ae6f7fcb90e0372c393e2b0fc9e02683efa450a1153dce7b3ccba94981257f03618f4f4289ff9040ea0362656e63686d61726b73
0100d296849667e3e554ab586484e60ea292006236feb22bb6b93234c743596d9ff37fbcf85fd8b1e302d3a83d66873d3413605e1fd25348c09846795eb53b1b841ad42cee09b1d0587aa4b940768c727338686ec60bc318e2c0f0d9081e1e1e1e1e00000003e844494878fd0900cb7b798f256e49323494df6522f86ab065dcceef08d91571fe9d16b65ceb869f0467c7bb696885aa5a82b477610156dfa03180a8bbc85f6a0462656e63686d61726b73
0100aec13fdfb42fa7aa2c99bdede9bd74d600bd3cbcb1d49ab072133fb8519e755866b410e4fd8cfe672ea933964e9a88a2353e6b8e1cb0215f6e623d8b35375b45835faaa8134f8d3b846df7aee51fb575196ec60bc318e2c0f0d9081f1f1f1f1f00000003e834c1b97f8c9aa054a1c9322cfac33512969a5b535eaa9049a320835461a7f0fdd09ce00389069b82acea7ff1c590a8f25b470104f4255f108e9182a65ec02f0362656e63686d61726b73
01009d0089129e4e926e36f82fa286e3a9ec0027b43416947781e74f47fb58a5d113eea688151a2f19fc6071952ef2b3bd8a275646f81a9b235324fa9488db4507b523bc48fbe66128a9bd200b74079854a3736ec60bc318e2c0f0d908202020202000000003e8c7823797fcdea317753a72838301d2a5f89a35c61ee8a5b9d60d54bb786ca081cffd4af47ada60320005105a645e1e2b2d7f1b43e1fd84fd3b809c66f719fe0e62656e63686d61726b73
0100f3f4445b48f55450a7147b4f0d49f53200c37077fb432d19c51d6a8c6fdf9dbf06f8471cf12edb1cadab76aeac29917a1eb319930748e3579458204fda4a03b35b17542c37b1253699d001270dc8e32ca46ec60bc318e2c0f0d908212121212100000003e89003973cf319a60fc7425adc72200dbff29f11d0e0a1d7a3d0d05ca7d369f3790441fc1e02f2c0ea748307ac28276cf7529727b16b41bb23e68ea1450882600a62656e63686d61726b73
0100014d4e06e76fcd24408fce5984b10fd0000a4001cac6dfb43f7e9debdf7d25848ac939184afa6ee864656923c679e6542af8b1b4b65b1e0711561b391b61b88c8beb7761c91af3f35526f734c7231b43756ec60bc318e2c0f0d908222222222200000003e8d1766dda23c13091c7979c74bc3a42ad08484ff6fd87c3b13fe4e5f8c38105bb64277a038435d484405a30aed29f0e89db345f171219f0a96bdb78a8e58f570c62656e63686d61726b73
010040e849643041659650c340786fbc4e8b008ebf3c69abe11fbc3687294444d8f480ec3f346c5a29aae7af774d1f6ebc5b3bb5020fd16e10b6d5345d6bfa3567f47032aa6f62c3ae5197ac2c04e7fbd0f2da6ec60bc318e2c0f0d908232323232300000003e81e5f7b7911ec55d09e2c553d650fae636a672fb1081e05ca2f2e0e107f0acd19f5af833396044c55b8da0ec659790a1f5f40f374e2b530f87bd077b31e0ec90e62656e63686d61726b73
010034116ad94d8e4cac3c917cd31ee4e28b0064b94ac206d5c6dbead173829b665298e3a69152c8fed1909b34616b3711c648f4dfa7b9be4f7e91f49361c3bddbc4b91fc5aaaec23956f4b61983c4030c74af6ec60bc318e2c0f0d908242424242400000003e81809e58ee72a64efef3c154b1e5a9f0364eb3fea002fcf5180394a72df49ae7ba29056be32603c77bc66bab95e4388880c47c5853ab974214b170a1f93a9440662656e63686d61726b73
0100ea8f28d737e25d960722b26818276cc800dbab42eeb9c73de317fe40d973b41c41b871fa5c6b0a244199fc2668c32ec61cf91f1b5c4cf4998ffb155b982299f5eb3c1328d151aeac7a65a14e1e07c6428e6ec60bc318e2c0f0d908252525252500000003e8b48062c7738042f4b8cd30e3287de863d18aa158b9d1392dbbece617e44264910fd5568af6440b4504b1a32605212c60f679ad2d13dc7fc4d431389878b2890462656e63686d61726b73
0100a2576b2750cb3e23b5b8999991974a16007abc5d97fe1e7572f053f606fced7f3d88c36ea47614550aabbadea150e1331121519f5acdd696b39f1d5472d72a944378c8a1ac0935c27836585b263ae515f06ec60bc318e2c0f0d908262626262600000003e82a87c4b450808113abc6419adcc6ecb360140f3fd3bd67aeb257c338faf4be13ae672b60b69f9765a6ccb2d1a3aa2e7ba01899f4ac7b0e26eab66ddac08e6c0162656e63686d61726b73
0100b02c258d3987969260b69a61b3b008f400787f5e2d241fb7af96ce5d1c1e15ec24f55d82ab33d6b20bf65440ed0d016d77919b533e2ef0a1fe8279e14eee8625122833ed376c2a738d943f9c8fe924b8dd6ec60bc318e2c0f0d908272727272700000003e8086500fe724ae936718e86e5cd1727b3d0ed5b601cb593ec7d89d1fa07383fd1f6ac7e1f442b7bbcf87ef20ebf5c8fc0a60c18d20567b3ddfc694be5b11cfe0862656e63686d61726b73
0100ca002ce8e5f40a94c9ad1a6a8bf6edf100eac4a6baae9f29ecef2916fec63481c3ff9c662d5f4db89efa702a586a89635b855ada127156ff7eccbe7b7e7edd7a7be37e7cc65f592249ebdb44c7f55316036ec60bc318e2c0f0d908282828282800000003e89431f76a07ad00880a48fbc9bf4011b3d61b9dedf9800f7458063472e707167442e6cd826c60b395e140fcd8f6061a28f45a87f158b372428d3d54685249fe0b62656e63686d61726b73
0100b2327ab4e83d5376b6040533449890ff00cdbee2183250ebe48f168b9c944987f43b6cb01d3fb6d9a0b9a335d4806287081a67624117438e002986b5a8fdfdc541c2648705c85d77dc9ece8f2b2af89a9c6ec60bc318e2c0f0d908292929292900000003e88713afedbb450f0753ad24326e729970bad7bd031b7992655373727c6fae3716eabb352b853516184750c9d48b3b6f3931d749c512645ac27c574431dd87fe0662656e63686d61726b73
010015ff4ca247562c301e20714c7e2a707900548b758a62983b4e2724bb041da370e3cf0c5b190297a1091cce63517ac69036208ff6b58974c51783c6ccade497567fad23fbc0ca02598f02857758f0479c4d6ec60bc318e2c0f0d9082a2a2a2a2a00000003e83e8d53730cca0959ef4e8d199356a4e2fe95343ddd8f62d30227b979fd0870473c49002cd6fdde3589f30205c0ba2bcc22ba3af865725c7aab7246acd2494f0362656e63686d61726b73
0100019e192eb27d11c166362ba99c9afd9b00680a089ceb5cad94cab36bbf45a38eea9809cb33fda672fb5854626edd037c2d2f9144178d5826721c58f4765517201f63e4b517975ac7a12d9eee9073a6d5546ec60bc318e2c0f0d9082b2b2b2b2b00000003e82f5bd717c0bb13dbea36758acd220568d5975d33d16581dfec3f7df611853ded6788524a60d64e7aa5f5f1b0b2d5473952fe7e0eb27160fdb70f42e55e63eb0862656e63686d61726b73
010044802502053469852d63a4d739fdbe6a00d5ead8ad3fbe95999d288e033c856d570f3fad5a9f67e25395188ac5258547048e97a05e00532152e291213db9e22d0a665e8e008df8eece75898068545627456ec60bc318e2c0f0d9082c2c2c2c2c00000003e8863adb4038d43ed39516097c955c04e8e7b0f53a6de076d07611237a5d39c6e9d29f01d833e1b6bdd6aa030b9b62b3c6d203fb1813d80c184d5f4f3fccd9dd0362656e63686d61726b73
01003a163f1f9ad29d7f95689eff3718821800cd79040f4987abcf531f24f5696d9384cbec98cf7e36e284e4e1f8fb5649837640e464d48331fa1a46b6c62ee01f7919c767badc317a5a5f6ca99a90a57335e06ec60bc318e2c0f0d9082d2d2d2d2d00000003e8f6c0681ce57aa114da0ad876d465723a249062a504abb74515735b5436bc48c16194529750836e179a3de293d0b7faa951c0507a261b607d553bb90cae469c0362656e63686d61726b73
0100a4b7dcb10b6fdc89e2b2ff2c804cd43900cc4168133bcc434995d666224606113f5430d826b5d6a00a58db495e9046fe571dcc5f31231d6c873a30ece179e3efd77dc01c118890a9597d5c140f2e758a4f6ec60bc318e2c0f0d9082e2e2e2e2e00000003e805f85b7791e85486df5c97e3054188ad0b3b1cc8d33772c194f1c7f82287b624c4ddec1f65a25fe6b5d82e36b718ca36d0c973c6a58c41123801757be994640e62656e63686d61726b73
0100d6d35469b4a543372cdb691130fe66060034ecc08aaabb6b07d5a2d6a7cca0d061e7d6ff1ac78f7859dc7fb69a199c86016e9b1a27cbdf4c9ba8d8218dc2fe1b17e24627b4e56f83b0c3d3c9d74b40a2e16ec60bc318e2c0f0d9082f2f2f2f2f00000003e8d64ea0ead3ee1c8f92d6eba2284711b80122330bf926bb0958ebe2aaffb4214d9b644aaa82d94de1382598edca811bf6d3199ab7877bb31cd04fe3f53ccb550362656e63686d61726b73
0100a8e0244abcffb3a41570536c61527874009fb51778126017fbd176c831d8502b0a6bd567e36c4cdce53c9d8f7ff71ede3136d272d29345506976e918a0d0855e640677afee3e9e1f7accc0950219c92f376ec60bc318e2c0f0d908303030303000000003e85f35050cd80295e5145942ee2f21ae0b9cd1a4350d568391e9c2aa667f8d60c22657cd0ace848b26a6dde00bceb4e61c44719a311bce44d3e8cfba32b664590c62656e63686d61726b73
010014770dc449dbf582742d53c9eea7bda50003c111e366f9f02ea85757dd6578c89272a2674fb7733288fa6d4abd271ed57eba9a981831a6dd0b5ba5ab46393efc2c9e92ab3079bb5efef9c9939cb7cafd6c6ec60bc318e2c0f0d908313131313100000003e8e46df6d7cebde59c70f613567f1932aca365592daa713df16430c6cf9bcdcc9b340df660ff3b4443e17f8fbef9cfe67b136c7d4decfe1e0952d784721f8b450a62656e63686d61726b73
010085d38ed72a6f16afe611feee04107b5200e3b37b6a7c31a6816bfa999fc547760d6799ebdf667fd891cdde7e775e11ef2c82c2b63a22c716d3e16c87163bb377a07e89dcd2f9bf62f7e75017b9a3ca33316ec60bc318e2c0f0d908323232323200000003e80e3d7b78ed4a4b8de0ddae1465741a85500639b31103b862ee062a4afabf2279331f0fd562d00a430540a9ec93bcd0fa89d6b73366a85c66eb6ed0e65b3a230d62656e63686d61726b73
010008f1071f783e12c31729582542f304630061f03c5b9ad5af182faef05fa4f0d2d3818f3083c73e9fb24d45856701a4197dbec5c5a8155afdeda5b2ba85dbc6e8042f58496bbc1a7dc0c39df8781b20cfcb6ec60bc318e2c0f0d908333333333300000003e86c6553cada5367416f304c7822dcc77544bbcc672aea368d0ec691e06237af3fe46308d91493a18fcd83448dd1190ed744df904825a7fa2c2cbc71815853140362656e63686d61726b73
01001a0c34a2b334cebfa1fd5c449a21ccbd0055da4e9ed2b7c271aaac90d974527731b9abf074142298fc6b40341c0c89e62538183581b679992ed68690d082b31d8bc0e0eae7719ebfb54dbe41daea92ca446ec60bc318e2c0f0d908343434343400000003e8dca0bca6800c020b8351c761b9bd8f91638b6b5bcfad841103332b19c264e09912a393874abf1d6d49ed1177d83304dee879377c15649b5bf4d03c750b84570062656e63686d61726b73
01008dd8b1576e0df6fa7babd82f278810750092935384de16485e504a752136190ffdb6d39b45fc00ab6771702af489afd124d3bba9673285586ead9eef60eea8bcc859af5da481a21654e267293b9a92bae36ec60bc318e2c0f0d908353535353500000003e87b7abe3d5fe6908744f1249480afe12e0e157bbe147311bf514d7625fd087c5c4df6b67c83314031b13201f5da52f68adf88693ca49385eb04609dbce3cb190062656e63686d61726b73
0100833f207503e47c7513f368a0d0d10782000ffbc36dc64db39b7936184e7f910ba97aeb7334c03ef6c97a6b9b64c0a9a342bbd6ff05f72fc12b66eebdba98cb781f7136c7d0cad89501c57c7537d61bd8dd6ec60bc318e2c0f0d908363636363600000003e87fa525115262dc9ea19ac3043869730b81774a73e71571a67f39aa2e8550c8167a0c3ea3eaca840f54fc3ae2bbcd2ff10a879f0e3f79f845328087c70ba5520062656e63686d61726b73
010070043f0907b6f4b07dd723ce5cb10a940088a308945752ea03b1baa9cbb697b05971de93764ae0b24aa079597cbc60722786e1d4b44be862f895bd93f34b4a6652b1b28e09c1ae7ff152728c7c503bbd456ec60bc318e2c0f0d908373737373700000003e8897efee7c0e7cb927608396930a3bae42da0bc1230280e60ccd995347f1c5043ec1a6657db7c244806666dc756f19e938b729338a30230ff2e11cd2bd55e4b0662656e63686d61726b73
01007c81d7f8d5a9f4d9e29cf5bb7fa8a2790030f3d8c06f2b445c0bc21321ac3bf6d9cdcbf1de9de962f56229d02f086d2e3ccdc382b056930e8aff4b29ed956c2365c415d45906c3ec9b129aeb6acf4f19206ec60bc318e2c0f0d908383838383800000003e8fce4537f7ba4774b8ff866f9351601973b9b3944e73fe3fd86dc6bca49ad0bd880e7ec31704857f5a878c0a06632608b06fa3532061aa3c0e77b80c650bcfa0962656e63686d61726b73
01001b4ffc80fe254d1e658bdc4ab9cfa07f00c47143b20ff7c82199949b24127cdb64d7ba228e5120e45e2d9bac277715dc1fd4d7689f76eb7a9b4c8932b7069575d971bab32ee2aa69ac5103117cd777dd716ec60bc318e2c0f0d908393939393900000003e8d98f855e3490fc9702a16cdc2c1e97d43ac3b79579cc566d079031ad5143a1dee53826f63033941c36e04b8f187d09291f5439dceb87b39233f93f2b5854ab0462656e63686d61726b73
0100b77aebceefa2ba054a50ecbae5637edd00c57af1aeb0414372076fea79a4cbdd22032e6ad56a7b101162e89ed9b48f3f41e96c2ff7511a5c624b68ab84d7b3b009e1fec7b6f5e74af34e98e6b3eb47cb566ec60bc318e2c0f0d9083a3a3a3a3a00000003e880875fd57a288f1448baf220d41940dbe13118efc52f1685b3b9a38ac63880693db3a1888ac7ce5cf9a97927b1b55b47813a7f6d6477bac42eccd3802c41bf0a62656e63686d61726b73
01001220fd2304dfa3e16a0eb3591e06635200dc324253719a4f595c8694c6e55751d84b2a568021027a61de7da7de62e9f76d9bcfddcf35f77a9dde6c08c601ed2a6f455a1214c2fef986c200dd823efe20616ec60bc318e2c0f0d9083b3b3b3b3b00000003e830d359aa635c63daf6b8c71f165e1b60a8debb793ec99633a7c0d2a16fdf64e393ffa461dfbe42587ff3745964a2d5a32719a6ec2b96caed4dbbf1793b1e8d0262656e63686d61726b73
01000b6c6e25a4ddd4ac21fc53b7adbf721e000ff97f48c37637bbf8326008575d99079ecde1636f22fcc37cbe7152027cc91eff93e38a298dd646a2a0c021155a4f2b9ebec3b22ce663e32203b23ba598848c6ec60bc318e2c0f0d9083c3c3c3c3c00000003e845b19f34eaa7840038deeb2f5e949ace75cd1831966b694facea6789ba7412da0d2e37f29380f24d48d2eaf1538f285e214defe8bbd8712fa9a917137a64e70062656e63686d61726b73
010025c906ea3acfe7a8bc778deef61247c800a86edbe965973fb824591ff1704ca9079a91d4ad8be2a4248f3926e0da62c0266a75cadf1d554c9903fa22799eac74f72528cf127ef65c71eee11d81085c2c2d6ec60bc318e2c0f0d9083d3d3d3d3d00000003e84975f41e5f1fd37b694c041c26a3c627e03303f85c08839a834d67e92b8a080049b4c110fb924f7a079c78a52382290c9f69cac1adda6a61e6d85d9901433d0262656e63686d61726b73
01006924de0238473786f341a9458e428dc6007067d6aeefce5a604d8aeccd543386115ddbae72b97dd14f948e3ba2a8030d6e35f35b1c2dc5b7218acf25a9fb5138a5d1311049b49e5330939ca018c5cf2f486ec60bc318e2c0f0d9083e3e3e3e3e00000003e85c3715a77470bc636eaf5c55c4182e9262aee696eb79d5ee88e59a433a0b6cef19fdb274795ce89bd26543add701ba965fd0e15d6ee8fd5c8559853f2e8b6f0362656e63686d61726b73
0100bbaadaa8816c7adcf22a091306db858d00c7e85eff1fae9fdbb03203957d345b4ecd573fbe8cf0f3f6ce24dd1ceb4d7e2bfa1b313b7534ab6ed1f80adf03d90ed6a3ea5c500685b4503951db4a961117d86ec60bc318e2c0f0d9083f3f3f3f3f00000003e8d75dbc05da334091bf7d63522f1c2f6c195d0457af17750fff2189141b1bd00c7f8553e6dbcdff5f7a29028a7f33e23c7e766fe5354a94e6fbd709406c94230462656e63686d61726b73
0100357c693259e173e09892b81fef5a437f00618fa424c667dbae06255161ce50aa83a918d1a752ac274068e74876c0689859084988d5f5339fac93a3d1b419be95a63af49532c805a59e727e5b7668a5ece86ec60bc318e2c0f0d908404040404000000003e8501590ca46a3e133f54b243ac31f693bdefe757d41ce240ef2e225b860fd76dc7b8ba9f0c370d6c0a4851569b86862eb19c3ff6d939ba46ae8f340f297d3bb0862656e63686d61726b73
0100091ecfe833e04bcdd1eaeb9afb6df46300cfbe9172952af2a94668b04a55d222dd2aacdaddd89c0c08ed87237f4dccbc468bed1cd01ccc3d1f4c3b261e1fd6e51c65bf1af72bda379b62b87bb25d5034476ec60bc318e2c0f0d908414141414100000003e8b2ca64ea27076a46bf1b20a5539c3d4d683281eb6bdef19d36b2c4753195c6988c2ccfe07034c9d926fffd6b59debcd6a78ecd0a84e40554d99a56e4b0c2e00862656e63686d61726b73
0100627011103e051b9e1fb2757ec443083300d1ec63874db820bee84db1dcb8f6faff0966f80ae5151aa88cb737fe001c2d068d1ce456934360a1c4c439c24b7d0478c2e4d1736a54720a41e114d537cfd5826ec60bc318e2c0f0d908424242424200000003e826fa3fddfde9cf3ccfe22344e06b61baf24fbf41d5b68f694889e88b297d1dd3ef0b037f1105a1b658544652c572fd034e1ace72a3696daa484c68a27fda9a0562656e63686d61726b73
01005f53bd822704d7da359cbc06c1c77cb500126061ef7bebd86d5c7a423dbedad40186d56c6c4c6b149c624e13bc71e0f23227cc15e9ea92066178c5eccb3ee99f7b456f99073805a8bc14eb42c735d2350e6ec60bc318e2c0f0d908434343434300000003e8e324a96cd4d56644685fedf001f0ed0e9e1b1abc5ddb44d0041ff3e9354b9880fa6a87463d70cea3c5aaa0aed623a16c9feaae5b53d5d7071a7e8d7afe74cc0b62656e63686d61726b73
01001b304fb18f9d6b57e557ab0fdd4abafe0070706be04a3374056f1570a44c38cde69d305208876cd91b3298ef98566e867daa89032a020c572c69771f4bba8fe6c49772f09073af556f1962fc9588500ae46ec60bc318e2c0f0d908444444444400000003e8930523dd38097b66faa530715cd7294f3de0efaaac548fa972aeb4b20c2cb543fd0b31695cb1918bd02f1e88af237328b1e6a46d204cecbdc9af839f1b441e0c62656e63686d61726b73
01008891298c3f9fcac006bd1ad7e5e395fb007a6eced86ee444c547ff428681aa82398e9e2e040ce8ec1fe735aa7badeaf86b45cdd0a7f1df339a2a55ca210132f95aab1ff0aefbf8a513f637269f00f1c03d6ec60bc318e2c0f0d908454545454500000003e886fbd0ffd3e1755418042e0d9b1d74fce7b3b059714e735b6c6634407b7506e60c8ee52f83b80f57ee3aa4c198dc784e59db6756f3be1fe7744c0d33561c0d0f62656e63686d61726b73
010024faceb36703f00cd3bd3b57559150260019d6c09753b7b388210985b5cdcbc80e04e61bb4c4f7ae2f39234cd64f497c707361dec7309009952ed9f3e9958a33b0c1e521ec141b38ba8ab0534d44b7d87f6ec60bc318e2c0f0d908464646464600000003e81d69457bf047960ab9ba587bbc3afa42362d87330f3f51c967d9d49d7cdd91b97d453710927ecd7fb4650ab9cce555255994b137d98330e7a087ac81b15bd50e62656e63686d61726b73
0100430c5b1a5dcf6de84f2ecac73ddf885b00cc9773e50f4907510dd32b524fc52a784579a600509e7aa389b6372cfff63c1f237b0c68eac35313d1c5730f535c8c7831c7498f282aa165b60a51201c5495516ec60bc318e2c0f0d908474747474700000003e8af69ae89fabccc668fcf8d147689be81157656cb63e6c74689577ce5cadd73e86c5ad3f2f1482ae79dbc91a12c665525f52f67e06f1eead21ac02d1d06c91c0d62656e63686d61726b73
0100d4cab682561e2cdd4d95f383c7759b6b000b8f3ffef6df985dbed3e5f2b0dbfe54f6b961f3bd23bc0d256d0930ce94b23632abc40dd2cbcfeb5bbf0ecdc1cf4ae45075385b275104b945973c21ee77a16b6ec60bc318e2c0f0d908484848484800000003e89798139f7b22b3c934881cb1b1269629db7f2a2de38cf35f882a3f06d559ad44fae429057648e3622600c5b7a7cde8471b0c04152995532e27c65cef8a7c600d62656e63686d61726b73
0100c2bdaa9f3e4afebf0a118723b2f18bf400b5b3c9a093d49afcde418ed987f6b02d35d3c323726fe7cb9f3d1b214ce2ca54e624f3a07ed35e40c620b8afe6984fb76a8f6b950b65914d72dbc9eff9d2660d6ec60bc318e2c0f0d908494949494900000003e80fdd574a20f67de7ce040a404dc425c5096cbe8cad2ea1a1e7141b5de28b7b1d8396e57860ec47ca807fd4db6fa4146bd19c389ca6ba0c75478d94a61929b30c62656e63686d61726b73
010006f26675f65d6e217a867326825ca522008a98657922b8b38333097ea105fdced2c106cd0f4b57ee5378f3e688bbad3343ec1165fbf71ff970b286211ba2168558b5e8b7d1147bf16f5fc955f28b9fb4c66ec60bc318e2c0f0d9084a4a4a4a4a00000003e8f96efa00c7e0ee4deabd4c6faa4f2dbe28fd05bbaa5768ded892763106eaeead43c7054ed59ec2d8b8b4b9fa86e759d8064d3323b424446ee483d84a63a3ea0d62656e63686d61726b73
01008ac22ac8e741526cc7bf531b7057cf1c00df83e19dc881da8ae15513af2f192e2c860c4a4408e8e7db05974dc4b7bdf525106e4c246cfb5b764543a6e91ed154fe1d0ae6e5328be308fc0e44e24d2a16776ec60bc318e2c0f0d9084b4b4b4b4b00000003e8b911b15f3c47f5f08d726dc7dabe720695bfb6150a91432726ea7a2743efafa2fa8f22026366296452b72486c000ffc3556e1a89c0cae65c41fdf546af9ef00562656e63686d61726b73
0100db4a77bda0667b1f0401d69ab57133dd00ab8ac672d0f948612704f6f6c42328c0975afa5874bc886c24efb1918829a9183c5cf71dffe91c7c01d73632b6f9e7acbb762b8cdd40b31a1493dfd4e1c8a7836ec60bc318e2c0f0d9084c4c4c4c4c00000003e8eab88f2b79a7acd626fc69208ba5813f6c2b53d40a5476e3db863638719b13c95f25dc3d0582cbbb655c731ef447747cbbb29480470db7e92dbd48485ff5e40262656e63686d61726b73
010052d166e3ae8e7697222c891d3d02b12000b31f515197a27cb693ec662445190050b9bafd73b334ece3a59cba66a7b19b46158b6aea4a9aefcb21b0c2839029c2192357da15854184c7f117f3efdbd368696ec60bc318e2c0f0d9084d4d4d4d4d00000003e8cc3e475cb934fe9e63790cb9d164c7f7e6e42ecf46a68fd91a5329102d74575e68d34d51daebb093fb49f112492626930756cda3bc10e358879ccd6a8c8ae50f62656e63686d61726b73
01005e1551a01d197ccadad44a48a9e48c2b009d1d4e540c97a5b096de3e7aa6eb07c3c43ba7dc703e86882c14e293d9ef8c38c7627c39f7297a29caecdc6147417e1a7ffe8d2b7575fd1b773cbc35974a04f66ec60bc318e2c0f0d9084e4e4e4e4e00000003e828f5362506ef54aabbdbdcc617f89dacb28d60a0d8acfdaa8b84d81f0d77d0d18170f428af5ea9cc4399c48fdd75c732eb4d2044f7d39abd21cde682ddb1f30362656e63686d61726b73
0100ae3220b36a199cbf9c81d8ede1c10ef90060998a7cc4be72f859c09b5d933c0fc22b15b8d6784d0665a70b8180eecb9b2408965feb52423840067676a8c4eafec5d32db9ecc01ede3d1a5fb4d2671dc8bc6ec60bc318e2c0f0d9084f4f4f4f4f00000003e81263b9cd65dc4bd6cf8d8387fc63b72720c9e148735613ea03531a527473d9e986f1a2699975a8ea853140bad90b908ee2bccd635733852deae03d9a693a9d0062656e63686d61726b73
0100a53c15b20b9ad677e1948860e15d504d00603db271046c0d95657cb25dfe4450fb0068007a549d44c5eec690a2afe9fe7bb217747759c317cbd6f109747f0cd4bad1962fda29251e515b5654a826de5e086ec60bc318e2c0f0d908505050505000000003e85bdab31f09709e829e7c4daaf99f2c2507564cad493b9f96765a563de715cf905bfc8bebe2492ab45383e6d8dba8f06977a16fc76681060a26e2eaf30b46fa0462656e63686d61726b73
0100a1add30f98a941e3eef23dd92031d22e00f247e68c9f37a58de8fb8972891f1a60f6674c91e9156eb96e22b629d70a0f2c6683535904884e686b2e736126f28fea516636d4cd0a583767c8e3a22143a59a6ec60bc318e2c0f0d908515151515100000003e85fccfa26e18e39354451bef96e20d4057169e44b996a051b7d594b72b80739d4d7c90205f56bd58ef67eabdd3bda1485c306d4132092d849ec85c3aa626fb10e62656e63686d61726b73
0100c807c65c843b5242520a66ef7cf384be00c8a96a65f02aa4d48fda7a5ee3e4f96da61c0266b3a0070f4e2b86b893356d4bf8db22aa4f5c9b19f7ff9dc3013f42cfb048375eb33b84989dff84bccd40ca896ec60bc318e2c0f0d908525252525200000003e8504be61292180486eb1b9c0f946534a857f7e5a4306003a1170411000bbd33649f4d1efca260cb986885c9abd12079c3c37226bfcf1e448d68cd00dbc1d53d0262656e63686d61726b73
010012d9e68dd80cc5753ee8065a254425ff003c8d7bf58f420b7cf66f75c4945da6df9c637e109e496a76bb8e83a928e64020bf8aa60c66bb4d91270285753069f5a62d5f0deb4194012b7d4df005b44f73ed6ec60bc318e2c0f0d908535353535300000003e872cf3e14912b748d9fd60626a717e046ea2289fa15d965cb72a4aa594b757b5da594bb62ec6a26e0306e0035b3fd8df7605f9102369867bd46769b1debfb580362656e63686d61726b73
010004c57dd21c072d530975eacf8ccc4d9000eee2bf78ccb37484121c5e4f2675ae1edc0d78b5bcecf1acd6d41c7a72db616b4f318a359ff4e3266c38f78a26c458a6e7cfbaa5b37990e19a7adc880d0fc1ec6ec60bc318e2c0f0d908545454545400000003e893054f4d9ca5aa4e4805aa038b0441e6e2fb23ac713c31166bf28bd912fafa7e1a425ce06ef0bff577b1e0c2fdfb2bc771f22b51eabad6ae65d1f5a1f560b20862656e63686d61726b73
01001dd03bb0728e63bd3d44b204824f9d1400f1b9e7d038f4ad755da82e7e95583f22ed8afdab6e922e3b58a4a763a2a6f401044b33576996aa1f4f0bc1df95e9bac31e9741d0c9b757c5cf022e301fe283db6ec60bc318e2c0f0d908555555555500000003e871e68f1db5ce609de6c23677a1e967238f027888cd912a4055c63167b4579f9afa17889a87adadf17a7eb423222187bce960b443fa2217cd219c39c3dc4b870062656e63686d61726b73
01004bbdc4c2e95387bb7fdc0a8d8e232aed002b1ce10810ae92ab425b2202a7ea5731055609df3909b6468d4d0f36518b6370d6a7fc037f1b5b966d3fd480e34ed87a7ac9ca8ba00245b6e64e0cb4616d92fb6ec60bc318e2c0f0d908565656565600000003e815414daecac5d0b952a5d4fd060b28e47ee030e316a5ee0b1c8d5f9330c1c48e27fab66727d78b9243e9663279618d513e4caab0ef628621a08475759f4a2e0a62656e63686d61726b73
010019aed1aaf523e16b29234fbd4680abad000fabf362e00f2dcc329ea30235a2ae0e7a6bbc0304581b014b3c773750b9ad1dbe9fb71c7dd317a2feb72b69dfecd81bde1dfe1aceccc27b9ad5be0e98ed23de6ec60bc318e2c0f0d908575757575700000003e841d64651e7d09a8f94e98e2b115f0361266ec44d7f21e9cd1ee4b6551e996cc32ecfcc2f8a44907a7566eb9f436b28ca42665b46b07e48192f79c968aa1ab80562656e63686d61726b73
01003d8ff1a173f9674000490e03965c53390050e1ca1cb8fd98f6a2af6bdddd4ee0d81e07311e9b49f55a82fb944df4ace461219ff4a9678820c02800c362566f4437ab368f5c8ef4aebf743abb247382412a6ec60bc318e2c0f0d908585858585800000003e84e191cd1b223d6f9e813386232e07412aa1af623b38b61025944f94193213c5cf929fcaf7aab6b4fd1b6e3c0ab558ed471645a7fc2f4f3a503913d07f974330362656e63686d61726b73
0100185dea100e9a7713efa4d2f2516ab98200fe24c048254b333d31f1a140002e59fcc569cd645445773667ac04460dc98e72d7a143244e68c00e63741dd0a4787da4d093ce4426a68d581f38078af420d6c96ec60bc318e2c0f0d908595959595900000003e8f879f27831037a0d5b51c24173d78f321c279df89ef4f5f509e06bc1df66663890029b4ee3997e967230f587d3b97e8b6223a48b7db230ed4a151078132f980e62656e63686d61726b73
01006971b34d61ac2b20aa4e5ae0560e93c100ca2cd2ec3af72ade6b19729e30ce4dd0a539f325b2fe4347d2bb392fb630ac00f5b451e123a3269dd6d7bd5cf12e5b0aab3cbeb10d99bcf1d9a6b81b0a2c74aa6ec60bc318e2c0f0d9085a5a5a5a5a00000003e8b9d1a3af69b75c62b0efd59bbea85033b41ded6f270414b973248690eaa47e8d66f7dae125aef4576d5ba2321a3b189ce329c625548027c9982cee5b8790180c62656e63686d61726b73
01002f09a233ea2814c57ee554699b01a266008b5886ea4936816aed5e3a98449af317b97426975f45017cf66d1c1ff18b690773cc8fb544789db970e0f59a595c5d2d78af102f588ba9e3c4fe8a6d012357b46ec60bc318e2c0f0d9085b5b5b5b5b00000003e827fe50d46e7d65a9ba5459f8972ffc03d8512a3019601073b32da747515b458e5f95ef121110370d40ec115041200e1399092695f4745648ddff5cebe910630c62656e63686d61726b73
0100ddb6fb59cf33775d35e7e2de6d8701a7000f98dd7f44811b879fe955dd5793a1bf81cb537c7cb12aaaad589d626b57ec795e6dcf9b27844dbde9ac1e9de46680691a3541829c80877451ebcb10adf2fb656ec60bc318e2c0f0d9085c5c5c5c5c00000003e8afcb04a55820240df076ede050a6b43a4902e1d1cc8c4b9e968d36e68c6c92cf79549b5767ba7e2a4330c9118ec99bcf1c592fa70e266ab74c96f885c8e96d0462656e63686d61726b73
0100df980a1822fab515593e89b29956a67b00715c936b1d3520fde88366730fdaafa73cafd8ad1b76727d5fef7bd8b1dd8348b02292ffd61abcc1534f56b9bbdf47134bbf7ddfe06e25918ee08f49d28724ae6ec60bc318e2c0f0d9085d5d5d5d5d00000003e814cb489f57404ef55e3f966820113e114af5f1828cd170decba0d3b962d2f17f4e099822e7288c46ac41e96cb51de2370253559b8591ad6057e90a9199c4350862656e63686d61726b73
010048ba5ff201675a25c6d8221752266681001b7f7469d6e9cb9daa0d11331781a1ef091dd13c35386df5d63978420286690beb905e71e3cd9dfcbef3e70fb01fbec2a8548674b8051263ea6947b1118752186ec60bc318e2c0f0d9085e5e5e5e5e00000003e8cc849e16bc6bf774020d50b287714e92c76466204022f0a2ade3ca9c41487e515cb63e8dec17acfec984258c020f89261f966e1b782089c601fd762c28774f0562656e63686d61726b73
0100b7edecc76980fb6cc77bb7aabb3a176300b199b36a1c235b0abc5d597f19d0a8d5f818831beee95def72d6985edf330737a07ad563b63d848ffb9d0989b2a26f460f5a04d9c8066a7829f0bceeba6fdfda6ec60bc318e2c0f0d9085f5f5f5f5f00000003e812d11c6acfdc0b99feb7ff8f9c8c80e393ab2139d1ace80e0cf4bbb06c69f2d92bb26fbcc598237f44afbc9054b63329ede1e751c63737275972b4ceb2c9fb0b62656e63686d61726b73
0100e17cb8aad75467b726899a9b8635cb1c0079924a9b22964ff44c05188978bb92fc68f3ad1d46397b7554dfd4b0987c245482bbec009a4261b802f4e29690972d21d573ffc49dd9451903083757ed61749f6ec60bc318e2c0f0d908606060606000000003e8ae60036e14086543693ae60da488a7a750b4fc5c452d8cde3a51563582f82ce55b3e4d777789d8fea01df168ef1d3306922be019c581d8cb566704aee5f3f90262656e63686d61726b73
0100ed9b972be12e6410f67e1d1641547a0700f7cec961877d1bf0da48c4cbd52b1b664155b88be3b1a8138d501bd07d62994d5c5ae98a647fdbb77b7735c7d5bf513915d281894b8f015d4870b966906b06786ec60bc318e2c0f0d908616161616100000003e8138ae38c8f148f9e294020442da5d4730e4e057919408fa2c12bdf15e8cf73180b09b146d7a6ade2c8aaca4b91d58858b519651bfb663cb20b18d5f51b65a80062656e63686d61726b73
0100e24cc03915489b59bfd316ef73e3f7d0000579dc01b2b44fcc5f3996f7151ef8453bd62c2bdff80cdc1b281e0259831566defeabd75f981b1bb01e4963bcfec31306aa9f6c733a4dc2f705c35abdd654ce6ec60bc318e2c0f0d908626262626200000003e800a524baaa19239fdc173901d48fac5ff5f34dd34d4e59767d20530328b14f00b86a69cb8ed8a152f829c1dc4e57c3c743e30c238e9fe5e598365c5a63cc0e0262656e63686d61726b73
01009da0f8570cac2888d77733f1af9e8329002f1edc01abd35d04417c59b953cebf43936c41e3705652e3a52bef3e86cad7270c269cceaf64c72a1a047dfbd1a18c7abbbade5056eb7954ba77998ad885044f6ec60bc318e2c0f0d908636363636300000003e881a17cea63396e141ca77a5ac81afc8c4df3268b112bbf85ce55b93de6d37046d3f698e286adbb352ca11a0d457dc65633d6fa3ff82583f7078f8defa20f0d0362656e63686d61726b73
0100b35b55c31716a1224ab3557d6c4d9cc300d5db1328609ee4f065949316b5afe42aea1ff241be957bfaf86d4c6e462f982d969925002c56061de90f317adec18ace9162d7c553517d33e538b441c4aef1c36ec60bc318e2c0f0d908646464646400000003e8d763133e43ed5d946ebc8219a3214b3ecc77e50d926dea051fad65daa5339a2d892a0f30eb14020d8fbd2b7ba571068078f894fcc10427eafa48876da1c1f50162656e63686d61726b73
01003aaa4b2ca3d36339fb42a5a25da7f176001ce3441c39eb40160e53530d996bd0bbc3399c73465444afc91234a1addd4b71fa2b5e804b6f53eea4f3ebe9039104564764e3b0024b1507447ab875eb6612c76ec60bc318e2c0f0d908656565656500000003e859bb2efade37f07c948a72b3f8e11dff1191249705eeff2d829b5544106e2e51b08b4497aadee6f95cedd5d27c4dca1fe2b8ba25ad9efccab9f3fd525f99860862656e63686d61726b73
0100a9abd1f055f6a986f264e17fa9d0058300668388f2745cc2c97583227fdc6041f69b4f971697b64a3bd172518651ce4872bea8e24183153050009355a94d0b465d4c6230f445d4640c65fde56a4462b0ab6ec60bc318e2c0f0d908666666666600000003e856b5ce4c8bed331ac19fb3b6129f586d3818812eda88d31eb65357dd996f3a6276f081840d7d35f4847389c2821abd07a3dd8ea1d958eea158d21d6c555fe60862656e63686d61726b73
01000db683c357c5035b7d5cb7853ac0f5d800cd041021fb47558c68b5f85103346c6df429ab9b8b2eb450e4257f765cd21d66a542390277d59663fbf7a470032fc549252725c2993aa5b181c508b2885549006ec60bc318e2c0f0d908676767676700000003e802736bdc357a08065f30ba674efb3623f4f965237cdc6729268d638bd080e470a311102951e5b034ae173ca15c4fdcff6b71dd2e5e2e5a636f81c9f1ab8b090d62656e63686d61726b73
010076621bbe88f05ffcd9fda9573a8aa9a000b2e7b487d1ba90645cd36eaafe12bc076c42adfd5b146d509e72f4c04122645e1e6b6865faae927b935f83ea3486720e201b132a402d87341f34770a3d9f32266ec60bc318e2c0f0d908686868686800000003e8d70e6c1109b89fe0dd790a2afe0e2c38b63642ef4931121d2eb956507207c56fa7b4c53c41dbc9866d5ad5f1ab465646597814eee411888aef51fe37b8d3bc0862656e63686d61726b73
0100105213f485611446839086fc24a943550011d860225b36e58b3fb18aa961765f3e0bca8e5c3a3027122b9ba100c262680847e36e6b71ebb255dec322bda873a7cf8b0ab26b094d1bcd40559284f79a7ef16ec60bc318e2c0f0d908696969696900000003e823ee4c1951dab11878937336bb161ded0563bbd2a9ea8d4f73d6d8bc4b2cbaef8ecc54eb76e3d62d08556c2be39ae09712ce90ae5749307378fe77d25ad57b0462656e63686d61726b73
0100d5f1e6dfd35d846082c3da45080ab5d4004edd93e9a6a97808a821a419549f2a6430532b5780e798813ca2d2ffc7fac71c9c28d96a34c49ea44ba76283d9046bbee80a0988c0482946b59b69ae7f5a51916ec60bc318e2c0f0d9086a6a6a6a6a00000003e893e5380a4de8918e1f343050416db19197d9974230c55c5483ca73bf2c945c9b4ff50f24d38e6b2c50f0fb3e5aee5b987f03daf40757597b8192e4b460376f0762656e63686d61726b73
0100e68975ff49ac366c4066a430a3e45c410037931432c18a6cbfe8ee8eec092b4c51fcde3ea506124c9c7481d0941c53553a99147c45fda039ba0c2c82c68691d04055df6c6219107cd0620db0c8e9a990e26ec60bc318e2c0f0d9086b6b6b6b6b00000003e86f10570f64e943fd4295bb10c320a0d43517f9196e768a6262d8196fb0d5ca851d8b509d0c5359ca8469830c1ec26fce792da7809e934e3d78d565fa49526f0162656e63686d61726b73
0100e512c7fd916edd3aa0005b801a9bc82c00243ac606bcd8b25c4d2fbeb9bcbf0f3b2c0751c216cb94a7440db76732fed4132917dbbf50e3b432da4170ec6222d58400258177c3ef1814eae5ecff42e56aff6ec60bc318e2c0f0d9086c6c6c6c6c00000003e86e48578fc390175e5e442c8844fd0ada3183e408245d278a331aa5d9097d7cefd84449c447192c4813695fafe196ccdac5b750dd328055dfd4991b40722d430f62656e63686d61726b73
010084bb0e27d8cea0c389e24a1d2ab9341c00e3a5d92a42c5f9d28a3668c050d5f0c6594566a852eb600a145854efe6f6ce3639f1f9416cbb3a5d5e3a161546c7fdae48edb8104483b28723148a7519da0de66ec60bc318e2c0f0d9086d6d6d6d6d00000003e84ea4211567c4f129dd44aba36ba11ee57d4f2a00d507168e166f07812ee2e4d806a2c8c064548320af1a005dbfb3ce53afe6a701237cf230f8abc5a004d3f70462656e63686d61726b73
010072e453e6310066d0b14d002e40b3634100c27f4fa9dfd6dd3572d40bfd882bd18b14ffdcfa7da05c30a7db22a1a74749650ec438d4d022d936aaee690bd421d099b84336d0f5808fd83984f3b340fc14de6ec60bc318e2c0f0d9086e6e6e6e6e00000003e807776ed069af2c61befbe975cb9ba8afd54f858acc1fdf1071ed8cc4ed994e8f55f1cc88293317d223a1235cbb71d86e339065ef90363362510eefb4a3ff100962656e63686d61726b73
010026d23d40738ed35f4babeaa4ca7185b900d313700721e4cbf2947a6ba288837eaf7630f74a8ff4fe4d718c3fce3ba8923f8aec529a73de99d8b40a432e94e29e893a9660dfb80ad7eddfaed4b3a3c6ec2c6ec60bc318e2c0f0d9086f6f6f6f6f00000003e8a9476aaf3bdc8ed8589ff4f3e5280faf01b472d3572a3a0eacfaddfa429bd13fa994253aa128434be3726391a54101e44feafafb1fefe8d4dce1d6890f4d5f0662656e63686d61726b73
0100896a300601cbe940fafc3ad1ebfdea3c0045958f4addffe407ee7a4e46755121a5a11f61b7c488f090b4626fef8552dc43f61e4c347b714e01475099ee97e7e257dcb05dcbaad06a033cc6656b015e89516ec60bc318e2c0f0d908707070707000000003e8e2e2b7f5c3e0862a7909d9aefeb2f07e16b92c7af82d5ef432a4535964c525363e0daf79508fb55da84efe5802d583b9bdf7cbbbb96e6903c58322ad6cd3280762656e63686d61726b73
01001ab66a2de7224e74ce6e24fbdf63873200ceae186ff3fb20918204345683eb968fd1ebb7d4160b92afe8586562538d532eecfe1d6735147cced61b1279b3400463e420ee88fdf2251a88456697997ae6b46ec60bc318e2c0f0d908717171717100000003e8921e7326c26fde7e8b690398d3e061a3dd7f3851b669fdbdd4a8f7fb550d753c5ae97367130b8a5175c7eaef055bd2dd72c7d2c658e134ab7d8ae23307de830b62656e63686d61726b73
01000ab86e4f66f3b83c9da7ed38e5212aa6005f2551204ae8ffdced23395ec66a0259268d94804cad75ce42318425b33f6d36e16b3f492c2bf27f93e3716297f787e7977a1e45aabde118143cca9648b4c46b6ec60bc318e2c0f0d908727272727200000003e8f5db1dcc4336d1cbb70076986aad28cf25c92274f0f47964638f993bd493cfb812d600028f429beae9949160954a169b25f44a5af497d689c8c36e607de7f80d62656e63686d61726b73
0100234ed1632d31acaf39995e4c4022b9530003313f2bac79568e0017a067699f9543b4a19bd2041b5f32b74e99e00b53a248d913b32363c7d4c877f6b812276979c753659bc9ac66a4bbbdc566fe76c524d06ec60bc318e2c0f0d908737373737300000003e8dcdf5a3a303fa32d3df193eac060bd685151be8c97f10b3af24c58aeaa0a48038bb61f3b94e03d1a1dd1764df71f44bb5a7c4dea7c400a805a266260331a620862656e63686d61726b73
01001881a4b679254479e2049f37024ebb8b00cd8fd08778f28fcef22b88cd53228e7e09bb2fee158a3b58775cf438449609251008e1ceade3d5b3e0a6e74784b5cfb416e79ae475eda8680e608cda5d7860706ec60bc318e2c0f0d908747474747400000003e81b2870af0ce4db32740c73f81118b6d1e0ec8264be5f821491b8d6ce6e2cf35b672c5297a099b34825fc07c55fe43fd344b3b26f16c88700aa8dc4ebae6f0e0c62656e63686d61726b73
010005e67ef35d3a1bffc2a85e581a9c1d9b00471e6aa23d87215d2e84765e8493599b32a1af209a9d906335183c67a0741457a4e6fecd51ad121fbe7cac8f1145c2c13c786d0e77bcfd8812bb6b97d035dfc56ec60bc318e2c0f0d908757575757500000003e8d13f2dbac07ac181527c370de5c4fe0a370b49934c4176fd4f130f921c5dd02fe697eacfea61145328d9d1c76ac398f55a5796c3bb77902922305eb27e2fbc0162656e63686d61726b73
0100b64041276d4f5bc7942fd97fc657566c004b8a61f62291e8e1c649325594638ecdc09c283fc7b0602a76a46b2ebc5cbb28cd2b8abb07e12100158f81fa85449f885e038c6a71aab1ac3b74ec67a3ec39ce6ec60bc318e2c0f0d908767676767600000003e882e62ebc49046331a957cd23bd6e3c82102ecfe733800ebb8f7e72d3583a86720dd4e07a1dde00585665b548c064926f07c707caf769498890a6a1e6922be30a62656e63686d61726b73
0100be05971ecc6a01b8bf2e2c2f2e7b6ed6009a4752b5999130dcf7c8fe82a29580c30070aba3f84b9c9a4aa94bcc031c4d6e347fac0ebd02817bccdf2111583fee1b0d1f02ef17ac1688456ae321a1ed39246ec60bc318e2c0f0d908777777777700000003e8a0582d6781efcbecbdfad1b52480734075b45c04f0b9067920a52f57822d2fd755cb068e2949285182127e0ccfb58b76aed605e306a1a3f6653cf0a868eba90962656e63686d61726b73
01005f150130408f47b6c5a78eaf837a16db00c3a239a21f389614251bf17c463d84a7ef84b957d2fe6c60d9f9c0bbdc8dee33e9a1ff38bb38fc051efb303c7096426e246e408c66bd9472c97b2bcbe49c8f296ec60bc318e2c0f0d908787878787800000003e8f7143c25d3c90ab3a5e452cd3a474fa4597f242ca34f67d355471e1a504190e94f1f915e1787f3c43ad4099fff505a9deb8683aaf26e31c350b5b194961c080662656e63686d61726b73
010047961f9693605ec0f04609f527da89bd007e7464ad83daf81fe4fae7ff42198ca1cef517dab880e233637228e8c68c4f1c7e247667ba5a90168cb338707fd5503a97e00f51a783b9922b99f57a62a13bc66ec60bc318e2c0f0d908797979797900000003e883d0a4d147e1092f4b8a4f208bee0ac81bc0e47175963e57a806d6aba2c834ca86e0d218500dac136c2c2166907d5796d8d7a907c68ece8d7cf7e919d0115a0562656e63686d61726b73
01001e647a0c14aa8b5ceec12cc560111b0e005599e00629cf5d618702dee972b9d04b7d4908e13846d1f8d977ad5630f6645706fe87a17ad5861834fd6c10a8e2c0a0dadd15e076e908275d6a5c3210a0730e6ec60bc318e2c0f0d9087a7a7a7a7a00000003e886525a13a1c8a1930597d5e04f77fe6d67f09e6827bd706bfd755d03b4b542b27f7e5c0176129af7752a9df1a7c1108fd657447204ccd4859f6d62fa5975480462656e63686d61726b73
01005c883528d49fd7605de2ce12b15578c7006296a44a21cbc14f2fa8597629d85b61025deafe7abe60f4995f8bd36307b41bcdfe7e548f007b9c956d8c4a8e3b3dde35c8e4d4cb3eabe6547184c02e45cd256ec60bc318e2c0f0d9087b7b7b7b7b00000003e870acc497a31f304741338b71de1dc51dbcd61d1347c7d56cc7e3bf2a748abe41f2d4dea1969a473a6e883ad8672f6bf09ee9babdffa54377fb2d00f3569d7b0c62656e63686d61726b73
0100dc35213ad90ae1084f72a643ba70e518009d2ca79a7beb32737d2b8b5b2f0e0c3a5bd987b7dcf4fff91f1d2f658a98a223ee2d9e4c4888bf3bb675eb1c501d7d559e36a8ce26173e218fd23cb5121ecde56ec60bc318e2c0f0d9087c7c7c7c7c00000003e80e56bf9552600f355f2397f4532cb284bdd6f2467d4a8a2d272bdd3f2b46c48e3dd446548c0b027f0bd04ba0c958a6bf36e84db6c1a175a1ebcdc12fd76b370662656e63686d61726b73
010054ec614ec966e219a2b774338bf81f16009621123e4907bb1456e0b6453f6653fcd52298338822cb3f4c1e0e398ec1b562a9f45449b8e80058c7c86afc1bdb23b3824dda9d4c4353a7b0c6eb914bba93a16ec60bc318e2c0f0d9087d7d7d7d7d00000003e8077970acdc88d83420cd6f5fffac7c060859b4fb407dd78cdfa13b2844176ab1a23ca43a3312f5bac47d0a13beb155082626d14e1a9056ce3e0e67872dc3a40a62656e63686d61726b73
0100e4cfda1529b252d11882f040613e384f00bf28fd092b86b10088bdb2b05e6e0445e348cd00e9dbaf059bddfe2afabf8901dfc8e2428e7ef70b6b6eab8345bacb4a66e4a22ce220c8f7ac5653d56c32ed626ec60bc318e2c0f0d9087e7e7e7e7e00000003e8767792d041b1d0e4663e25bc1b0c9793885ef98c6849bd1b2236d2da7f5d7bd47538e644bf24e63b224a3f80654b76c0a8f6890f7febc2d5fe42929eb08d680962656e63686d61726b73
0100141cc2e7745d83bb92310e9bfd8eda1300a6c426e033531bd342baf2ed85eeec4e21899d69e7f9dbd466a86f0e930db363474aadecaad5777a228282e41c2bfaab6cdf6820c9da279547b84f56fb1b7a6a6ec60bc318e2c0f0d9087f7f7f7f7f00000003e8c58bf43e3e3abcde301317c01523d95c2afa517f57820129002a2e1f5467310aa5b9705a9d48f791ce2d4a503ab2a94739c1f877d6d930683d7434bcae31440362656e63686d61726b73
01005a93edbfa40405bd446e2ac93d7c576e00a33138c593216d88a38e9557cc624cede9dbf525a1e45da4cd0b55835f0d2356171c53c1cacc54e707c5320de9712730d5bbb21fb7414d59b5f078a921d18d786ec60bc318e2c0f0d908808080808000000003e87188494538a598db8eecae042101ecb76ea84566d667f56933cfebbdd19a35a907a81a617e6bdfb0800e817e1586959c9067513b53909ec4b7afa9aec2b3040c62656e63686d61726b73
01001b3381959f6215c88c0199806ba135b4004820531a6b7b23e8bdc0106b9dbdcb2785050d372fcbdde61dffe4c47f9d4040aa6e7d70f91cd36004f5b8db8fdd15bd226ddc8bba49910ce3f171aead79d8fc6ec60bc318e2c0f0d908818181818100000003e86b90dd7e1022401b7061144f8562d6a83f2bccf7fe13ae32ca0da75e2649247fb024de7dfde396c7a5ea33f8bdbae6331f69406a8fccb76399d49084124f5a0762656e63686d61726b73
0100d8d050991a3aceb6a6db116e2d43f2e600a63f3a8d5092c679449bd98ee24fdd44531ec992d5addfffdb9865befc3294654c0c3f537d96442ba400b6492577b96eda7f0a6028e2743c74b1ef995ba9661c6ec60bc318e2c0f0d908828282828200000003e885d38530ebdd712110f4ecc37b004297583b358eef876aeaa0d48cb15250f57cdff291aa1fbd1f69347ee87ee1d9086ad233ddd25a31aebc7311665d8b79f50b62656e63686d61726b73
01004b0eca7beb159dff4b855fb5e3c6eee5006294d26d1aa551da8db507dd225089ac3bdd3964ddcbf067043db8b5e7d00d211c56a37bef1ce6f07075617d69f23fa2bc513fd09b5224913b3a25681808251f6ec60bc318e2c0f0d908838383838300000003e87141d2ff09a800ef0c78efda88725b8f89dd3f7240d66fb1b41b639a1a25b791ef1171c27604cf48f7cfe1615223919869d283d4b67dbb7c9020dc79f5dde60f62656e63686d61726b73
01009cbf0764e1e62c2245a59e6dc3ee93090040266be13967467e9ff72bb42c66fa9b08c92a456d34f69ead0f8fed53cd240cf22751d24dbbff407ed85aa12e624ff5af657f7dc4d2bd95e1b40721d92eb61e6ec60bc318e2c0f0d908848484848400000003e827e407db4d3b5066ceca7f10959054c11aac0c93f907b0daa885e844d6b701cf0f25e274b8a56c45de329afb327a1e755622830d4d9df89415f67d4fee5ac80f62656e63686d61726b73
01005d7cd1b4ec8bc21680a172009cc1657400af97483067af60c5d942b8d827c950fb6537b41b08ce3d1ff7425e380c3f7f2c31ba29121e21edc8ba33d63d3fd01afc9518445282f6d9c0fe690999dfdcb0be6ec60bc318e2c0f0d908858585858500000003e8a6a63112e7c56b56da2741701a2debe53b5a82a137fef9682d62eb37ef4c18e8c3488d3a206608b0f6ddeb249c995588e963eb053e6a7c2e9c80845df998d70a62656e63686d61726b73
0100936a2de5cbddf3b79d0a5ee476b5ec8b00e1cc6565227da78d5dfe884dec483ff0a81dce3e5bc365efce2c31b027f8b16b715b49ac1e9f01c380ae47498f83f3a24e573c86b0e3a52bd8a8769b80957ac26ec60bc318e2c0f0d908868686868600000003e832f17c8d395794786d7bf211b06c8eba02b369e9bded7f366701cc829301eb8bef8301b6e09b6d369376bf1b1a308c58b0f3ab3480f3699ff92cde0f72c8ac0e62656e63686d61726b73
01008ddf80b9b0633c2ed25d60037a9f36b200cc5e9481b7c44084e31bcb205cc042e9e21dc3e4294966c474c37f80d7e22145f5f00ffe256cc58d51afdd128031f0e7039a3336f31e440cc16b693610796b216ec60bc318e2c0f0d908878787878700000003e8c96362bb6a69512c302f6e50efb6a908a0ad978c81dab10e07f0116851432cb5ef347a082c407b416ca32303f47beaf63fd9bf4e5c2e5409daf0827d09a3260262656e63686d61726b73
01001757299f2027d7d79bae6b0125760e41001fb296b9da04eaa958fddc55a63f40818b6ebc365fbe727b3edc11a4a49e2a1d5e9c58bc3f732417bbdcfb8c487c975d1df80b7f7a63a60ea35581aee91ea65b6ec60bc318e2c0f0d908888888888800000003e8e7e4ae00b3bad60c841079232c70691da87922bb12fb08a34d543078560286fc2f0291a566b552fc11e63c6d28c304f9499f5dd472a5455861516bb668dfa50c62656e63686d61726b73
010046c309c9a09079a0d4f95756532d9e2000fbc84b1da4095797fd504dff0a6286d38fbb3bad3f8f4dd592e0d14ddcf4227480f2b011d593d49fc4762c1d61401c6303c3bebd59dce4c59c20513755984a8d6ec60bc318e2c0f0d908898989898900000003e81df417d14c7746b6fd4ff29b5420d6bb1563c4a338dc794abb9f04c0524ff1c0d3b3cbfc43362ded78b3e11ed47cc3e95957b7477bdf8afc497311cb65a4070962656e63686d61726b73
010031c279f92fc9114c680149dcc04e296a00173600d74ee750fba3167fb8fec9604a027e7e06a0e29b05fb303bf0d2bb4f2ae4cd8884f9a6f7c8a1a1cb2e7197f297fd14523b27ac8e19d89eb6e60c0da3da6ec60bc318e2c0f0d9088a8a8a8a8a00000003e843bb200db042d2b4397ae981c3d10c0384e657ed374c7c58fa3f3c68185c6955cbb73408860ba67c668b006e9138bd6f315d62416c1e092bb41ee25217c2d40c62656e63686d61726b73
0100b97423140096f92cbbecd01dc23489950010dbb362e2a43f1da9f1f96755ccb44b47362d0dc2021984324c3144f179c64e6bf913437cf36325b77b3045a6979e296d8a8b4433f13ad5b1b9cb10261d3aec6ec60bc318e2c0f0d9088b8b8b8b8b00000003e840afe9c04a996d45ad4cea8a8440883f65f89a55ec815850b78ad424292a436d7a5242b5fdb8b8d71c127290bfc68d781d73e0963f68e32b4db61c105394e80762656e63686d61726b73
0100c2231d0d23bc03b483cf7c3d51787b8e000fd294461b15daccaaa00fa07b4fbe916ed26451ea069a9e130ef2783263271dbc4a190bb8c71fd9e9ef92b91130fe732321a2027ca6b7e7a1811f9d2647f3f76ec60bc318e2c0f0d9088c8c8c8c8c00000003e81039c9a81313e4ea94f7658a3905c822f5ea7bc4795bcfc7969e9b1bf185e008cf9fe47f5c19981c84a54597d58216927f593d70853daa1af7c9a7e47e3e440262656e63686d61726b73
010000da3edcefdfd862ccc2627a61b2b6790092174f8a6dd9b0cb9f50744b2bc99a6266437274bd8908f929d59cbec2a9fc4b1b1da0b160b4caac96b221a3eefcb6e5c747c7cebcc414fd8936e9bb99fbc8936ec60bc318e2c0f0d9088d8d8d8d8d00000003e833588ccaf5ef7ca1eec92aaf130643a6ac2058918aec0cecb92e3a4123413618cd335d4ef5016db2235a5297f7cf1823eaf367a32d9ee18f27d3319924f57d0a62656e63686d61726b73
0100da92778951336bf858d6cd40d1b6938e00def1aaa3ab224fdd292494853c223955f3fc0963b503bb09dfa09d3f5bee38035a25444657445e188b80f9e2d4d91462c89f575200bb23034827c00b5e0e38116ec60bc318e2c0f0d9088e8e8e8e8e00000003e8ee7e83600d56f379e854b8f0d80e8da692bc21e75ab9dac7251845046384255b37aea62a372e9d91cb198af2622e057836f642b6fb81701f4b10d42a9f92380d62656e63686d61726b73
010037080d65e47c3c29ac52fe67726e10f900c8b03eae2239d1a7705258f4e5db61f069db46223bb521ff9b25ed64cf1a44521aec2661fdd7c57e1b7b71008319d7bd83d8a81ac4fa4da4d10e1e0c8b7671b56ec60bc318e2c0f0d9088f8f8f8f8f00000003e802dcaec30b31cafdab22e1f5f3c01d2e7442eab214e3403e51aa8bb5025caba7644fbb9d78c05a67bbea379a4cdc90174cac4770a555076f465dc2ec821c500d62656e63686d61726b73
01007914956217eea9861322670abb38405f00e24f335f1d2254eacc1cd4f846d8a2560cc1b4547612af175c62f8e8e4fd995039db3ce812b9d161e3ec9b8e3f8f4924a147de3422bdb2673fd4d66cdd3df7026ec60bc318e2c0f0d908909090909000000003e8895e65e5c43be1c1c53e29b7294d57b16c8d58134bb4e3d8fda42f4b1aa715febe5df13816c0c2a5d48266cac57e79ca40cc0c933e2dd11ab0e9ed4688db9c0b62656e63686d61726b73
0100cbecf452be190c2a341272d3b90a4caa006a9eae1d0d8d42f3aeb95ad6cf6b41b6656b1bb5a380d64a5fd2b1eab167a7109b5917f24c90313e2641414bbcecd604a41295bf684f3abecaad28dcc9fc1f5c6ec60bc318e2c0f0d908919191919100000003e8565b0f63025cb0777351d86b58fefb58d02be0c4fdeac9b7f91b41036363ba2427ac69a732519905ec08167fa1d711caf6d0c8736deaf4eebf91dc5ba068f60362656e63686d61726b73
0100a2c1fc62bffbb0806b85709a91489d9a0009e0bc9d126ad520ddeed1ae2bf578a7a8c7855919eef62a12b0f9a2ce908308cdcc3074d16491806e5dc65034a518681376d43dc9618a05a914a77e8fb766aa6ec60bc318e2c0f0d908929292929200000003e883f8a750d085e23b9034afae2b99d258dadce5a197a674a437ca170e35de148b51a78707bbfd8bd00c4738f4e663d1be463dd26c58bc9b78feb11c55a58f920662656e63686d61726b73
010013096f478ac232274954e4856b4713f100687b26819ce2bcfecd24248f089d1e2d96ba2e40cebe01e47e5adb86d6f75418c572b5bc16699f649b1ed158c7e15cd83bb307c9cbfdd2735407c74341cc3b006ec60bc318e2c0f0d908939393939300000003e8cb9da3590deade6d0c6a9764b9b0695cf67cf993d3fd8bd7b7231b2e57d12bc3f8d488e54285bdb88d7cb47dc8275af27d965fc9c9d0efd4f5be82cc4e5c560362656e63686d61726b73
01007cc9de292ef06b3085446f46ab61c53c00c4af3d20ca2b0e33f09cada419f6ddb1e60f21a17f781acd93ac63e777c909012ef5631f61b9595a5daae401c9ded48ba9dc62d3e24962234ba9f6155ab5d2ae6ec60bc318e2c0f0d908949494949400000003e852cca82b0f75cbaea4ebf7d2132dc7e271cae750a2d14dd03f3956325a7dc13605ccaed569f4c40d6813d8fab24a4ece91f7eed6b00355c2d509e02f76abb30a62656e63686d61726b73
0100b8b6a35112f00b5125b71491163bf4d90008c3aa53cc4f750a4088ebe89457cbadfdd5a39bb09e343cd6c8721fa4ef855c955c5cfd9c00e25819d5a47e4e819aeede2e9f129b96a5da651161105b90b0836ec60bc318e2c0f0d908959595959500000003e82ee1a3682b942ae7e2853f147cec4f997ab7726d23cc5bb3583d165c1613a90826ff3e40878ec3d7401f20eba042c2d47bd88c2fc5609d14e3aced21107c5b0562656e63686d61726b73
010031c8bfec48623ef7448ea962cfa67a90004a6627426491fac5e667e6031fe04f6f7657bb4e0b195d4e5917c1e3859983555b0f5a46a65b786838fafccd9120e7d7d60a035238b8624b1d7256e9939527076ec60bc318e2c0f0d908969696969600000003e81ba9d5388d22b396c2b4696646db97bbfeb0706258c594b76c7297eb7c36adf193bd85e89c82168e8ffaee046e7dced7db8d2b3e9d9f56e261cc98af5fbe0f0d62656e63686d61726b73
0100d13315591b67b7fb36a52bed689b6997003c57e44cd377f5b4df352c5b0170f0a838183cc2bb64cca9e0e853fb5c1b1e67e754ccd0b57cb611a69ddbb0b2dca606d0452fcfbda282eb176a4385438793b36ec60bc318e2c0f0d908979797979700000003e86eb6b1362fad236120227f9be75b8ce5b3f1197a2d38220613999d976be160a016e5cf7f9d263097ef1f2e7660db78ad0031ca64200256a42405aa0147b5950d62656e63686d61726b73
0100535483f0c0eaad9ab023351794f3705b00c58113571281ac0f0e775b7242ea2dd111b1a729c602e1508886ef2beeea1b56eb539f3f1a9048ee416c15114b1f79fdfcb437c2f164ff77de50542d0261f15c6ec60bc318e2c0f0d908989898989800000003e8348cf8cd39bf0f6584fbadd37ae4f59656afd9e94eb5e5b1b26db5d83e7ad2badafaf1e6bbdf0b8b686be1f59bbf95c769d86aa6f04ef7240e689f6b8d7e350762656e63686d61726b73
01003b796d0893e8b466756802b5b76430790037748912849d789bf95457db8e97706731875441382e3b458a2f28b7ec63906f7e0c2a5f67584c49bba28fead9eac5f61916323f4848b746a0c57e1be39dd38c6ec60bc318e2c0f0d908999999999900000003e825b63d5cad0cc63b232fe7abaeb53dc2197646365fccbdd560dd21a610a25bd61c89030b8062bd9d1172c4e58126dc90342aa2ad003851c2df68fb7e1d93740e62656e63686d61726b73
0100f88f73000fb763054b33acb5a540919e00eaf57dba0a9e58b297230de7bf4733aa129835b794ef124420acf3e2340ec33929e79c2ce936f9b13d03b35acc66c2fb4060f5594c71f8e81acdf3676f0987bd6ec60bc318e2c0f0d9089a9a9a9a9a00000003e86fc5071cce1f1a70000794bb90ab02a9a89b38c4891c8a09fa025f0b343e19d4ee2639f6e63a2cf0116b3504968fa89429842f1a479ef66e3c1f980fa8d4d50a62656e63686d61726b73
0100dc9540fa25e2711907877832e1d0fd94000f20c026552eeb4b5eb99ab6ed1826f3af98b32dc0c6419fe3fcbbdbd0641219daa7de864609d02791dc2d70108160161b887b67283efb1fd4ba376891d24d4c6ec60bc318e2c0f0d9089b9b9b9b9b00000003e8d305929a90036a58b69d519dec350128f61ef1b7fdb7a48e4b7d6381823c319bda69a779d52c0efd14fa1f5479cddcbb5665f6c133eb3fd54b7519502c8d660f62656e63686d61726b73
0100b46cc4316a321cb41078e310f24a3f6300f7db237787896a670aed5dfa76c8322c7b22ef763cb498daef2f8a2b61df6517c0f16cb02932414be9133081d5d98670ac38805dd5a95a4a4abfe208adcb6da86ec60bc318e2c0f0d9089c9c9c9c9c00000003e8bf7eef747434b983a9947869feff2297cc6448d26377f4c63580485173fae67523999ec9437f2f1514313c365abcccfc626756ddb77d4bc29990e4b1d301360162656e63686d61726b73
01006369251ff8ce22a1b3f7ab96fb5d7e72004ad706004280e92e2498cf6ac514b1a7a5fa6638265b6de6a1b6407ba3db25133b0b08021eb7e8a8df985c737661b95ca6873d4778cd646ac4cacc0c6a2bf4086ec60bc318e2c0f0d9089d9d9d9d9d00000003e88c95e3f092b1914663a3ea54767033489fc8944fd9a6205fbee0ae8efcc233bfaf7bf84a5a09822218f0d393ddbefba9cd09b7a289dfa4c831dab86d69ced80562656e63686d61726b73
0100b59cd7d7b66b76d957906413f356c2cf00104d0770675f7b69c1d261b8d7968d649e6a94dfff24a623d1b6d089da38df12d38b67fd495f1e594cc4af7bbf851f0f5df2103547d1e22dcb3aafae6b6f4f946ec60bc318e2c0f0d9089e9e9e9e9e00000003e8a58fecbde295e62d28d264aa5c795d0b2dd4b97fd68fcec4879f55ca7ec4585e28dcbb851eacc4cd0369682004c70cecea4b182bc1657a7101bd1f61ec67aa0262656e63686d61726b73
01007878d46ae231340407b5342c124eb6be00db56fe5e828e5444d3e12a4ecbfa89e70eba0bfb24712d2ac4c827e1016a9d7aa65c10022cbe3353c4d4a80a422862b9a75c05a9c99ade072aab5a9e39cd84ab6ec60bc318e2c0f0d9089f9f9f9f9f00000003e8279c7ea97fd3992ce5fd503d822c3dbfe72f4f41ddd80bab7bae913fee7ee9ead311fc7b03ea13005c67f45bc078227c6823493e2f837847d9d00be37cf6840462656e63686d61726b73
01001f36025caced4d610634d0055e44a60800ab716869eb28e2af6c0e8db9acb1baeacc811b00e8771ebc23bfb5905695dc04afc0790a66c44f2c29c4ba88927170f1b3680aecfcccef516889e64d943678f16ec60bc318e2c0f0d908a0a0a0a0a000000003e8f255e9b614c4eefafefd8d24e9c23087d4a4158e248cfda0a079c6e76f49a0f429d76a47137ebf2a6a2fd3e3ea17233c0e727e8a364cb7fa74595b7faf5bae0462656e63686d61726b73
0100998bad3b1298964cb359c79af2c1d93c00b47da6c077b1f588cc5fc9e580c45f7c53fcf048b07b9fe7a25e765f5a8c1c716546599e23d0e594d6c3f8fc4e6dad04d9dd6c9bfd924818973a7534987713896ec60bc318e2c0f0d908a1a1a1a1a100000003e8fdfb6f7b31dbde875b78e69fba388cd6e1b0f934e23e53ceafb50b87e059d4f824ec94ab4486735b2b3849050ee42c25ce7a4fbc8fb7a0453f8aa99b0812020962656e63686d61726b73
01000f42f2ea9ad82bb7dc3893a0fbf903cc00c2afab6a3100e8526078210d6d128234cb5864da1c8ae91ef770725ead0e866be52612637f75bd81cd10eaa81e53d9c60d5ae2f2f11fe4add89101cbc6cd799d6ec60bc318e2c0f0d908a2a2a2a2a200000003e88a562a864e17bb056b4978d2f7e4d2340568141e28428bf9d9d59edaf1b275a05403f7918a7ca91e8ab53922fe7b56679e88e60e8bc989428b5bba24d6a2610e62656e63686d61726b73
0100a2c89f8e04fe6c428a945efa570aac6500563330030eca187371180e3ca51fbaeacb837abf792040837967e45702a14f621ec603278db9a7916e243ff628fd865a4d6f082b4802619292e6d5e2e0752ff46ec60bc318e2c0f0d908a3a3a3a3a300000003e8829e9aacf268f235ffc064fed44c3990885b42a4ed41e51e7da97409d4814fb390164c979ad03362e45700c946a519c8e5b7f465324c01f78dd05ddb4a8f390f62656e63686d61726b73
01007da4f00a3f986d9fe034471216a4d204000d84b25b77dd908d0f41c41d49e3b3665cc98e52ac4553aeab38108aafea1927905a27d64f4a9241e9a4c3d11e4d95ac9dd1cca7b367f030302df9479d3bd3f66ec60bc318e2c0f0d908a4a4a4a4a400000003e869f1477597213f991810ba567c9fb9fd1d8b9365ab2310c3da13bae27b45985433aec75b83e372a9e2d59d71da45dbc380463454aff0967a33cb1cc17dc7480362656e63686d61726b73
01004334071d29f91b5aeacf1d350fe7bbe200523b114a7c9242627a412b0c4f93b34480b9138039e65799922feda74172e43cb620ff2c4e20e754fbac04fb44ab5e2723556f8db21156d08a9528bd18c18d506ec60bc318e2c0f0d908a5a5a5a5a500000003e89770dd46773aa66ad477efb649412360ddaf62a5c4cec64d4ef10e677aa0e19baea487bc7d8bb512338ccd9325d9d5e95a51757b01b5932c526b75913c33fc0562656e63686d61726b73
01007bdc33a91249a94c5661199d99e92c6300a717bc7316d7224f5b49d7e64d33bfc7df2f57cc89dd84f2596bfd7c02be004ee876dcf039750e9d469f9ebb04a3185ff238a62e67f3b546b377744865d168e56ec60bc318e2c0f0d908a6a6a6a6a600000003e8e848afb703b7c9741366f86825c78bb76b86d6fd73909ce9fb7ad496daf2ba678c31d09d1e21129e38537434cde917b77795a9ee09ac445505ee95fd0c49ef0062656e63686d61726b73
01007ab18fc38a8aace7e154aefc14dfe4fb00a0a059b392826acb5eb00581645cff3acaf73b789510df6e993e58cccd6fa211cbfb07ac2b4049fad5cc8ddc1e8381389c52e57553f4886730ea83d15625f4926ec60bc318e2c0f0d908a7a7a7a7a700000003e87ae9718d651a1d0f88042b26624f29885e5ba5eff6e079c8060cbd4e91a1a24e39c6f60ea342572922ba632b5274ac8b5e4f4655f0ea3f2da74acee54a083a0262656e63686d61726b73
0100049075c7b030c92c8f52db1bcc9b2add0022135f2fce0253c6881c4a445faba9fc31c86a8829e31597c2a26f3478068768b63fe7611ad371ee4a642a3e3d91ea54c3d09e837f5a59d5ea557bc594f752736ec60bc318e2c0f0d908a8a8a8a8a800000003e8438883fca51f7ab8f65826f16ad10a450abe693be943fc07efcf6b25b814500334db570ff010aa6c782280c80a647f1545196a041a5aaba427e239b9bf07550862656e63686d61726b73
01008e651497ed9171b4c9e8252056602ee200931a9b0bdbeffc370170c2a125e4ce2ed0ea286b38fa953227ef44a2753aa0540d8e26ed3e76707076438519fc34fef64da11c7411dba26b85e980e0603189d76ec60bc318e2c0f0d908a9a9a9a9a900000003e803e76b3763e3c9b6930de51ddbb1c7342b52ce43e7e4c1cceaddb9d7bdca085046e229be607c59dc72ca8f9c6d936f305d04861189693c92be5f3e6fb654760862656e63686d61726b73
01000c728ee50027f9d4abd481358086918b00854a76ae0d0f8c16594fc104398efe202ad4f0c9f775a2e10ba70b1704d5606df93a93037fb340504883780ab0c6d95c15fbe5afa7a91746bd901e1537ae07f66ec60bc318e2c0f0d908aaaaaaaaaa00000003e838f83afc30d47a5b7890840087018081b71425501adfea1a928c566f850b638a1fe7f68659ce904e7fd021120963f073c4ae642918e8d6803c9cdc5f153f570462656e63686d61726b73
010000282a87fb76f7036ec4bf4ff99529e300dd73295707958c7164a850d283e1092be720f2e2261305988285303cab00ad7e4131b081420c89664702a78f1020111aa3549cfe04b7ee1c6e83ade4d765e11b6ec60bc318e2c0f0d908ababababab00000003e89fc6ffe2eac079b9e8e535d01462c36441a369fcd38bfbfddb3e6e5b85584b409314725a5a8ca2edf2e64206daed5d6a518e7bd1a0ad0c38f7986cf58c7cfe0e62656e63686d61726b73
0100bbf80b7e11690f17a2dd699743302e3e0040f1ad81fee9f6a626ad242cf9f7ecbb654cdf86ac651be8c4a62b72d514d4049326e1f97da8bf86296fbf3203bfed6fa5b765c59579079876c4e0bc1bd2c9856ec60bc318e2c0f0d908acacacacac00000003e8c49ed6d91b1d264d93e90ff00b16cd1a005288d78724ee91be156421f7f43b8e466b5dec8df088997dccb5107d288d7677d4b9e9265ef5356074b35c6ba4d20f62656e63686d61726b73
0100f173b126e54962393295fabe6414ae3d002bcec17b2a75baaeb1f8c28f9955ae49e9c1aedd556d7708035124fb66e8d2577ac1e5eb5a962e76bf7754a729d78f21c7599904de5471784766172dabec94616ec60bc318e2c0f0d908adadadadad00000003e80e1a49d3a41819fdf7a1ac681cdc3016d2bdf6f996f74b84d0dfabdc24a21b3deca754c10fa97e119db137291dc7c621335ad13bc4d526275053f4ef4df6940562656e63686d61726b73
0100ba484b90a4a771f1209f905fbb896f4500255e271991a48222560c0061c6ea1173f42dcc56316e8aa0b3f56483a485176e043b178f0e3a38331fd16cc5849ab7adcd36ae01290e1029920235af6188c5d96ec60bc318e2c0f0d908aeaeaeaeae00000003e8046f061f9816255352e4c784b47fc87b24261c4c2d399bd9c15f667adc91d19778b8d06a853e53d3f357de063acf162fbeed709faa06529194cca74611c6820862656e63686d61726b73
01006415bc1a59c81047dc7fa677fc8dbe3e00998471ebef6393e3f8474e506cd4d087c597881a4661e9616f0bcb9e8992a742b3c760dc891e8420fd88dc7e43cbdc9795afcb818d6a94e3970d52bc26c509036ec60bc318e2c0f0d908afafafafaf00000003e8273a01ec088b4a9749b707cbe1c6dfd64f40ef46353694eabed4999800ffa8eb89fdebd8c52e41301b727bf931be4d2d26767616458627a7a0f17d7093f1df0662656e63686d61726b73
0100dc41f487eaf01a0b8ea366295ba7b90700476860a54209efa1d0014a2d790188a26cf129ae140d7ca291bf20fb1243e85f7dfb101fae631e6a3056f82256129159aa8a2e3ffc20173d4d81c825f5a754726ec60bc318e2c0f0d908b0b0b0b0b000000003e82a587e1fef15269e93071ad13d7502ecabd6aa4534080de9ab11d016d0bff425a2eaa30c653b138f68d52b9878f0d74580914ea55b0118f62c0ff78f4a9d9c0062656e63686d61726b73
0100d4419b17210c4d724f23cfff481a786f00a101e4a5eb8cb46e9ac49a5f3ce53cea730d601342e8d1a3c3dda8d170588e4ccaf00f32c1e4b95293372a2c8dc564ebd5c7103b0c3ea03a443d357f202a38bc6ec60bc318e2c0f0d908b1b1b1b1b100000003e847475f11a83d2f34de3461572f5663062077b3c03a67938a88c7945e3b6b1de8a4057a26e3af475a5a9756b305313528cf6aa0118a818e662da5374b4d25300862656e63686d61726b73
0100991fc54d23b295f3917ff979c7276dcd006bdce1524da748cabd7aad5c35e46cd6fc05ca4e1b215f7d57cd050392a0ec518fdfba35dc0d99bb238c65c8c0447a6dd787e56847235cd60966ff377d093a4f6ec60bc318e2c0f0d908b2b2b2b2b200000003e8887bddaf6cd52d74bb050d126de7399b91c16187cca228808aa590bd1e8648b61e8292162be228add7dd36b01f69cf4cc1bcafeadd302c1660fdc5aad751df0162656e63686d61726b73
01003fa27203fba53992b600b86316c4b8450074e87ef9ee269fb0a9bd2c103b615687beffa4bdaffc2f3e094e7cca5554be634d2a9bf2087939dc8d7b86bc6b832fa3319730cad35fc236541e0b5068be21866ec60bc318e2c0f0d908b3b3b3b3b300000003e8018297ece64eb53c3ef36fd5e19ff50d657aff701d21ab8c4184f017ba600d10bd1f7670212bcab3f0e76297831cc1758faafdeec063699bc2c9088632d08d0d62656e63686d61726b73
010002959558178c552a4ce85e918e9a1be800038664dbaee84d6a3162b3a2f869bf49b69efe8c16d583e6e06cf5b2c50f237f81d53886ed38c200b4f0197f7cac6c4ec5bc53842b418e5cbaab7c604e67b5c66ec60bc318e2c0f0d908b4b4b4b4b400000003e83c32489078b3707a8f0aff075323a6572273560d9585ea5bc21a73f0346215e88b89f80b88ceb4979a0b3a523bc141082b31bb67a716896c2e83d67db6a6680b62656e63686d61726b73
01000a6684fa51b8aa186201ed891786c5dc005ed67e0e8b8fc9dad6766afb2f4a1768252008bcdcd24b75313e1cf4b2f1c112620e781e2a6c4ee1b41a5cf2be0faf0c30bdd07499f5e73e38040bf8ba3ba35b6ec60bc318e2c0f0d908b5b5b5b5b500000003e8516235d4998ff575e5bb82da033bc0fb9886fb21ba5da90c6006fe2251d42b0362c23e99c2aea874e167d5e3a7fdd36d8e47553d6d3c6f00134a29447559a70d62656e63686d61726b73
010071c42dbbc8012c08dbfd55d45128fa2300cbb21f0ab3d390ab0e3d3e024ce3d5d7b2213c3e99c8ff58bb84c33cdefca152d221ee64b78db9761ccd96c9cb20bbbecdc2fa2889baf17d6854503e6cc80c936ec60bc318e2c0f0d908b6b6b6b6b600000003e8c67a92140fe99774bdbab1cfa631a6579c0c5b30ceee83e62046faaac2169ee7f49d837b1feb7b4491e6621e4c4e38f3cb02a0b4d8570285301c919389380a0062656e63686d61726b73
01005de41dc7b9eaa7f1134f7a24927fcc8c00c067b7c4c4b2be0eb81b41b96e6ced8855c2e61115f8970de1cdba723c013971455bb5ccf4a4c461c9f6542ebaf33d9a87b323985fc33d6b8315f373b7b2a46d6ec60bc318e2c0f0d908b7b7b7b7b700000003e8a0a2eb39eab29839e7ed5d2714dbaab3d6cfdec66b8cd8f6cd09c5f7b373b64bf69d9a8898e9ef207017e710b84405fc24a4eb4e6976e3a4c7c4cb9202f43d0962656e63686d61726b73
0100ccb46b0e8c662d6a7fd0ef0bebfcc716002547789219cf9ae11b7bfccd848fecab3267e0b6669360aa6f236b3065a3ed577401ab5de1a1446b6baad0f8bb222a1403633739930f59b2a5845a5a2cde81306ec60bc318e2c0f0d908b8b8b8b8b800000003e8ff826a47de5a3502540e0e76ca19a43db3aeae6e01a23e14aed84a8f6010919d927eddaabbf2858cbd2fa01f0a7d54ddef909b065d11b41a7ed0f58220062d0362656e63686d61726b73
01003d7b68cabec39f06eec8cbedda0a2c33004e16cf52800e308e5cff81d250e041b161c5c320f0c65f2ac58a71bd7204a7426d389d7a08b1756da47c86a0caca3ffc650d917e59d4fa5fc51138973ee16ed16ec60bc318e2c0f0d908b9b9b9b9b900000003e883ee40ff7ea39b1801cc4f139c91e9cbfd30d36e1c1239a692521d8ae1d7e076d3b01b68d049df27013f83f6bdd71e9424b19c82ddcb48c539dcfda965d5570262656e63686d61726b73
0100c57af4bdbd3fd35acaed9e346c52c9770002c6bced2312daa38dd9bb6c347deb4341a1d625a4d00379acf96aff1b7bcb42bb39910b490b01a769e812be32f875930d24643b302ecb474924fa703850b0c06ec60bc318e2c0f0d908bababababa00000003e851732a2c5e319b5cb7eb93dea511d0e9e42bb6db6a2171e0d3327235e0c49df7ee5158403b8cd034ef1448b45831d27cf6df62c1a84b2a7e8e0bc01ea991f60262656e63686d61726b73
01003005a248227cd34eda84c7dd1d82fd710005c3128d9dad315a79bea3c8f0653e2d63236c6f5657afc963b032c3d8a0290a18671f201fbd859c403048614b0921da7f927ea0fcf36b9652ca2f425c4ac9796ec60bc318e2c0f0d908bbbbbbbbbb00000003e8052ed51f3786b2995517810d11c6111e0cf509997f992e59185086d9dcdaca59dd6825a9adb6aa957fa8f490098bb227778065609a22b7a39bcf7e4fcaefec0262656e63686d61726b73
0100d912003aa43d76ca1064c2a8a43f2e80002e0e43ce0a48c753ef7c66bac78ebc020409362af5a40cf8383ec4e3cc752b6437aeebcb84c5ffdd7b1e8083d0f50270d9394bb0c013686b8120236ec3cf638b6ec60bc318e2c0f0d908bcbcbcbcbc00000003e86a76ca36b6acadf173f9b9e212fc535032451103288d834e2ab7be5db87e0bfbf587a05ec8d89057ab9c439035ad5a33ba555d8ed414fefed75c0bf006b4560962656e63686d61726b73
01002fb3b15104e98913a165d1c1c7e3f60d008cea5e11cbc6786352f48b1d6140b8e9c003dc540a096abdf04b0c31fb993508f37fe707e9f326506a6fcfdebe1aff0a5506bffcc6ecfb08e1d873514b841cba6ec60bc318e2c0f0d908bdbdbdbdbd00000003e85b50d8095d9bc9cef5b4e50fc020c96fc58d3f5dc9b3f59987054d7841113e9ee815894aed302f5f93096213a82d49dd148678e2a2112662741a2d281a162f0262656e63686d61726b73
0100e9ed253bb166a9bf3059e8222392e36b00ed502efce566d70b70b835da11302534a3c7c4d17cf8c61fe0a9755613ac7d17d8ddcf9332363a73004611367a85cce0c9322fc8c546aeee18be5ab033b5163c6ec60bc318e2c0f0d908bebebebebe00000003e8adbd7383c74d63f2df0bbe21fc451803646c966bf2fb54ed4e915c8e900eed22edc1f60bc40d36bb1da0aadc9b92e91028270224a3854b453bd3a0291bb1b00f62656e63686d61726b73
010001f7aa900b3a3cb0cb8900fbeafc7fe900ed91f557a71c137e61d02ac843ba68345a4dd609ed160a6b4369ba7a5aa8c41b4cbb09ae752807120fe98274811e722ef2354c767a1d3027334cfbc5c08a0a6d6ec60bc318e2c0f0d908bfbfbfbfbf00000003e844cb7e6e51a81aa28cdc2047d78da346ecf16e17e0a296c4b28307bbebfd5fa81d913fb0bb5c3b025d65e61f8d036acec287b54a61af41b7ecf9a5f30c98f00a62656e63686d61726b73
0100dab15bbf6980711beab581450005926000fc441ac9271e748b3350b01b99d99744a16de753cb6a62310ed4ca2ab1b27b11eb61bd9861d4c0322ad000a0b82ff6e575532e2ba46611648e2a13dcfeb3a2806ec60bc318e2c0f0d908c0c0c0c0c000000003e8170813bb3133ed46b80f1125d04518c4c7ddcc9487b68cbb3a1fa7268d7d777ac3e7f8787bbcb597c147bf79baee3c031a0632cab532ff82ef2538f3f388d90162656e63686d61726b73
01003f572fa5f618c7eed052bd7180e7af13006c48fffb39f1d33de8f15e4af509a6b690832e4fb1fc1e5e920460c4ec859d7a81e30826f5e0b41e10c8c9fdf7688b5f89e414194461be6678bf0d22b0caaec36ec60bc318e2c0f0d908c1c1c1c1c100000003e8879aec38daffbb26461628e0cd942d991e196f5af091e927b0fa0b160a40127f4a0d15efbaf3a76b3c6203cd94e2f59a0bb549cb6add9aab792ef9669b69020b62656e63686d61726b73
0100a253ed5340f414935dad948e7c55ce6a008b9955747920f1de0b446872a257b1de9c6be860df71b39f22aa905dfe27cf11221af25008e14c47e065744a78a5acf258adb72b26c8ffe93920066faa6002626ec60bc318e2c0f0d908c2c2c2c2c200000003e82d756c1c73ee3e4ad8db926d1b0be86f51a74bf61a290f9f8024e7453464a50a806888665f5dd49a1c602d25aeb4088a9b52fa1cb7bf5142beb881ce251d350e62656e63686d61726b73
01003a94020f5452845d6b660c4673b90c6600e633da0d3c06b5651bcdaeef5a52e93ae8630e059621419711492fcf8885c276253e261931d5ff4edc79143a79270175af40a5b3566a9137ec5f347d22565e876ec60bc318e2c0f0d908c3c3c3c3c300000003e8a045c5532eb0ed15de7eb15a95ba00c0ef9700701f53c7378af25f6609ef6efe3a06b6870ce76db94f50d330d3401bbd2238cac41936c9e8f85c388243fb030662656e63686d61726b73
0100d686f56cb2605134c427fb6b889a663200a7876635ad1c5d73aea481e9f43d3a9be31fd821cc24e7bdfb00c61c7964740b7f2bcd61e4d9fd69adf2933d7d97cf54de4e37defba8913899f3dfa9d2f4f9126ec60bc318e2c0f0d908c4c4c4c4c400000003e871e476d6f76184edd9d53bdd9ce842c04fbfcfe809c974f8187c7b4fb538258e6df0eeb2f6ab87f53b243e4934d9a17d6e4c1695da37b9857f6af028ba20230362656e63686d61726b73
0100a070ea31c1b54e6749dddf661169a13800255386a71369b024b6fec51482e1fd7cddebe9fe91246a98e4099a1c325dbf072d49d847b6d42baa46e13794e7461fae4e8917c2868dd22b86da570510d640d66ec60bc318e2c0f0d908c5c5c5c5c500000003e858480cd021e1c591fde6bb85e19424f249b5a7350c4e97dd3aa6b0599b2207f1f452782ee3b35a0c057c68f4e59cb1b30f0735514e575bfc365bfb2ce2dec50b62656e63686d61726b73
01001fe07828d5bec3e4e039544bd2c891f800fc4b34f7d8912fe62811513f737979e46f6eb11bf705ff777f1717e0f30d9950580d4fa50ef63cdb3ecef2552d92e4ca5c0839ba2e855cf9893bc108cfa1ba036ec60bc318e2c0f0d908c6c6c6c6c600000003e8b4419a6727b92513c304dedf23d23b2f11057db7e0753aa41110d153164e1188306df1a625432092056cb74fb8227da3c7a7c451ef6191d6872cac9858da5c0562656e63686d61726b73
010052e041f5272f89db113957262573d50900df558f5778eeea5a1e61075bff98337e7b36d4039f46cb7f9ccb6e4fc5c4a646bb01a526f73eea7857d0d845a1acd92821b50495d9c787c71d118a8490c1fa0a6ec60bc318e2c0f0d908c7c7c7c7c700000003e8a17ed8b074476060dea34f89613f17411c9ce6aca0c174964b5b056e48aed972a515dcd44dc05fad61def3c54aac504308860a9e0d92eb1dfaf3c836c419dd0c62656e63686d61726b73
01002ee281a47bdbf60e738fb0e175d08c6900e38f370e2bb50e60e6b5905a6480eebea63499ec3b2a06632a7c095a12794e2f1b0ff6067ed1fffcd3c029cce45bea1d83a4e148d8f5cc8f69cacae166451ec56ec60bc318e2c0f0d908c8c8c8c8c800000003e87448fbea76fda3b6d089a53d3dcda81e38c9ca326fea0a84ef2a5d4abe2a9c6d6018196dbf63f47a1bc88989ec69510e7f316589e16e0fee766e17c038fec30862656e63686d61726b73
0100f28b7aa2851fb2e3aab281c054dd30bc0075c4d35e773d69f2eae932715acee5f8efcad6ff7fd8883eccb413a1488f7f0c93abe22b0a76767c61da4e7f3e4ef45ba56b4930f47902132be714671053606e6ec60bc318e2c0f0d908c9c9c9c9c900000003e842e8d6be4ab54eee27d2a5e490eda19e8b25f369fa52ec52d87e7565e01dcccb861bb9246df64cb3f0ca005777204299b43c76e6ac31858540865b25cd58940562656e63686d61726b73
0100d4b939a4ef72e522d0d18122417fdd9800a12dee45d57c6cb0f142d61413ae2469c82257cfd72259af11064c6d0e6d890bb7cf76ef7a7da5a99acc1baca0616243af6b09cb23ac778ba917d5ba8ea5783f6ec60bc318e2c0f0d908cacacacaca00000003e8dc0793f1f4aa3f75df9a992209a659f0d14970b634aa33400abab91b5c3b7c1dcfe52b064b85b1c7222a7a4b2b115dc4aeb37a2d3ecc99c695b6d2e994953e0b62656e63686d61726b73
01009c37d54a7a227145fd1101d669b0581600fc02c215b579bee04b6b87ca59f19812f49b8cabb2c171c3d66c999bc3a95d662a4142db098ca5e97022667bec1a4c6a42e73b90f203cc08c3adcfecb0fb144d6ec60bc318e2c0f0d908cbcbcbcbcb00000003e8d554c3ece9b826927fc4acae262b6872b42d3c52c9c4f51afab1abec5ad12a4a42c5328aa0bb75d980467ba5ff4b7ddb76b67e898a9bc2819a838deceed88c0062656e63686d61726b73
010019d7a69e092f41bbe770c23f27f3ddbe00c0e6452861809da320b56eff576a41f72118d96483956045232a6c272791963545511b612dc5976a14850e82cc2d58194714c04357c6dc4c1ebc8e67ac2174936ec60bc318e2c0f0d908cccccccccc00000003e81b142b2a6a17dff42d41cd63e49551fd931f382e732d69ae483234ae3a60b474f555c1fdf1a16dd93d847f08e798af3f9f9d7866135990c638414255ed942f0b62656e63686d61726b73
010033850a1f8add952e3366043edca62f8a0080534124b9b4939be643cf3dbd3307f499c8a1864d651a79cd66ef9d6368e118caaa20e1e2ff33b0b42f5b5c0c1e595e3dc4b1670c890581409b9692c9e2bc6e6ec60bc318e2c0f0d908cdcdcdcdcd00000003e8ad1182eb88ed1ee81658ebcb927aa30c66b8c2eaf562916ab6b59122e749d987be2f28fd5c4073a25b79c773d90ca1f20603b5ff8c2623875212788da6c7170362656e63686d61726b73
0100b4a3c67ac4479650fdfd1ddaa01fda0c007436232942eb1d62e0d5a7391ae44e24fda6658426914a7727aaf48ca240dd1ca3e9b75d0e78a8689cafb98239bf626d5714226439f7bb5eda20e0f0cbf8de8b6ec60bc318e2c0f0d908cecececece00000003e8cd3065ecd579dac768b0b31cb63e9be102e9e7be86f3d40c567a97bdaaf5998de2762207ddec937362b746439b147258194aa06950d5802d030ef900dadb690e62656e63686d61726b73
0100a9e479aedcd0fa4d086c67805ab2e56c00b8106bd5320b83e6f81202429f8928adc2f76f667a8c7b66591ba04cfe896e5fb3157157c00c4c3a912478e72088bd676774e12d6d62f98f1ad1ca2aef6444986ec60bc318e2c0f0d908cfcfcfcfcf00000003e8d058dfccac59114a175d7c3e7079915bde7d277f1838846c39d0ffbd43c4b60626d4147f184b8dc72f747cef87317be53e3f2a428e784953b53900284e4c460662656e63686d61726b73
010094f3c8e66c3661c1569ef3c41208ab930013031afc98b54b78b94eb3c0fd70f00aa39a350cc3d77772feb9ad90cdbb1a130bd54c93c0cbc337c608fdadf41ea80a028346fa86d8489ba1b2dfca3ab5b9466ec60bc318e2c0f0d908d0d0d0d0d000000003e88413c6e399d7c0dd5135e3a2f12333c9a5cae4b014cad86905b956ca7c3937e23835e657e6d965d9a9787b37b4739e1c115ae060c846ad10a4cf3cf01279120262656e63686d61726b73
0100ff467d3d42f07790adc85d11db1586fa007196f50d12ef3f317f6db02af87104bad908203b856ae832d625bb90b12551226895fddd635edf4dc0010ef2deeccd81cbca0e234519a9f3a81c2ed6aa21254d6ec60bc318e2c0f0d908d1d1d1d1d100000003e8c3f9db1d3b0abb6373517e8414d0e91899640ddf6e32acb3f62f0067da0fc9167c553731aa313349ec8fe8235ffe1ce0987c09bf13a1d4cadc452c02d087580562656e63686d61726b73
01007ebe4ca8c41998358a0046003d4833f40038255c848ed7b6101a275ac196f1383886145d4100ce61dedfa91932fdb03835435232db8c1724ace3100b337f1efc31382965e2d10815d9bcf0514b0dd4c1636ec60bc318e2c0f0d908d2d2d2d2d200000003e88404a55a4e22234dd4e94a92a0732fdccf48dd0c08718764ce3891898756f3fde35ca736cff827d54dc84b658fecaa356b2510caefbaa9112a175d0b8c99a30b62656e63686d61726b73
0100a7995df5aa1eb13985baae6b4cca26c400bf5a7c7686f85b13b3e9d1f6c1da2d2e09e533f0eabfa5cfa32f04abe285f119ba5b86299a3ac19ac6fe81e9d701868ba56f33132c77c87f02ae2ea5b9f6eb516ec60bc318e2c0f0d908d3d3d3d3d300000003e89d5e4cc48538d3ed2de0088064599a419a7303ec87652f8fd178653de67e661c754252a9477e8f031d6534d94bcd4388b5cd8fd06c90eab6c7c94a0261a05c0b62656e63686d61726b73
01005827494de96420cca10dc644fd51a87c00533ab7f233f4e6f17c176b5877d0445bef6080b8ab518b63edae17e744c0347ef126ac8c358981344fda8a0adf513d5c8d2705f88bf979e859c7c58d201e0d436ec60bc318e2c0f0d908d4d4d4d4d400000003e81f787c052fe4539e4f2050369d5f3e70025ca9b49f59c82dc858e2e3908c2e258ce6231420ea0f76075bd8bcb76f8e715d387cea9a53585b1de44cdbd03da40a62656e63686d61726b73
0100eaab8797b0490d6c327a4cc2236a26bf00fcf312baa4f518d2e02a77cc17b09b9394f5885270083165db47d1a1d567e01a358492c487740a9b3619c5be1c0e2c5690b547daa4ba374a8314fbaa4b012f656ec60bc318e2c0f0d908d5d5d5d5d500000003e883f279052e8387e0cd34b2fd3a8d9e4e24a8981a45570fe39e92ce0bc3f81c2afc58d1f19a2254aba42794501da7468a49da47e20c80a68a5384e3913d0b2c0262656e63686d61726b73
0100ab65b4336375189b7230476f7b43060f0007d8592ce0e167b3f211ea57ed26ef60d875667ee036f82a98dd8ec7efb476123666c7b482d6b48882b2a43faebc4a4d29498707d2b095341ca59b4448a381d96ec60bc318e2c0f0d908d6d6d6d6d600000003e82c67460b4e0d24388835097fef071906ab8da29f4723f516fd8e3716f60d17ec60cadc89d76589b9dae2ab147f7c6d67e347628771c18329bbef1f1b1286c60a62656e63686d61726b73
010078386977cd881beaac440f5af745f662003730acfb97822ebe6ad5231c11f594b044ed5b97a5c4b682962fe67c14d7607a1b1c67f4b5b807661cab6491448b3104c4898f90c351f8e9d3969f09daf711076ec60bc318e2c0f0d908d7d7d7d7d700000003e8843ddbda3527291a914bc09f14ffbdefcd2cb552ad5aafebae9d4d14be7c59449c4b21bdc32068662aa900750c0dda739f88d6983402f85114c7289584d5a80f62656e63686d61726b73
010076b13e2a8b0ab9b58e5d81a0a80685a600ff26fb3a20bd8e028cc6f72b6d8de4b9ab7f8014fdea1dbf3bd2e6f99a4b4c787e70e150d3b2d18bfb68d6b86149dc56e1ec45b46d5ca27396d5c2b50be881c66ec60bc318e2c0f0d908d8d8d8d8d800000003e85d8db898daffa32fb54bdd19c3dcc751342653c7d765f47b9cb4558bcc721b004d30cbe6085beacf0316882693dc4ae7aa00bffd259aae5d4e0c6d09718b030d62656e63686d61726b73
01009916322d07e1380b21b4ca5a6a89f5e00059ba0f4465a3f7233a683a30034bd69c0c84e36e72f4f3eabc758caabb738964e637341e68f157ef6134e1cb2423ad45c4c041fa181f8b3e917b9d224b0507dd6ec60bc318e2c0f0d908d9d9d9d9d900000003e8ab7006c1adec2e194bf43991a578b1f1423055a24c81076e4bcdf7f0049f4438a2747b1432d6e5676333d8aa92a4f0ef45f134c4243e498050643a33a4eebf0b62656e63686d61726b73
0100a5e570863d1afff215e26d35ed12dc24006f612e8dce299489a2f6e6f71e2579f2eb500ea58f8b4f8a9ba864beef32f930080da95b657e9146badeb80f72881065e98d8a671ca48a80eb6293de3a4671f86ec60bc318e2c0f0d908dadadadada00000003e8ad164717239dee115b9d89b57933f67a41ceb77625b3af4b637dd596249513c096db1c0355d4c4b62f45a5135b1a6d7235a05de03e8bac627ec6370f3a91f50762656e63686d61726b73
0100317b5b888cc388b4f827996a17583ab400e2592ef3270f96fba4ff2ae8b6ec9c52d74a069dac2adcf191eb6e92d3af760e0a1d15658c43c000c16de4c2c2c943f32143d5a3f79613cb2327e1eb3232df8b6ec60bc318e2c0f0d908dbdbdbdbdb00000003e8502235f4efeff0d2c9a88dfb10558087aee5954026ec46ace316130468aa031688054bbb0451a43553f5cc678d7ebbe48cf751f6265174099210ba2e98e2990862656e63686d61726b73
010051a5624ce3a3cce6fdd6c4cc7d9b01d40063771414ad658e8ce00b655ed7ea1c3ab1282cb8e672b48548d58c9902a21a4d3cae9fadfd0bd57f775515248d5d51f19bba6ffd682835962448c6b4bb91b2c96ec60bc318e2c0f0d908dcdcdcdcdc00000003e83ec5d04d63d34e3aceda19ed7b1c918b97e770826191b1ca82dc65736ed8cc2f1275e2d0214745617d059ad97fed890856416ac249282f133f8f7b39872da90862656e63686d61726b73
0100a932bad408d538a1357d1d992d4c3b27002a345bb22dc4648acc0fd7336a53671182dc91425500620cad96d2edd894b80b25bf7bc9c68a74794beea752c377080db9473cd153f6dbcc14c63bdd131fe9fd6ec60bc318e2c0f0d908dddddddddd00000003e88f029972d0e9209a2c2e20f95a59b66b9a7a367b57f90b61a0792d15f308f8d7c0081a992ee7f79814c4957d088fcc259be5249200e408298187545c5b4adf0162656e63686d61726b73
01000fed87f9546f338308cb02184a651192006884685e7208e38997af54fed8a4960c3ff2343c357dae64824d91ea2fdda60c9325feaba5a8cb4b7f3c850d6b7bbbccb51ebcdc53e46bda56bbf7b928f624a86ec60bc318e2c0f0d908dedededede00000003e82f755ca54464b0f0c1aefd1f219b26e303ae41f60cc254212f7c89f7197bfbb577b901285b6032409e10ec47cd98a55537e04048f864e0e757d7132cddf3aa0d62656e63686d61726b73
01000060bfea4ca34890164f835ea69450310017d681f13186e30f87e64e31031019b3ad07d825598ae6e20d3c417487d8a61e4883fb7283f7ff61a46532645d449d03c028287acb4a7b26e49625381264e1356ec60bc318e2c0f0d908dfdfdfdfdf00000003e8a117467c7e7a227bc7cdff8dadfad72cc44fcfc7db28cdd0ff37b046f4f739fb459988f5cba03dd0acd1d9e155f972c302dfab0827341452d7ca2230505a370262656e63686d61726b73
01006734de8c9351ec6aaf3072b4f3f5181700964d5a0679c352017c2245401b8d31e335f48847ce5202ae7d28bbcf28e8387ddd1d430100bae20faebaf74c20abda37248d06ecc852aa3d130b1719c01fd8616ec60bc318e2c0f0d908e0e0e0e0e000000003e8f84d6e4b18d3674b8273b7fba3de3c8ea8e04fee6683f588c693bd5382b98fb662b59537c0ce24bacae1caeae23a754b91f2f9d24ae7383cf9637301c5b4380662656e63686d61726b73
0100cfaf5250b96ad77d5b0d6c2d9e77f7fc00d143eaced6e5f025b4d8cab134b42b1eecb6f4fcb6f52d232130d10b630f395825b56be87b8834015b38d1beb606f2888cdbec0f514c01ed83f28f3d1fff918f6ec60bc318e2c0f0d908e1e1e1e1e100000003e8d0ce6d5a59bfd5f6fcd4817d0ba97df0b3955bdb4e5f2d5ebb70818c09c1961c09a8dfe073deb7e84fdba19e092edae5c2cafe48c5a62f7d37a3730d7938fc0562656e63686d61726b73
0100c2dceb7e80320d442bf23568dbbff11e005546f1be296324e25685a262e5fb73a6575959be516a3df320a1596e9de42d6766a206d97b50840f64c14406a1d5c1664815c336db03c1e2fff5ac4abda13bef6ec60bc318e2c0f0d908e2e2e2e2e200000003e8076a56e4a4bcad14087bee68d697277cf5992c3b7eb27e00b416eda05b3a14f2d0aff5f67bc72ef202183ec1b8d34c7a7c1088fff6c4a27e97adfa26476f2b0162656e63686d61726b73
010026d61d22aeb050d6fcf2af955b98b7270016dddcddd37706a3433bb321f7522cfaf7881635961567c5cc2758d7f4ec063e1bf05934c164f63e4b2f8aae99f5e13761527c3b063ec4019618138e3a3bf88b6ec60bc318e2c0f0d908e3e3e3e3e300000003e8a571bbe42a87668dbd9a41cb6b23590dbebccb34e65af5f54d561e554cdbf39a9f1e59e1202da9964c604684639efaf3dcfd5462d370ef41881f8a89a002b40a62656e63686d61726b73
0100b7134b1403eb1d86ce458e444466609800e0ed99cea1b0a6d691790eaa7b9761ecb559d21f71671531663dc90774b0dd2de5032ead02486deed346bedbece33029401ed17e0d83b8b3f0e1dc99c32dbf066ec60bc318e2c0f0d908e4e4e4e4e400000003e881bb20d4c86b36c1a8f82b16faa9ad48ad7ae7d7297a9e5d80e6255e5c11b37c8dea4ebf75b0d5b76c61136b59d39de0c644d3a1a1d5f9ddfa03b2ea7137a40562656e63686d61726b73
010064d546aa4c727433ffe2e257265780ee006fd8655ae0e5eaddd692b2dd25e8e5348a6665c0e8ad197aa98930ae970e9f0f4efbe7177f46b3205fc862be34d45630ba7dbd1dc07e3c91ee27ae5e63cfc8606ec60bc318e2c0f0d908e5e5e5e5e500000003e81a1eb68fcbaca05ed6a11554bd326c1052f79075aa9b9f9dd64a5cd8e89457277f34025ab16d4cd692dd95c0ecb86b7887609b8d73e1ec23ae58a862146d030362656e63686d61726b73
010014db03e1430c94b8914d6f5a2fa134a600df224fce4b75e29327ceabb61acd2c13c58a8fa6d288119e998fd3a2ab77fa42fb4289a67578c002ee56f8612aaf663ea94906971eb92a900779fc8833a53f656ec60bc318e2c0f0d908e6e6e6e6e600000003e865ca95aaea45556f66e956e2b5c0d28a3e73198fce643d52944b98d7bff15c08eac00b8d8d18c7a90edcf09d246541cefd7083748415eeaee9e5b83d3b9c1e0362656e63686d61726b73
01001e4dc9d8bbda0f056e9b9c8f401e9fc10047e6e9543c358fd684505fd38691371b9c585db6ad9794ae9c5264df0d65bd3088107d97bc1082e6c81980c7e23060f901ac54d212607ccc99090080836188256ec60bc318e2c0f0d908e7e7e7e7e700000003e888425d56d5f77626c21ff9ad7dbc83da70da5afaa032aed2e086dd71f0e63af28428db24d4020c94195207014923ad0ebcfaf14414e11f3728b26238db59aa0762656e63686d61726b73
0100f14d2ba13dd30a682cc811fd8b263c1000cce88a6b3310fce1c7ba482b55ef86dc3452a30f25b8b334265e4612064cf6720dcd4f28401ff887d13da6f46836e09c4a64b65d7ed762b9d5ec864772aca3316ec60bc318e2c0f0d908e8e8e8e8e800000003e8d1f507a9ccce371e9238a6429625614ed48e7ce8141309559ab282976b79fd8ea850c9434e45dacc08e616ba5b8250d1d8b4fb94e42a163449eae31f7aec840262656e63686d61726b73
0100848be5c23f4fa3a9870e0c154cd70441003985a5c83e829ec6414e97955d793d56f3411a19b6a01d07d44c7c150d24f577c047f9c260e4fbb1aef3f3a43256710cb7fc9d2f95cb690c2f2f3356d7c495956ec60bc318e2c0f0d908e9e9e9e9e900000003e877c5ffdcf46a10896c35b7c9f36beb1e9edea4187161f6a54d444dc19bfff0e433145fc441abcde163a2764741661fae3cfd5d9e32734829c521f0717165820862656e63686d61726b73
01003e0b1218a9d675f8a99b988bea0a6b39009bdb31a3ffa8fed85dfc26637b01cec3fb420f4fa242763a5130b2f835467d4dd74661627fa1d4b0ddfa28d0a7e9f9ad3365f34d5fb79649945185d89eca12176ec60bc318e2c0f0d908eaeaeaeaea00000003e8e05640a831f9955860c265d0cea6b957684bf8ecd798c8e9cc317016395f6e11cdd32d1816be982ae19fb3486da177959d7c64edd0c6ea8ec0b7a449cf200c0a62656e63686d61726b73
01002648a2a18e2b32e6b3afbba2f37f83ae00d6aa29dee49ab094f5e7b0b073613c48afca9c09945bbf914ebaed3b2c2faa62646e5ca03f8e8450aa1ac5f2a45f8a70ef0c8d86d8caf756e2e4082f1e0f19c06ec60bc318e2c0f0d908ebebebebeb00000003e8a66ed0997497ea4073ddc59119025823036f936cc048b0b23e7452ddfdfc4cff4d164733bde59a699d5e6b13d6350ae06f285fb9791a8cf371add7d3de1d7f0b62656e63686d61726b73
0100bff2f9d828905a76ad7feb1ae57b3ef70051180fc5114b12edc8de7de6b15e3b6a3c904051194969093ed7ed22f6db23457529c8cc290c522851b35f17b49cbfb4f48b7b3a60d596fd013643571d77012f6ec60bc318e2c0f0d908ececececec00000003e8990f4a1da82bf159795b40afa362ee66e2b4695642f27179181164648bbe146c6fd317a73abdc9bef69c735ae351941d2264378c1e15f6e1ad8eba612081f70662656e63686d61726b73
010088fa74fd1a9d832c74a9fc4b0e7d0138006233861df58251486fa5e7aafcd08abdf702ce98f0ff2d1cb0ffc05572de6d07d191d64dba8ff31b5ceece79891d066bc3fbe4528d9d00667b2999dfcb6cec7b6ec60bc318e2c0f0d908ededededed00000003e8cdecaca129ce90707e448249a8d6ee299c68de56413be215a40d7ea7794c6827ec9bef59f0ab0db3c018be8c16d3f5d9cc4646fcc5fc4edd66081e4dbe4b2a0962656e63686d61726b73
0100875b5727177daa26e67c4ca3f2ad74a200b31e1d6fdda231f78a977e50bea1ee18a9dd9519ef388fbac9200f101f7e825f7d2095a1c9a8dff31ac468099826b7327542b75b4cac198e5841d2ea61e0edb46ec60bc318e2c0f0d908eeeeeeeeee00000003e8da3b6ab2829feb77d913a58e49a85a4398537ef822f9dd55da3bacb328fe9193880316c3388e946404d87711c5127cb89155c125705f666d83a800cda8cf090762656e63686d61726b73
01001ab7b3d7d898e0bcda99763faae3f3af0001dc2aada00df4bdcdba96a7f7b0b0f5eb5cdb8f15502dfbad5f4548ce70ce5086a705bedd309d593a72e066624603f959f3d306ab24f06cf5e22030cbb56e846ec60bc318e2c0f0d908efefefefef00000003e891a0a0ada4f8299f8e9be4f1724f7fcc5b57caf6ad56553e6a2e5b59e4fa4a45f1ca61336895733e7d30e448276413fb03f26bc146fdaf1c5418c6501e74810562656e63686d61726b73
0100f87050465409b355e29ed402ae50cd9b009abdb65c9df4ce9a86be1e548077b241c593d72ec28703f6ae06c139070ed87f731e034cd5c7b1e4916608169802ad0237f58eacb40f18efe9e83cdd8d93b7de6ec60bc318e2c0f0d908f0f0f0f0f000000003e8802a9f852d1e587570e218eec3b72ff7c2c01c85fa8e8fcb91fd590f5695c518f41123da0238ea518b79d55f5074904325da6b3b3748977f2b77cc5a0b19fd0462656e63686d61726b73
0100b335075483e6f2497e59e7445c605b3b00c7c41ea3a81b3845da3e4e7981a3bff6e1e0da14f0b2b93cb08ee80c304801327d42b95a7e8b18cbfeb88e2b30689ae7be846d2fff94f3a0e9cc4fb75beb592b6ec60bc318e2c0f0d908f1f1f1f1f100000003e8e2ff0b55cdb996bb2ba0a9000d39b8e2995adfa6a22697af8dcc6b104482d70d02f85a6e7e70c5b3d4d85a82f691e53c7276fff53865435a5ace283fd802560e62656e63686d61726b73
01004ab2a25df89800c5a65894c92d44477a0038c744a238f10264e037a3b529d00206258b659ea6fc2c4b37b51e23ac5dc01b35b0e8e0c861bd67a0a8b7dfec7657dbea5f5cbc22b205753a247b8134a981876ec60bc318e2c0f0d908f2f2f2f2f200000003e8e5dac820f3e68368367b2885396565a9ee9ecd524b1c7433635b95e0b074373acfe1df038a4fb8128923bdda4d815f7cef5236c3e12facf58a59b43cefb7a00362656e63686d61726b73
0100c0c71ad4d9e928a6d717d18eb110b26f005bbcee1bd0d1e6a3fbd0768c20283fc5c44d5156b70ac2f3255f05f5f374f15e4533a0ade751ef17a51bbfb667389c79902473cd101db2b398069115d84006596ec60bc318e2c0f0d908f3f3f3f3f300000003e80de2dae767b92b6c2d3e7e946c492af49e21e40961addd2da4efe26c16ba55b45fad8fadc7aa42d12fa84070cccd4db3665183457a103a66e0de5a2f6fe2630962656e63686d61726b73
0100d518fb9208fccb3f0698a59c65f21ed8004a1402f3e19c3fc0184cf29d795a5e0a75c4f07c507598ddbd6deec68a239a539ff1181dfe59a454ef1bad12d717315c027f8f2c070aa21bdafc02c045636c4c6ec60bc318e2c0f0d908f4f4f4f4f400000003e82ce380d5ba0e9c317600ef14d746bf7b7e1f7d6a7c7994036c7597d3589e73cc0b6341e353842f19b67490ea0f9b685646441dbf9541552ff5597f99c8dc800562656e63686d61726b73
01007e4dc9e90a64f9784e89e3aa057dc0d7002003918bdce4a22ebc4e834f72b3fada19aac47bef0c73dcd9b34b23e2ffa622f2d7aafde377cffe0751bc71197f23b0072e1dc648ec27b6d0fca14e03882c566ec60bc318e2c0f0d908f5f5f5f5f500000003e823dd52ab49e7655a04b100ce7d38bc382701a011f6d25ecfcf8e769b4bd5d0cfe87ae77cc8766c959e6d8038092e2e3d49a2985de1a8dc3322949925cc5c4c0f62656e63686d61726b73
01004fe3ca80b029d1a8ff8cf14628d5bc300076b3fe593eeabf2b963c13f6c98330a84df26ff2ddb6c9e13ca7b837ef921309ecd46ebeeee7963014c76df2275289bd33248eb4409f6e210c3a4100a71eff426ec60bc318e2c0f0d908f6f6f6f6f600000003e8d6d57ed26b625a7fe7237ede73212215bc49b99d34d456b22ffc38efe0feeae007ff0d777efa4d69d29cfbac23cdb6e3a434957036563fc5d647108b7abf8d0262656e63686d61726b73
01009bc85a81a32dbdfb1073f73614db9e3900876a3d629f47db8ee3da961f3e2382467d93e6f4e846edbc1013d982d366b63f852286d9180b75884058b2f1ce1212db3905dbe626a2a2362a030e0c55f3997d6ec60bc318e2c0f0d908f7f7f7f7f700000003e847fc2fd7c77091358c91bdc527b7deaaa645ca9f7bcee660cfce12280ff4e568816ee6d9ab36bbc35b45c9caf38efb9dc7e8a6416e06dc4df68610fb071fd80062656e63686d61726b73
01003d82c6a6e1040d2860523bb47cc4f39a003e0b1ca3fde0f8232bb9219b6a9ededb11b1129a1d60e037f672d958404d8853a49850b4a467fe720d9a4f22c0c7cd5a1e9eb95e014097cac45d8383236c6b966ec60bc318e2c0f0d908f8f8f8f8f800000003e8528830b5b80a208eb7892b386a6a04cb7fab790aa05a0602b532df98cb4ff15e986bcbf693ecfd75f4092b77fd7a52ffa58ae0ccb7d1c5c7cea622da5694ff0462656e63686d61726b73
01000a169d728d0fd0ec5e3d4a2c934c4dde00957bc4bd193ee021bd9b41db5b1442bcb1fb3210115c3b0361a1dd6ef61ec85ca863fdf6f4d7f4167fdead8111287a759cf89c6eba335bfaa13099284254e8556ec60bc318e2c0f0d908f9f9f9f9f900000003e89b56018ecfea2b9adcd26407c58b8a8f21b821340c54411ceff1be23dfd3595319ed5a58949028363f3fcb46f6436b8bc25fda1129ef2e11514ce3c78a68220062656e63686d61726b73
01001014733bbada979e4e66c6a1c9d31a4700b3c2c625ecc3ff3c46208e7bda5db770742abecf6ea794c6489457f56c3d1a2673276c7ea55ad796d2c776d6750f999f44d707b04bc1d0d65b3dcc1408b2a3806ec60bc318e2c0f0d908fafafafafa00000003e8765fba79bcba35828dba6eb5c460fe0751844f622568122dee3e3834fd1110110eb92af084b7a074c5c680dd5c9d6a61e3faf240b6fac36eb72e9255fb1fc50e62656e63686d61726b73
01001f9476c1440648dd3ce13205b0734cf300ea919b1b0b10d2898c65372644c80513db4e60edb425b43ef865248d63c9d25f71da8efae046e3ff47ffe1cc4fbb35a8e21459b12da4d1abb7b5cecc89ef32566ec60bc318e2c0f0d908fbfbfbfbfb00000003e883dd5f2c62dffbb59b387ee7b2d9911b31daa19941367b007328b316d8883f361763722e7f4399f8ec3052b313cff2e9ae1b3a46bfe240ac3948f8bcbd158b0362656e63686d61726b73
0100ff8dfeb85171bf863a0065b7fd40d41a006271cdb9f6be1e51a13041569ce0c2f30cc843ac9c0e1840fa82e548c33c8a29d01f2fb99badabb138fdd6fb1829bfd3f35894afd5b4180e8aa86a35a86607c66ec60bc318e2c0f0d908fcfcfcfcfc00000003e836509503be3444a2d1b7a59cf4139fd2c59eac82747ce1cb3c10aaf9541620d33424d9cc0871f11d235740d0c7d712c63773139d2e30594aaf90f43d6e13e80f62656e63686d61726b73
0100c973f41ee2aa3c29f94e12bde7198ccd00314961d7c9a801149259a205b9d8fc80a80d61b76064831f86a9b70976ca026e55894b8d81dd41debb8ccec24a4c0bf99c4b62cc7c47ebba223a3b727b5077f46ec60bc318e2c0f0d908fdfdfdfdfd00000003e8aee550eed125c250f14a9a98abd08799f74f067ae38ac415414af11c960d9cd670bb6f5215bea829e457b70823c73f6fe4c17f81249c4ff1da5bf7b75be3a00162656e63686d61726b73
0100dd977069e75928239b7001c62ef71dd8007ad810154aac521c1906887c6284cd097951f572632265ce4d39bb6dab726c6c1a4f9a93eee1500a51105c12931b9847752a114cb9fa3c1b56474c2b5792ef336ec60bc318e2c0f0d908fefefefefe00000003e8e036943158e640fe078844c49074ab2724d63606811d2fbb8bf2adcef3c5802cc044089bfb3df5bd223fd935cd1d28d50ab9defa96b1a60be1d0e1068746500862656e63686d61726b73
01002413be00bdc7ce5320f2c9c415d81eec0057a7216445d18bc96742eef09d7baff15cee7c0362c7c81430a257f6b79c8b6df35216934990580b738c11542f2da7739a8acbbb7e9fbb81da63b1dc91f2ad196ec60bc318e2c0f0d908ffffffffff00000003e8f74db2f855505055742733751663ca1fb066258aaf6d00b15574d74d47ec331daeb8ea26db7aa5ec316f9cf2dd7f683120ca0cee919f368effc86b09efc7530c62656e63686d61726b73
01006db16b36860b503209f055526d306eea0075cb7e6cff694558d988d3df39b2ccb736dab8e59f60e203c6c8368c40250b73f67814cf759490e0f2e8f1f288f3906b119edf12420d6045bd33c130055c41ae6ec60bc318e2c0f0d908000000000000000003e8ff04f358c5a80c9c708e72db497f9c237f2fb4c1604b133a40e17543e3b605bb6eb3327b80ee3722012ac6a7b9b736781445448af20e6011b83c1de08885920c62656e63686d61726b73
0100dcbb089af1c368547faf3f10863a0336003aa5160bbcc6a9f7e026ec1fd742ac19c442c174ffeaab6ad146bd4c9221726acd59d07af93151962c3b29b613fb1d7233986aeee1f0d98e047bd53bb03bf6526ec60bc318e2c0f0d908010101010100000003e8b5bcbafe7d06dacea206694bfea75d27a6d0ef35645f2c99bef6229e02e595acdda362654e0fe46ed8bc71252f315b3a0b50d6adbf1a080cce2cb58a9f361d0962656e63686d61726b73
010079cec29d7bbd645f767ba7a213b83daa008f2e7b4acf5f61d608ba4cd7645837b8ace2d200c7375feb49d9041b8646350223fa0ff5cce62b1ca2b54cb4ac2806398adf9a7953fc7e26a2c50f68f55716f26ec60bc318e2c0f0d908020202020200000003e898cc7f0f9fb90ecad3844df38e5e26d9b2fdf42123685303d22c8a886d0293d3de9e2aca0342bc2412a671e9f506b83ff95b7d0d26ec09d1d1473818d810470862656e63686d61726b73
0100dc3acd8bce40e4dc8817e98ba5b706ab0039f55e3e1ae069d328947336b60c741211b6fe3b5608740cacf2eadd46036f6ab9a612b80f1be5b6dd84c47cf3424041a472caad728f5483ac6cfa9228aaa54b6ec60bc318e2c0f0d908030303030300000003e81ba54263cd80b59cbc475455c932d3b3597cc99571309f64829277c29b09f6edca9d794bf3c73e14507bcdd260e5496b9a45450a982886fc0052072ced213c0b62656e63686d61726b73
0100fac714bdf757d66d4180c36d2fc707a4005c755f777568c1f4da6a86437262086e721b73dd9776e53babe00940d2ba7d4fac7c9e4341be5030912b9c23f1d30053624c9bf09192714859343f277b79ad2f6ec60bc318e2c0f0d908040404040400000003e85aa9386f0ff2c07825983f2763702d511ed400621e6270829e15c5439df46ade83cb98c1aa07862c77af6e9704d103ff6b8e0b21e0172f7daa81d260eff1b00a62656e63686d61726b73
01003aa8e48dd3544ab44d276eed11ab613a00eae8ab3a81d84f5cdf24d0b28798aaf44097c26a40c9f666a9ad5b29256ddc32bdc700c6c0c63e921c109a85a392148b2ef66ec030d8c081f1b220dacf7c32066ec60bc318e2c0f0d908050505050500000003e83680e934006abb29dcae55113af9f54a7b42f398af9cf7c9d622b88a371d861f4945a73ddf35a191fbc6bbb9487a6a47273626cf0cb0fea39f5f3ab3b3e6fd0562656e63686d61726b73
0100a08e53291420cf7dd51b28872f42450900ec96b1c2ddfe5f7ecf95f374b6902b0f0979819ea948023964cc805b98e74e19732aa483303d3713201f194347d8cb4a81def5134ad7618291a46d4a1c1c57216ec60bc318e2c0f0d908060606060600000003e8b26a60c111860d991594c9a2906a6e2cf4059a7fc43d51de7da5a7523375722fae291bd625be79c4e2e60ab712dd39fb23efe2722555e7e34faf4bf9316c600462656e63686d61726b73
0100b204046c027ec14d4462756964071d200019b0aaddfc1d91acfa07bb1fc0378d4f2ec71108457e801e27161f417e2d3753facdf84b0367dc30bc690cb60e22b2d8bf58ea95545654268ddf24201505d7486ec60bc318e2c0f0d908070707070700000003e83bbbbad8ef70cb939f4147870e2cc0761fd1a48e91e9eca25133304a907a1cfe340fa5fdbb84119ed2c98dac72b7448bc752d7cdd5a0741132ed0d1289a9600d62656e63686d61726b73
0100051da7f220358bb05b2f042bb39ae80100d0c2222c5ffeaf2900dbf4608a9a36c4029a8eaaae754087464de851be974a006cbdb3897781b8efd317a0b59107611de7a4714409008541b4bfe30e9fa9725a6ec60bc318e2c0f0d908080808080800000003e8ef40f75f0d2d02ff487a058d31819c00fd1f70b5ec807b8c5a7a539096c55b7b219c5cb0172070c5d5512ec2145d034718dcdc34c4fe5d092b768b05e21a2d0362656e63686d61726b73
01005e7f68ef1fbafbc81657311f4853290b00fab962debd1a8fca2df700f6ddaa0b5729b187ba0e15e08ceb877fa8a2fb9c0b5681c5df87cd39cdc3d97468293a2058cb1e7133bb4d79aab3f8adfc929607646ec60bc318e2c0f0d908090909090900000003e845fd8318b2f418898f115d099bb1382c097596ef84ff523a7e8c1f4525c6352bdabb771adfebf8c158794ba8d85fd6e3b53c193d285a14da5127bed41aaa970662656e63686d61726b73
0100469f1b5d101ac3ddf22b004b8125217000acb2d7f1e868adc1d3629d8278d6149d11dd7356267d4eee7a01cb749ac0de56b27152855ab159ae140a89fbf19e762e9264c42cd95fae65eb88e8a5a1aeb3e26ec60bc318e2c0f0d9080a0a0a0a0a00000003e8fe61d9fb1c42c986838b8d3a0be7eadb4a99a25246738c961de8543d9cfb892aa026faabb96b0aeb669d40873d1775747dd59085903d3733cc0a656164fe5a0662656e63686d61726b73
0100b75af6b7e0bfab2e98a73d220481408300e47252299a9e90836606a6ef5f9c25ec4e00072c3c4eddd6afe613520428994f4b76e6c200677941f3ccdf6743ce73149c2cafb3e89bb3eb154889283e631baa6ec60bc318e2c0f0d9080b0b0b0b0b00000003e8559f81c1c8d43924a78a1bf388a20053bc202f8b53310967fa55b0f8842ca02964bf8c3faffac131e78517338c032cba657c24a6b4feac9d90c4ed1b5e45740862656e63686d61726b73
01000ef85db41b3010f6ab40754e575fc8d000a1934b6ee41c189ffe1872a4dff0e110b4e386ab875f5ff66bfacfc57f667921e9348c0d19643e6558e9950495b844af7f85038cb760d53676b17e9c7f33526f6ec60bc318e2c0f0d9080c0c0c0c0c00000003e8dfce12d3d121a871eb84f69008840e32fd426b3807c972e728b65060c81169f75da604cbba93d95b02263d9079653632f4af07aeccccbb760a23f45f26e15b0662656e63686d61726b73
0100ef781c40bd60913a19838bb19729c63a008ad19f676db73dc7cc288d8831fb4e06a20d8943cfc72d457495746405676f2dbdad670b0b1304bf9d1f089456df608cb4d71aa6e64e33308e473f6c9b3aa7286ec60bc318e2c0f0d9080d0d0d0d0d00000003e8eca5f5e62b997083bea66b323bed1e5c42c355cdc9c49c5f9087ca4cc1249b017389332b86428db5aa5b0c348c0a6731322aae7bbaa6d181eac291b3a40c9c0762656e63686d61726b73
01001823189070f145236d2f99ad9ba6773000f0e82f699cb5ff5c1b5141362199f64b94ca5566b6885145c6374f2af8377b1e2f6dd5e2485c9c8fe463e106545b598fde83b4afdd1eb440b73c32317ffbb0f56ec60bc318e2c0f0d9080e0e0e0e0e00000003e830487386e35a984113a1e4da6150a920abbb46edead745d3efe6c5549a4ab19fd39bc368b0e658c396f4d8b2c8491c4b60f79d655884f67361fa06a6128a6a0862656e63686d61726b73
01001034e36c31ce0ad342d97b600bcc21e000e6c3f380c96fc9895d13ead452c77d406f1349aa099fdc2bdd42623ce911f0619d799ed4015d719372cb366e001cbfb20260a54a539e9e0fa56eb9601b0560006ec60bc318e2c0f0d9080f0f0f0f0f00000003e8c51a1088ebfe63e18860ab4a891b2df26afe12dd6d6242773ae60cf7f41c9638599833bba67f20c397c722d5eca6b4008fda3595ad2eaf612d4b6677f186ea0a62656e63686d61726b73
01009145371cc2f7ed48a8371b2d3a4670c000844364a42f3ba8046561964331f1b9200ac79b0d892e201b28002d477eb4e0542c954c43f6c04cd2fc9ef99e0075ebbed2da77191ca48192d78cfd1e79fed3546ec60bc318e2c0f0d908101010101000000003e8bf0e7cbed06bf029677a4f3895fb9a7d456b8c03de945cbda330fde6d95ab10b2f6a5733baf32745f9e46dda36eed848190afc4f795e39de8dd4a1bcba5f7c0762656e63686d61726b73
010026027e36e9adeb5f88166fe64e3d186d007f99b145d934798eba6cf095e64a6d07712fd70a921940be137482a391b370732c34d6d64da3694832e83a36725ba42d9c16739e172890382a6210296503ca926ec60bc318e2c0f0d908111111111100000003e8b18f0a25e0d32e660446f2a69fea1116bd776f382f40e13ae826bc8dec6b1d85890d236c2e5b9de81e606d5bc6ed34fd2696ace459b5f44852b631dd5aa7fd0062656e63686d61726b73
0100aee4676dafe86b75640e3523bfb1b8550005c4a5a27564e0abe0fe37088064394400f3416957c9714dfab42c94124d23761999ad829fb2973acd2710efdce5835857a3f25c5a4ac7357bcd9c245b105f486ec60bc318e2c0f0d908121212121200000003e857d91714c859ed072457748ca6c1d1c20586e5ae8f0783dcf634a8e70b40dde411ebfaa50ae6b6cc2f247d6e8acff41dc60e14632975bbcccdb45680d02e630f62656e63686d61726b73
0100bd3b7fe9de8bc2ebafb89329d13d90d600b767c65e8b905d02ba0b00950a058d8877a3ef77e3959b6b95afc9ff9bff942666fc2d3f325ccdc7ac7b13c9ec41e648051a520b0c83fb4dd32d1a4585442b8c6ec60bc318e2c0f0d908131313131300000003e82a56f02294cdf5faeee78bf0acb9eb22bc284e9a5a9652dc948903adfd0a24c94668d8827f39239fc814f69dcb14aa01e28546e909e3d592d14f06d3dd9c380b62656e63686d61726b73
01003ba1e797f0aa1b0d403805b6f9e9389f00af3e9b1ca37a38dcc8f958613759c4b4d9157c3310133e3b51af81129fd98c3cec65885e82f2109ea51d74f86f149f5c084ee1427515e95ee7b31f87b90240ac6ec60bc318e2c0f0d908141414141400000003e827538d4bd2c495fe341b69cdbf560b4de87fd9de5b03b71a01197722ad562d0e578daeae82112bb86d98fc987a2b674a5b376dae8d3c2250fc680d2756a0590b62656e63686d61726b73
010077bbfd78f806ce6eb2f28524dd44abc300a90df9d0a0bd27447ea12d0e7a02f24ffd8bda42828722e953677741c49aea5ba284eedad389ea7ea75397f97267fe7527c612d31c3d3281f4859619411d18e96ec60bc318e2c0f0d908151515151500000003e8770561b45ca221dff9f7be57c5d05cb1a431ac9bc1cd255a1fc887dff12df8c39f3fc28bb72e6df4bf6eb6b05cb09ff4afca546d391a442ac7279e1b9de79c0662656e63686d61726b73
01001f1469879454663a8dd1de5fa6575095009a30335754f57208f3974df57b8f169accebd8e6152cc2f144f6674b9693803c36a3d87b1589543e84a565c8b90820e8669e3c0c13fa86954177f1bd1595ce3d6ec60bc318e2c0f0d908161616161600000003e8a19a4fdcd6bd94b1f7439fe6a0abd595df0e53a11cbd76ef2a5dd3a921499d26ecafaf2e7fdd403bf0619cb4adbf377e90ed8e36d5bfa33f3319e62c8f446e0e62656e63686d61726b73
0100744d7f64a48cc9a8054256218c24111100aefd212df9dbb01e58d10ec761d7fa2b05813682cc050f1e4766866406dbbf5f49233948a6a9180b49828067e498aeec53f32a626905c90c1fac5b19c5f6717e6ec60bc318e2c0f0d908171717171700000003e8ed3b322e92cbb08e96cf81a3e624450ae622155edeba72e74ee8e63ee9bc2436c37c4c632dacdae44e3d5ed455842f56942dd8d0d7cb4e42e9cea0b85c713a0662656e63686d61726b73
01003ce8bd0323ad625d932bad6df7cf296600a22715f7739b1453d3fddd840560c244fe171c1e333db7223e1dc294ca0fbe23483c524bad00f1bc12e4be70a9ad5b29d255b1865f881d46a409180f7f74d19b6ec60bc318e2c0f0d908181818181800000003e8e0d943b002dbaae3621d2024220ed6fcd25d92109913b1f61551490e08ad9769d1c6005cf929d3c98f16b379ee04d02fa5005449baccfa46a7c39f819f0b790462656e63686d61726b73
0100302481e3157cf325b14a7ee7c3cbe2b600f20f13ad9438e4c51793867b76f6310b0c0d57eb0470a17d015c3d2d08587a0ed33a0c38c757f6840ef9481ca15783da0b0b83ef5151ce42b71d2e5ed9cd63416ec60bc318e2c0f0d908191919191900000003e8cce5a1ecce8e13754693ba1e791d23ed907ffe6c3391edee9a49436df9d069f761a209c45357fda3013301990f2094088662e6053e4dd6a4d2949977a7a3e20562656e63686d61726b73
01003d91c5e5b53e6f12423a32579d55d0f000281b0681f6821b4ba6a66aba181e432409e9dedfd1f696515329b4ef6974334d19a352c2cc2b2c2f33c96110d20c35e1e52230d6e90445179750ba7d6b99c60e6ec60bc318e2c0f0d9081a1a1a1a1a00000003e8ff26f14bf68629567fff3a623d627ee0e74b3e18767032de9145c7e8dbe2a877d520f109f384c20205d9b726a45cf4e1711d6954fa78479c7068e73367953f0462656e63686d61726b73
0100fdaad75cb6ce6f2e4770222d8e82751a00af2422e46ea30548e111fd4acd93ab44bf2f709736959b4f1efce47758578771068f0614df117d6bc99b9c86665b12d18b4d43c0676c7eac7c1e6f5b3dc75a4d6ec60bc318e2c0f0d9081b1b1b1b1b00000003e8c066817bbd0c8184a700bb64c73ffcce2edfb04dffec3cd25c3d014f1768610a559e173a219cb3dcce606c63dcd3652badd4fad44be9877b657b735053bd990462656e63686d61726b73
0100972146f3b7f6240da75b61250fef5caf008c5e98bbc31d15fc02c3cdfdc71054d72e4c189378033d4da7e69f7362c29316e942dcc2ec2cd72c0703407d8c4bde95ff50cb2e3040e9822d6ec3fdd01230a36ec60bc318e2c0f0d9081c1c1c1c1c00000003e80ce03a55352e7c7f2526c59b91dcc97422f06d6d74b7762168250782f93314f5a5107136a42bc5fa5d3472a59f6a57a1491e8d3be4b208bacf9b197d9a1ca30162656e63686d61726b73
010077ee191fe1c4eb0f8b4b7793b6018368001d1a837f52ee1283a7b9530a07dc630f3941e498b1b713f0b89cf76625c1314c8dc7a88a43ca55881cf8d00efac209ca10b0b81aac8bc6489823c0e8cc217d3c6ec60bc318e2c0f0d9081d1d1d1d1d00000003e85e0fb93686ae92cc3bb23f33884430c041c001d2804feeddf93f0c14f5949012b192b355948709b90cad6444c5e8192ee847f2de82446d4395fd0eab8eae760b62656e63686d61726b73
0100e9ea086ba2bbfd37f6037543391c608c0018c1cb337cac0ac1b6664e0155b29d853db6052122f5ab9302b26c042648e276fb057cfd3c10b4cb7522da5df76914bf5f15dc5388f96d5c7405e2ce1ead70bd6ec60bc318e2c0f0d9081e1e1e1e1e00000003e86f8b5fdc3d74e00c0d544461bf1aad73666d5b30480df12d27fc5ab4f15414d01eff4fb6818849b7f5e7bb7af8d140585bed43e84064c0ee0b9dc6cae9b94f0962656e63686d61726b73
010036e06955396b7bd7dc40831b07401b4600c84b776b60b08eaa6b33e8367d725adf8379e969beab31782d86d494e2439b1eef8715f4082ddae2d5a371cb940eb19f0f3e06152e4f6159fcbc4b5533156b806ec60bc318e2c0f0d9081f1f1f1f1f00000003e86970e8c782ba82d8f3f0709107c0af3939c805266e1883fc95059a5e846d127ddb0f9677530a84dda31b7b9106fe9439734ee2fab720d076dc1653e5bebe430262656e63686d61726b73
0100cf7f7bb1c3fa6f1d4a873721839b465500441bf9a06fc2aa87129064b753d44c7d3e6d805ab224a4d46db4af632d6f41692c1178768eff918577886d7df2a75dd1aeb6056e5b69ae4c40fc7dbb6634fde26ec60bc318e2c0f0d908202020202000000003e88d2559339adf044f42326349e16d799fce491694a74398fd009f8b31036d4e5d5c398230e5ecb9d91f6cd41cf7af0b7c517a1ae4996f202d0cbcb2feeb50920362656e63686d61726b73
01005824a57ddd29ade4f4c25de19c850bc900c44da3b7c46c01490db0e4ab0e6583398f93f983531a1389bc893d32d57dd63cb4de871a0503ffe481ec24b9f35e4cc3b014efd7b6d654e219e1d19f7e1f81396ec60bc318e2c0f0d908212121212100000003e8db28fbfc3e7a6586231a6f636e926134c17845592a98845fe9813c0ec6fe8c0dd669952bbe07ed05b371b63b21653bb5f98119c640181df7522fb4d20b49f30462656e63686d61726b73
0100ab78fcba4e8acd3fafa30eae1b96ab0300940d13481c3cbb2ba28b9cbe4a06adc76abce16e17aa2642d53cdc5e5587b02814c1fa9144fa185025ea14e639cac10b3b54917cdc7bbe1e9aa076173dd142756ec60bc318e2c0f0d908222222222200000003e894dd511ff8f00e9601a9251bc938cc7c552d3a60f9e860f5553fbc9ca5840bf6e6f16c525b8bd6e417645d6d2ebf0ca96a5b32ef8ffd8f71a2917f80cd00a70b62656e63686d61726b73
01001cdca9b030514c8babdc2a323858e70600c7089fafcadbfeee88d34a3d8be21839dd0994c23ab6f713aadce1ec5b1f3d526f324cb5f9993e63ebd4df3093db37d82fd4bd94b886427dd9f2d3511a016f456ec60bc318e2c0f0d908232323232300000003e88f826ce0aa16310f5292532c1c24817f564f044d7bed3e11e64b6841d44296e965ebee4193dda16f83c020c09c8a50a9a361481086b71a87bba246b3a794a50962656e63686d61726b73
01003ef4b5ec7fa5fe9ad311771baec9f3af00e1a692ac4c89270eb978a2319aa360d2a088208f73ee89188580bf3d4f7c9726fdec286a57106183a8ea4aea311ef56cbc50957c94d9a1b7cb4c0c2769ad5c346ec60bc318e2c0f0d908242424242400000003e8670354082936e43cfe005bcf91c81fd20c6d6fedad2787d59863e656a12646ba5f093386aec8cd4eb5b3fffa8f59c4d7a6eb6fe459ac202d70da3303d0f4600e62656e63686d61726b73
0100a9bd9050a5313673e9fc9f7442a43c57003dd4f2e45ff6857863ede2d1ac8c895b98df1acc2af80bc151247cd02b78ff2334ed09d8879b28b5873e4a001211ac45c603bac84f538baed8ec3c81b14210236ec60bc318e2c0f0d908252525252500000003e83345bb577d826250089d6fedaeb70d3ce93acdc58a5404b4d09f61ac8fc30b21a2844caa92058f3765768accf322ae4b80cc8562b9b924eb348f3ba531af120262656e63686d61726b73
0100db1bac01474c4107d12bf0e7acc15a79007c1442e86ec1d926d58ac679c46d80fb379beb00e5736af86947613c86986f617268851709513b6d9bfcbe3aa3f77267be145ed897374e5e6498112fe602f3576ec60bc318e2c0f0d908262626262600000003e80e4e3555b5602141fd16819d852d096542db3a48b1b1745b14e07586805167bdd4016fabfcec185eb4c07e379159c16d88f7716e29009c78754b99c7e76d560e62656e63686d61726b73
0100e93c181d8313e362be0897c3eaad8014003123c83f065317e54e5d7b2242ce4d288ab066e73ffcb53e8fd23df6775d463237c33d196f10b92c65c2b84e4c20fd587a564b2549ba71b4b8ac64059e74def46ec60bc318e2c0f0d908272727272700000003e8718dffd36cd307019ae93060e85d970a2afff0fc3279614e4a27489b492e348787294d4115bab635ef5cc1c695086d9e11153636ae193a8bd6a09b8547e6d00562656e63686d61726b73
0100db3dea3cb5f89d6e301be2cd8c895a8f0019bd94a5c971ff1a5432391688f512b3d968fecc143a5e3a7cbb0c980e6da41e5a5092ac0bd6d70c83ba71e9862310fbdfc9a3fefb59f02dc30beaf02ccf9b226ec60bc318e2c0f0d908282828282800000003e8644e41a898285eed8967afe853a87aa3a76341bc30470a9ef1dd596f0b21f329d83fc1898f1cc291d8f3185d5eff2f6baef7322779aebadaa167242f8e9e6a0462656e63686d61726b73
0100ff58e4407cead680a935dd9af352e246004c75e64c3fa98f28bb4cf434895533c7677ca335707fb07d7ca4d28a7bd4117f5af90516403fb1285c336fde58d8805ffadd2b6a21bd2115d98262e58df9aeb96ec60bc318e2c0f0d908292929292900000003e8df832ecb5a38a39d076fd599950a24a02490a84fab5f31508db93abf127cd7f9a5e6191b877f1479e4284d901f9772a82ce40c4e922491e117d2d34b688e970a62656e63686d61726b73
0100a52cf8c56adcdf0cda8afee44549812300e443010020546bd3716f270d2e24285df3a9c553f7b9c7a72659c75db8e4c14f82746aa139703bf98ca1c6dc2b5300d38f0ccf9deaf5dd7f411881742672d5406ec60bc318e2c0f0d9082a2a2a2a2a00000003e89d9fc924498ad717f931512b0c7f03a74d2d03df2f6563ced0f1deb251810dd61293414455c4eb4e15a96ee96d650f922e016ff580c6f075cb72353504fde90a62656e63686d61726b73
010013f934cf57117ac96efa2b85e2e6208b00952842c60f0f4af4cd8f93af7ea0ec711dbf84c0a7afe19af5706d815244cd7191c82ef28ecc0b0785c4621dfeed11b17cc8d30c1d081a48bdfa0919bec4bae66ec60bc318e2c0f0d9082b2b2b2b2b00000003e8e9d38dc08ad1d33dc218e41690ce81b430914fd06949ae4f6de369794db55439363fb9f19d484df6b20e999d124fdbb6d775464b44826a7c5c9b0bace5160a0b62656e63686d61726b73
0100ccae1fd8abd591a33c7a44110af445e3002a1d89374711b73083bfd74b7f04fc1803b91f0a8033d1aaafc7720b881c2134236f6cafd4692ac9c9b30d9d59c12584af884277e19be19b3610e9e7334d65bb6ec60bc318e2c0f0d9082c2c2c2c2c00000003e890693eb67d70dc0df494b2188ae61b9d832388390861c6cf9a00fb0eb29728000994c020114d5f708fc22bcf55ef50f26443c9bff381352b301353f671740b0162656e63686d61726b73
010098aaf729fb97eb31bfe0ff87b99fb389006a7f5d35f2ad22e20e76392e6490de04a4063859769687f43b0dc294bca3167d2dae6759ead1d0eb5f4ad638457b3311800a132173fbee8412a971015e0e1bcb6ec60bc318e2c0f0d9082d2d2d2d2d00000003e88c56307d1cc16046f3f1c0eb6a98447fb76718db6cccbebff5e3bde5edf1117875fa8202bba7a5ddac13ec7630e026611e85d011c054f570ae9024a38c02190c62656e63686d61726b73
01003790a1fab89e284d07ed852dd4757ca500641fd9789f7d196c335e2b05ff6b4d8cbc63208879fa7e76ad00e396f6205759bdc38e0ba6e4f745790ce13665b6e153eb3f17164ee8ca13d64afc6135375e136ec60bc318e2c0f0d9082e2e2e2e2e00000003e88d4796e9300a006116ae54fb7a84e3dccf98e1607567bb42e8dec1b78388ce7018e8875f051d363f953d0bf470a62de3a1c3fe4a7bd504172966a00dda3bba0c62656e63686d61726b73
01005fdf89561eb0ab5626ecb95738b963f000279a8b9366bc4e0587332254c500b02b4d54e89fa31123f261d1af90225335039b6f6086643de3e3d02f5c202cf7a3b6460fad0fb66ec88144bc8c9ee14d34fa6ec60bc318e2c0f0d9082f2f2f2f2f00000003e8bee2c5dd89ef2d96a2283e052c00dc8136e0b373ed4ad983e9b909bc38ab0bf7f49b1a19db4cc626c3113da1943b23edfd96bb6111d511f8fba1798ac96e250b62656e63686d61726b73
0100c32a8ff3c5afba0bd0489d75d1f6e1570018bc8730fc13600d51d2ce10577221ea9a14a9f244e9a9efc56b5091a47549494e2912db42f3b7f30ae04b003c7a79c8f2d6225443933795556feaac447f75a06ec60bc318e2c0f0d908303030303000000003e8d45bc8351ae35d28e759f6602b53e27c117b7f3bcc1ac75329c594ae8f9d573ee1da10cfe4303e54198ad769678e6c76aba1a56b82bdb72525f63467799e280c62656e63686d61726b73
010054d0dbe415a3a13a4bbcd28c26c0b9f000da5c286615bed99d3e89684eb3e467a07709328654179a0f263f7e268c2ce455721da0d574655faa51dba6a32601ec1fa429cbddb40514e4b1ee0db4fe6fb8196ec60bc318e2c0f0d908313131313100000003e8dd9370820d9c788b63b5cc3f8948a44f975b58f5d716277526384682003707f279f8ac88bd3d7369f76cd5333d59b56692e082fec9e6362e7d12da48fedd9c0462656e63686d61726b73
0100dbc97b71b366dadb9a3d9b94b12797a700b67c8e875641fc81576eb9e59b0646adcef0360c5767a0a44c0deb9bd82e2170d1c4fb22e0b805fe119542ea47c9f839a9f04647facf683b71ead246ce9dfd0b6ec60bc318e2c0f0d908323232323200000003e83935cbeedfe160b90f496f60fff337d78681a6045dfa7ea5c486a2b6c584b9d8400cf2e73354d00e090e7e2683ead6da39fe85b332ab39566db14ab15ac22f0b62656e63686d61726b73
0100efda7e244940b369afb6581a80b39cd4003e58dd06f853ffd249e19f846125329b3953b9b6c90ac6e6a26969ce4cd8566cd4507f9a28989bef17dc32c944a9758344bacf14e929741ba35f058991647a096ec60bc318e2c0f0d908333333333300000003e83f5b448f533fbf5a3827b4acde124d82e02f5078cc8598f58c963a8f94ccca673108828518040afbf584ccd70ba5707ab912cac6c8b7b666e5efc3eab776400c62656e63686d61726b73
0100a0aeba7a664a9f9cc3c4f04fc0256bb2004efc1eb973b8f91b95d94def572c728aadf542ec6451de654998064f641e2422e7c07957db5d28ee04ad16966daaa69fe441ed78333c09fd832e1749850c8e2d6ec60bc318e2c0f0d908343434343400000003e82ac5e74413968544d8e02628fb98d474071dac93d6cfa04b1656a83d81a5b3ebbea93df19537205686da6777a7b04770c406122c426ccbc4df751a949d46c30c62656e63686d61726b73
0100c07f04137100b989374f1eb63d8c7a530003f7f47ae78f63f48f52cc0ace9734175cbeb6cb6d17106b7a21aecd583ec5155d45326e4cd7b8c4bfa1e8e7419291a34517cb9e4ef9b4f9f5bfc40587897dea6ec60bc318e2c0f0d908353535353500000003e8c9d27aebb3ef991dc9edb2891dbc479d2c4423abe447a5f2bbd99c50bad0b24593f54aa7233307aee9754e683a6754a8c52a724fe3bef83b7b8454af32bd220762656e63686d61726b73
0100240977a2967e0af4c4943af7137226cc00ec16a9bf00248665b556a36ff76decf8258f1c4446be216955638ea99efb7e675c68a7ba6b709ccd104f0ca275fe0ba1a5c0125bd0bc1c1073866520c208a0ec6ec60bc318e2c0f0d908363636363600000003e80d5c8199efd3c79eecabfe9f9b1708ba1170fba2c96c09eeb9e3fc3eee819e16d63db8f5f3a230942a5e824953e99e12253c11f3f7584310a31aee38c9de920062656e63686d61726b73
010096a88b125dc66dce2f1f9769f42d6fc500d246d80daf34fff1a722335bee77a75893fa876ddf2bcfcdaeabd2d0744722248c72b650a12591247084428ceb5be456a13fb225a1bb184d8d1b03abb64758fc6ec60bc318e2c0f0d908373737373700000003e855a8986048e2b0a46429eb94deea7e3eda8fbe5d9bc21a971d2b57ad71336d947cb226f98b00529b83ead6a3d3de8daac73ab4ccda09572a9160dc5e6450c90262656e63686d61726b73
0100dcc08508334489af41c2d125bf25482e00db9f2f1120a82c8db5d181bedf5af528141a83a6e61c7d8c70a444f84770ec3794ae3def931feaeb9c226ddb623eda65585a6e765c41fec1f3c35ef93c061cfe6ec60bc318e2c0f0d908383838383800000003e87cde07a31c216d4c6e81caaa12aa02116d6f9bfa861fbc55ea2a539980f40f9f99ad98d2922b5a96aefce884a628fb15bbb8d009c0109363b897c4da8271520262656e63686d61726b73
0100308b68331bcad803c89c6d6fb210f92f002f4bedefd1ced785d092628c5e0516e00217e5e7b6775e6da86c41fc64619247b2d8eb552c40c7b77cf477cd8b1ec51eeb7a31fd2aa94ba3385b7e204189cb146ec60bc318e2c0f0d908393939393900000003e814d75b7c1dafb0d68161e093079d45a651d7814d8feb794f246d1d90d9783f374db3ef70d6a9a3d459996507eb8db8c8abfe02ec3599e0bab662e30aceb0e50962656e63686d61726b73
01009e570597ee1872eb25f5e9e51e45ae7200c8c7dc079a6e80f6fb222eac980cd3d631e620da200df2cec2c2ba797607992f646fa4b58083ff7017dcd01d85ec8276450ed0bf74bae0ce1ce083c91016d7eb6ec60bc318e2c0f0d9083a3a3a3a3a00000003e8ac0ea232958f8d6953eedc06d3e6105d2275c0bc7501b00f750d3d0b6a977bb23058b9d9c26f085e11aab890c2362045df6506227c58c165d21921533862130062656e63686d61726b73
01000812922d32511a6a17ad62b11463b5490093b6573ca9504be31781c5bfef945b426bb4e6cd25f25265dd0a26bbd3f80e6989787ea508685196a98ba6beec4cc3c7c1b50932d30b7665b52af7447a1dd67e6ec60bc318e2c0f0d9083b3b3b3b3b00000003e872a9d10a684ccdea1611c9654e6ab7b9c9e7b9210ed2a19472e791a39ac2484ec31eb46036bd1d49480d0f9401790de0647214a8e3c9c9b7129fb70c45fd510b62656e63686d61726b73
010094dc937f90cf19e5d8421f6c57b0a6e2006fba9566c75edc602be9d238449de9c4d0619d1c28ff1bfc3068d84a15d8de77679ec6ee0cbf26345b9719b198559acf480e7995acda681a3b0f609e63a9675e6ec60bc318e2c0f0d9083c3c3c3c3c00000003e884804b9093508c660cea7dbf6804d7fc9bad045ce24139cb97c41e73cc4c6e8b9f4464cf00f244a8697ae4a5f4dffa42ef3f7327d9ecf6e192150d9f206d600162656e63686d61726b73
01007236efb6606991c458dbe46a4eb40e0c00a824b0aea3795123cc4729ac1dc288563e4817f65d48a5b1487511636c44527bcf6fd488964ae8fe57d2a47850280d74f133b34dc909ac86e01e05c2ad89f0da6ec60bc318e2c0f0d9083d3d3d3d3d00000003e810950a12db6393057183f7bea526bdf310151c6d6d44ff974edd92a565062761dca0237fa5f36b594325a809fe67af09ca4829bfcbe9c7b37e016d6e668a010162656e63686d61726b73
01000792ab6ffc357c7a6a789397d07fce5500be2c46256f289eb5905377cedd99dd9c7b0e3d47fbf3f3702cb32fe3f53e3620d32eebeebc73fe3ab49e5a337cc0f1e18c4faf4c2d313ebb17bf7e0e3a3fba3a6ec60bc318e2c0f0d9083e3e3e3e3e00000003e808efcce646eeec46b33fbe1db1c658ebf1c401ea4c031f9c70f774a56dd1d9b6da84e0130ebe32862ef42bd0bf4ecb9ba8f2b371d55a4626626da492b32f230d62656e63686d61726b73
0100c5c4ac76e3a6f5eb90855b09381f2c7000b6f170431c882dec9d7d6454aeb6e6ffc058e8364a1d47d81e23624689cc5354248b6dc2171c5cb285c1c13f00d71b0301708050727a2f086de6edb746b4ab4a6ec60bc318e2c0f0d9083f3f3f3f3f00000003e86d4255a9ef45121d9e35fa5f75ae875a49bdf614f4f5f458d0168b5817074d6aa5abbc7c698408a8700665ad962f387f96b3cd3120b52f6a6edce09f1731db0e62656e63686d61726b73
01005dcced09893ca15851dace09f9c310260069a81199da3f979e5a0364d0efb362ee5791372540917607ac2376802438f8434bde037cb1c5a9b6a1919c0e3567e2f0ce156224b283ab130810549d0b1f495b6ec60bc318e2c0f0d908404040404000000003e8644d1f3e3d448fe22d7a643d82207e2810dc5f6ea195b6c553cb99922a71a50d54047e3a2ab2dea2e5fb24a4785f8db73d1425ba481b234f54876356e589550b62656e63686d61726b73
01002cf8ed41e06cc74153f724d5f889d00b0074a994e72dba112ee32f6bacb545707f3199d9fe51fe940c917a14a19051042c2f50999c08a7b7a4debc16750000603b942f23d49668bff17b3b8011440bbe846ec60bc318e2c0f0d908414141414100000003e8f596231113a048adbd3f037f4d2ba5c5431ca3749a226e29bbaef8cade945d0ad505147fcdfe5a227de69339266025b22c91a49d661bfb7ac62e2ec0be76ce0f62656e63686d61726b73
0100cdf0837388d3d3d16294966ad4b7e23f00d29a823abba73d6d5337e8692c1c2b415c7b649a3e85a8140f460c963dcca76f45e0982e530e14982098417afd3c96124e3601a8f57335d2b4319dc3dc0df8936ec60bc318e2c0f0d908424242424200000003e8e6ac559bed5d106191aa1212163542ddfab14023c66555f25efaf69b11df640e79926be89e31174671a547d816cc16599f175be477a73381abf07a2697c9210162656e63686d61726b73
0100d2594618659f9568bd3cb238eee9407b000692c43247535ba99a609fcf9be5214f5f43c38a371aabadbaea5dc90875082423dbe2dbe86131fa948d6293ba3b93a2e7b2db28a4896b3f51a6e3b4456b4fbf6ec60bc318e2c0f0d908434343434300000003e86b6e1ca9fd20ff78ad678d0f4996b51f118a353fed8957b397300eaa9e134404fa42cb2ce71ea9e6eedde839da280f00d883134d3216dc0850c220c326bc870962656e63686d61726b73
010067f0c3b4b968880751f61e8d41758c1f00534ec6029233cbff24d191000e87234435287b67dc491bad9d8b804d13903e449b5718dbe80ba6a7034c46020efab45acd8293bfbc9700488f0bc32df6234c9d6ec60bc318e2c0f0d908444444444400000003e85c7f0e9e858c0c1979cb37398887ddd93a5ac021f83d7c5433166666196bde569275c8839212016f9671bb8c64d090765c1088f440999f1289dfe9931bf6bf0262656e63686d61726b73
0100c13d1c7510274f4218e035d440658f850084e555683e87414994e48f3f8685cf4f8a64bd06650020202f3ee03b152bdd0806d467c1e3692ee3d322b0eba6d1c156902f4ee87766fcb2902bc2d5a8ff11e86ec60bc318e2c0f0d908454545454500000003e8b06639f43b225e1317af5b74caa5d56c054c8dbd81b5adc3188c609be91b3771168586d69941b7f0c7cea3d4a89fa1f8cb6518ef5051492acbae4d6403fd020e62656e63686d61726b73
0100d3345fbc7fdcc21e66b826acd2c976d200e826a781fb252d4a45b8abd9c328fa14ca147d23001ff0a2d81382793478566b7ef5257f047bb141fadb91cdca8286bbda21c44d9a99950f502ba9a35471a8cb6ec60bc318e2c0f0d908464646464600000003e844b82211758bd7fd961aa42f9cae1d229be4cd464df177ebe793166806820ec4bdad4145c22151bc8f54b358ef0d3847f41451d35c1f10cffb1d09f7b518800262656e63686d61726b73
01006af461f0d1f949f63cfec6c8ddd4cfb000dfcda5e565de643757a23dfdf4740f5be8b890eb1c1d6759359d0d9b1ac7cf656ee0bb59d783755ecf8d1d79a8d0f9e9ae2eb9ce69b92fd0f9309385a707b73a6ec60bc318e2c0f0d908474747474700000003e8c4b8dd0f8b424c2fbf7c936a3c20e1914758d7d38e1edb8b3b01cfee9e9eeec90c39842f03e7448f709ee1ea342e938f58fda8648012f54c851603411255b10362656e63686d61726b73
0100fa497d00b4469450e7710f7428863141000ffd89d4de33cce8d52725dfb8d10392a361ffdfdfabffe44bfe391085568c7e993ca8d60fdeea659689925e5fb54214f9b3fc075fb37c3f880c063596faa47b6ec60bc318e2c0f0d908484848484800000003e8b8825018a5c3163189ba6aec1d9a63825613d7ca21ff09e8a2ef935939b8bfff2aa9f963440b947a0425e3ab07df47a5f2d9480e9106616346fd5570816a440a62656e63686d61726b73
0100f002d49690d413d333724fece7e2ac3a00ab7907af0ee3890fa4efb021581db23c97d3401ddbf8547337b5e9662aba7c42c85c25cb12e9fea68cfa94cc4d9ef455f11c0c9120f316a0d4ca234fb4b0251d6ec60bc318e2c0f0d908494949494900000003e80fe9cde3b2e5380d0ee7cc0439f171b769278e1729a8c5d92afe2608cd21644c777c21320fd88e2225300167a5c210b0ccebee8e6ce3d57b57d4bc9f7fb9200b62656e63686d61726b73
010025306d9a9e1808be6b884d9ac891a84200c3cd9084e906cff80367cd115b4138f0365931c4789f949d66fd761726ed360ce0033d87bedbe0c98b54cb8ca5fa898daf5df4c3e1444ca649783c53879426446ec60bc318e2c0f0d9084a4a4a4a4a00000003e87aeee7106798cfeef804e5cf7504674afa9ae1ac108446a9eefc75d63a8a45c996a2eacf9b472ed966e779a48f8ad94f5ed7cb11b03e20fabd35f3e06568460862656e63686d61726b73
01005722348aed483669789331a8e4048dab00835aa7e61a373fd98d4b6cc53b604d93e44cf78d33caf1389867974488782861041ba8e78f5e44cb59597cad364b183952d6a3a79ec2f51898d86757da9ce9596ec60bc318e2c0f0d9084b4b4b4b4b00000003e8f2f83b2573d804410bfdb6411be500600a52bb94121d44223245155a705da68fb25b1fc235c81c29ccc3259ca848f4068da201a1cb8b3bc83e9ee218a86e100662656e63686d61726b73
01003c45b03b965c8d9272404985f296c8b6007d5aca0d280b69ff06dc88d4e66b7aa3788b3d00b9fc084fc8a58cea84d4796c741e03b3ce1ac948259c08916cfd71d8fb8b964f4a4d3de27b92c93f5d786b3e6ec60bc318e2c0f0d9084c4c4c4c4c00000003e854135f49d4d939bef9a6fb46367ef148e3a91fb0fa5a2168a9c9f1990f60d2f25549d29be54f6927db3d410617ac39130a4d26f263c03784189a395ae1912b0b62656e63686d61726b73
0100635017c04cf0a03e33a33888fc931078001c80263ab5e0969478d3dee588c809326d415c62fa700723a67018f1b547111519a740bc8ed2f8d1283fde8013ccd89df73fbff7ead0666db6cb29f61861a3cb6ec60bc318e2c0f0d9084d4d4d4d4d00000003e820fec6e0dd5ee57d6b6da457aaba8d82cdb675ddcb04d7237a1da11662f5615fd6d165d86d842cfdcf40ca199b1f919071da64f113ee158d85078cbdceab8f0162656e63686d61726b73
0100d1d414843b0abb85d97097729d41af9b0039645b829079914d80059da020b06f9c8c8e9786d420c3c6edff8c1203c5925f4e1db2344cdb4f1d5e327e84358773cb3d4ef813e40c24f9e44f271cf61c0e886ec60bc318e2c0f0d9084e4e4e4e4e00000003e8796796c3c0ac02f5a7cefeeb8ff2f254dc314b3c6451c704b499d76f60c09eafceef48ae51a49b337cdca09918a2ba9ec6f8bc134da3afc8cf97df09b8313a0962656e63686d61726b73
0100c467aea1d3a3fb3a28cc05d8f000b9b1009e68a788770c64a747b66fa4ce2c4fcb0f02f544b6e5ba0d363559a58206a9282c6629dc893ac8b851a2cfb7a0f55ea3546351c0f26af542b51472710b4858096ec60bc318e2c0f0d9084f4f4f4f4f00000003e808c3ed002f5b5bf6235753c956842155972f448f0b5820770fb27082f4c5dc060f3b9672b43b3164a8ec480489f9775f4cd48b7d7f960792ce09e2274202ad0e62656e63686d61726b73
0100089d0bcbac74cb4eeecddb898172f3fc009c9d5da49a5b96345ab8c1c553c75256e9fe097fdbd393bec5af761d88ca867b7784d9b10f9b475bc018f38b8bd9393ab01bd85cd5a7bbfe687db6f724a4ff3a6ec60bc318e2c0f0d908505050505000000003e88da00c6ef9700fbecdad3cb62585f5b6378fac1586c5bd8d1b48d71beba8ed297b22769564166bbbf7467afb4f65cc2108fd7c196ed57dab63b943bc9a1b170662656e63686d61726b73
0100124b9df283370d8221cb0658b9b12225003285d8fc01996af56161b5f235af02bdf1eefd016a3e3fd0a1c104259b3d8724d0caf47fee4c225ed0f8fc0af8f8c38364a77dd4ff202af266784826736be2f46ec60bc318e2c0f0d908515151515100000003e8041622f2b6620cccc351d0a3dc6cf4f5cfee3b33d0798ef7cf2bde5dc25beba39d7791078f1fe5f76c5dcf4d3016866079d4693742f4facd95bcb2ce3470120762656e63686d61726b73
0100ce49251cec46d032732e0dfa5f6edbd400faf7d8eea522daa63c8ffd0fa08a215113dc58442bca31184403986999494d1ab14f9a572c8df52520240d856f8eca1bd25bf547f105c3dc5e1497d7d870bb636ec60bc318e2c0f0d908525252525200000003e85dc47a6b6092904da42a05dfa403380b59d7533bf89da154498b5e5eb2642f30b8775f441342ac15052b2fc953eed449a8b2cc5d8a05339b4f06d85459c7080762656e63686d61726b73
0100117db9b5cf074d675cc0cf76bb22486000c66bd0ef471d8a941f0f8a53da7d5bb451364b924f6e2e97673eca7f88f712227d8bedf7585bb87ae61b1afd6c6e6ee00ece7c5fb6cfcdec979a1ddad8535edb6ec60bc318e2c0f0d908535353535300000003e815b9739e93a0d35f8fed7cecc807a5785f2b0124ad1905d23d24e852b70ae85b706c898b0d47048b08f1dc0b8cf3762ab406996de10b404bee9dd204208c040262656e63686d61726b73
010034ecf3cc264eb86aaedd31bca8dedbeb001aa0c27dad57f5767a5b8c0ef1811bec3407184ec4c0a94f5ebbb8351a3492065cf28caba60b474e192c105b3ee917abb0d738a7dd7822757d7efb871bb868316ec60bc318e2c0f0d908545454545400000003e8e71237f5a394a04a17ba2d560284725268e7173bd34f952beba3c7320bdccd2c9501131625da958e01c200a43587a3d5db0f06f348adb9f7b439ebd8a65bf90c62656e63686d61726b73
0100e47c575b9463932b34f15716d16fbd7700d930b939091f8bcee01b6ff023426ca506e63cf5c40abae3776a1285c5168956cefe572b7b3760928a55bc9ba0fab8e885cc00a72c6e08599cd4a81a2adf0ea96ec60bc318e2c0f0d908555555555500000003e8df2da00e19b80b41bb072b08a56575eb689642a26c22d36be88c6ab25b5be500b4eeebb7b0cf2954cead03e5fc85fc4ad516099218ee31e99396099a7898dd0262656e63686d61726b73
010085e8dcfc0b9421d6aa869ffaf57889ec006a09facc5e365d56c954402a2e3012a20bb78c13d1d4ab04f48bd0c964bf19749590ee82e4aaaf83d9fc36ba0a205d92932326d2f28aa281c85edc92b8d5f1776ec60bc318e2c0f0d908565656565600000003e841a3b97fed1d6e3311fd27c6df47d79f480adbf2b4adf947e4031c18a00db97284daed8c21de4dfb383a16eb79a9c48a58bcac467e922498ae39a529dd26620662656e63686d61726b73
010012b1f810b240d67cb54162c30c5c87c900f7ac386715f0d42748347d84a2f0f5d2cb4a5086eb05757ad384e1177a39504e30eb1866fe0a978befca0d43aaf20f79377cc4b5c5e0dd9db706c872101222116ec60bc318e2c0f0d908575757575700000003e8bc7df5f0038f2b7c63ea689ae1296e39dd4bf2a729a6c03eebeddc9f8de7b64ba6ce4439f79a9260526086b5dc1703ad75e7dc7030d00d1fb5410f5782c42f0062656e63686d61726b73
010004b04e47d912cf0dab17d9d6aa499ee100ce4efe40df41a88cf792ef6f75a4e698888711c4c660b6675d613b5e7ee0517d17cd8679f95f869092959b729559ebbffc1ba220bd7bc20a673cf0d35afc51666ec60bc318e2c0f0d908585858585800000003e83028415bd70b5b5a6edbbe7da38331c417d57e6fe228b31db40ec4aaab96691a7582c0a3dbacddfd1ac8a8640d749176e3a6fcdf67525c94c4fd9e0f0ecfd80662656e63686d61726b73
01002782d64f0835cce449e9ec146b935aec009003a4c3e6e452d4870789bbebfe0c3ab724b18ffb93c959e5e8578786c35c0d50e84ae42c4f89f2a1bd0cdfbdfacc62bf5729b0432d23ec5b74d67ad6a4f50d6ec60bc318e2c0f0d908595959595900000003e8d6edaca195076c472bbe1a562ed3c10d5a58a7e60221a9c148c905e23bd760dfe359c99ddacd1d139fe10a6b09f3e8d65a7045630334616ba8da54f76655920b62656e63686d61726b73
0100daa67ed43f3d58055724fe71d4812472006bffce932f3c55122d347b1f4a26eed2d39033bd9f96abae83b7c19c55e8e6136606ad90a685701097a5ea87382491d3c952981680927a571e9450fc381315b46ec60bc318e2c0f0d9085a5a5a5a5a00000003e8a668b535891263e8118c94d469253435a909924da57155f31b55667495fa9ec9ec235a8c2ea401f6b063c101f75fa2eeda5d671b02143382b327699f3a98fa0962656e63686d61726b73
0100c692d92f6460f248cfe4ee0ed664ee8b009b008677442aa548118b2e5c375a39dab012b82c0a576700cdc8f55323985d63ac2267ba498e8cb08b0f8b319c154f9a708073524f120f91055e82eca3dc23996ec60bc318e2c0f0d9085b5b5b5b5b00000003e8917bed163ef5fa2726763fde96b205bf6cafc690a16a5614ea45dccb417f0f24126321e0f1198ab683846ea639218b46e17078929e4327a80cc3934c5e72d10a62656e63686d61726b73
010066b158c0f65bf7b202b8da2a7bcaff740065555727d500c99b2a15b9781a009c9c2a9bccceee871bd7b271acf5194ca507a8cf4427cddbf5fb22c756402d34486622547ff42dc52494237c4c3658ac50ef6ec60bc318e2c0f0d9085c5c5c5c5c00000003e8893c2963e2eaf397c1cf1ba1aeac8341404eca30c0cf59854966b069a53bf656dc9d2374bb252a5f3acc8df7bb9303f7e86b1b93ee8649e2cf287d7251bfec0c62656e63686d61726b73
010061ada22223adc78c8aa27c594837a6d900f3da6921e3668c9016eb03b6d7e39c76165725c507cfc490cc8bd7664e94b10b3e88cca0ed26ea73f833ee3137a3ad0d1ddea1d26cffc46710d434aa12b29d0f6ec60bc318e2c0f0d9085d5d5d5d5d00000003e8e70dabaadc11a6ef4c0c5af3f8c60b8e9a33e1eb135a368a12a39c2427f6bad7b063cdfd31e2b7b0b06346eae8edd4442816158f3df1037a51649dcfa27d420c62656e63686d61726b73
0100d03f455cfce0a1dea9e9ed4f7315ec5a002b0256802381f938252bdbafb1d9e02013dec126e3a78434f972049e19618914d44d4486b31bf2f982ae6dec35235f965372bab05674bc6f1c50cdb915ebf24c6ec60bc318e2c0f0d9085e5e5e5e5e00000003e8b91fbde2246efab8d152b5593d180bf80264163ab5d97b7379822ab20315d9b7843417eb18876ec034799300fc0c3911411d33a5beb03156391b2a1041572e0262656e63686d61726b73
01009d475764287b7c1b7ce2dec01a4ee195002a1d389e0ff57bea560e1538c3ff2dcc394f9ea2cb356f45de00126a0c144c0a87232115b2da65be1d228967fc1933dcf419bbd7789fba5d1da5312744d313b36ec60bc318e2c0f0d9085f5f5f5f5f00000003e81d2927f95df93aba5bb2aedecf90a532876051fb052ff8e6c901975952141f876bad1e889fbb87a48817efa5a388fe91cc52a6fdd1bd8400eee8e88c95a6890362656e63686d61726b73
0100110baa28840c1b411c67b8c01fea8721002d0c71de7bc3b4c695de3d9cc473bb785aec594e1ea21a24ae83079878a84f5b2c3bcca65ae4af56d0d762eef2d148e0f12fdf5078adc4ae29e8ea80b49e24e56ec60bc318e2c0f0d908606060606000000003e8924a1cb3f79273ed2bf63809cbf355328ca15cb148735927c5a3a89bbbbcf216534be11e044b747fa2f85ad4c58fb4cad497b9a3f38cfba5ed414b93508f470662656e63686d61726b73
0100a25222603febc6a88d84e6c6253c44e2008a4f2ce1006503786c2c2779371887add34b73638eab729a29c04de41963fa1a25c8d2b710636330910fa8205a939d58f20b58ef9c71c92a074a7aa63562913f6ec60bc318e2c0f0d908616161616100000003e883b342711e85462fe27967498d8303820329f5b5f67ad91be87183d200545bfcf14976867fd32f95ec58cfef30da6339930e7dd48a5b24ec0bd76f9343fa7a0b62656e63686d61726b73
0100f7809e0d592716124f51e67002f5ae79000e0601668c3eff8f5140e32192a33615b606dea8bb3326121b33c1f208bfac02e8162bd3af633a534e1aa671673bd338e0ffa6f1e65cdeac6d217c445e351ac36ec60bc318e2c0f0d908626262626200000003e84905100f83d6cdac6c719aeb76146efabf0da7c109b5ee4bfe99898ab2f01514ea029ea784737715c15eca397fb00d7144e1e227402cf6db43fe5dee853b6c0a62656e63686d61726b73
01008d6fa4b6322bf8dc6428732880b5f077006b75e1a2690207d9410cbe40166336432c2255b4b17f4da7255874b6d84db05d437b4cecf18ae3ec7de25cee666b31b17632f18e0d48709ba497623bf4e3cf3f6ec60bc318e2c0f0d908636363636300000003e89b292c7b40fd1766c53e0034f2c9f7313b0306fa45e16ffe8e6e20a55d71833a1ab616d4f02db4819ec6d2418e2cc4e8d29c05e9d9ddf609668a54bd97769a0d62656e63686d61726b73
0100e7b66b24d8a2041977c9bc23ff83642a00e919868a7abe4dff7e1111820ef27f9c469895d4d18612fcf001d9b2ff9d54592b24acfa49889338ae64bb5d09c35aa51274706d0e8ab9c608ca545464b031ae6ec60bc318e2c0f0d908646464646400000003e8500f0eac5a51dcbb196edf376c2275cd1d67a4a60c197fbbfa60ec0c24e37e6ca908449614283a1f31f94eb6aacee0ca99a4f6eb32ba5bc1c6f925376b0a240c62656e63686d61726b73
0100d9ec85d36ec09b01a985b5701e93f7b300298f927b3c9856c29f0553d8512437f1c9f571e77828d61c2241ab755144ea459254e135893b31e64643d1e79538781fee54a5998dcdb6ce9a46b4f4165636d66ec60bc318e2c0f0d908656565656500000003e8e1970c25fd51971f9f502203dc963ffc7983e06c538c8bc8cf28a1075a50181c53f8e55dfd41ae402757740ff92fef0a4cd7d3deebf86730dc0bbf8b208e560862656e63686d61726b73
01001f810242f5ae6fea9f5fac3d7e28b6240015255bf159d565d33bc4d7f5e5385bb0eafd74c8c54f22aac755048ed5cf327c8fdc80faaefe5f5c496e0d20e292e4ace4a06f9ee36d7010ad0db77d5050e03d6ec60bc318e2c0f0d908666666666600000003e89759ea5bb280635258d64c905dd6fa61d174744481be669fb7e8f6ac29c8aed67a3e1f8cadce6510603156f6e386328a7174dbb8970fe0e800347245f060590f62656e63686d61726b73
010042d2de428e708f4f06b40047292f11f90085e457812947492eee6498f51be61560fed2c7a4f0be91e9b292b8b1a035dc7db0aa00c3aca6e4e82673c9f16851cf99dcf448404bc25a59a8056febb07e8d0c6ec60bc318e2c0f0d908676767676700000003e8ac8dfb952b5099aec3a137998b323c04ba00e84c8885806afc7e132f8e3b2e89596719e497685ab0ccd1498bacf1631cc43549cf942ed4fb16ea6fca32fe320162656e63686d61726b73
0100ddbd7a3b3279ce5a6b02dd77543b320700b0e5de98a1cb3eef8cabeee1bd76927a07e9768df00e4fe1eb1f6856c238d72354f34b7d8baf8f225ed9ce17875831936b97a294db26825402d1a1ab8a2efb416ec60bc318e2c0f0d908686868686800000003e863c418698371357ea8ec563c4f186afd70428a9f06a8b5defadb127b848c816c9b1eab501e1ff5f935bb96b9fab6cb410ab5e981a02912bf19354a79de0bf90762656e63686d61726b73
0100bf5beeb74c44e529ade8f979da60b7dc00a3ef176102357c1d8157f921fd46bae3a0f3f9c4bfa0784e1df00897760fd81f600d5813153c6c6879e0a3f689e534a74ef6707af57cba309423f11d2b6a82916ec60bc318e2c0f0d908696969696900000003e86e52dfa3f276f594ba90f7820e8647c0c7e47c1863f34f2b1433ad169abed629245bd4c99347dc6e205d9ded1ddfe9bc94ce74cd2c76021881995740b0ca080262656e63686d61726b73
01000a7480cf26e64ee6cc29a4c2214849d10006cb90be7620d1e834cd5e83e84c1f7a33284c1988eb520c67c17f737b338c4f71cde1a5aa5a961299f41f86ae7f436ed7d9f847a0e498ad71ab1794c91d532b6ec60bc318e2c0f0d9086a6a6a6a6a00000003e80342c220abbaf809dcb4e795e5c435107ff90a6bba6b1191b779fb78497b1382eb78257c6bc7d4dad2ab768c43f4b46837b01159b943bf53c2a47a5dce876b0062656e63686d61726b73
01004502b1a32936c4db39a7c2d79419be2200f940e40333c383472f14c0b29e7d9e31c7f3ada5847d9cd5ad381b1393b8262dd68ecaa372471f48501f3993355e1ab8c8cdf2a1b801e09269ee29c8194a9b6f6ec60bc318e2c0f0d9086b6b6b6b6b00000003e82969ede2f100c9e3de2029a63efb6032edd744c783b16082b9cbfc5b2617dd69926f0d1995309e50fb64ecb01c35162bb1f8ab9b7ab10950370f114f215a300d62656e63686d61726b73
01007d7b57b8d59a4b3ac0ac6f111366201e0043815b6af4892a41c6ff7991e852877d82da6937499e8ac9c51e99f80c0a1f6cdd34165f579b0252da0c903d40de781f2b45cd8178b66a00b8f36de54f9cb8bd6ec60bc318e2c0f0d9086c6c6c6c6c00000003e8129f6f0110712a2b6bf03d94a151fb398f30a97af2191d9d48f3a6865439f2ae6193139c5459f387b692fb9fb7e2467a36eff5abf2873fb11102d3a18a57ab0562656e63686d61726b73
0100cd14f173d060a03b86ae4ac616e72b6800e05384c6130aa185f419eac14f2bd80f934506c0211c540a6eae7c13e18a122d893e39ac1f82f1a67d059d386c5da676dee3084e4390daacef21061e0045b4176ec60bc318e2c0f0d9086d6d6d6d6d00000003e88e6770dd84c9b78f12675dd39a88d5ee0fd36731d4eb523ede37c28c610710dc5c8e3d93e5987161aa376441cc4b71c21c0fc2ce0d43d58acd27030b91721e0762656e63686d61726b73
0100cb845dc9e9e5c8af06c2909d34d9499b00d3ade41b6c1b3a7ba8e6997e68a9a29e5b8e340d9bc704ab27b071acb9e83164c99c46b3edf18e7143cb5a7fda07ec8c4ef73d2e53c9f6de0303f04b3f7a56b36ec60bc318e2c0f0d9086e6e6e6e6e00000003e89d188f7dc575704db3343ff4f779c51fcc3e3312d1d7e1cc407453ac7d8787f85fba18ab97e01e2f0027e0c5b60c4b07f6a08166293786a99e957e119ebc6b0b62656e63686d61726b73
010096666d4ea46cabebef237119b9f4bee3004014698e82c2babeab097025f186792d152c39695712e4e7df4612ed84e54250077975a707535318ca171ca3f50c7ada5f26d242fb4ac5fbab9d91d8e34d85526ec60bc318e2c0f0d9086f6f6f6f6f00000003e8e1f7efa64733837aa0f60b2b3eaafb1e820603daae7c1ea4ac149ed10c5c2890db90e7dfca4ff6c8f45ff7c8f0e12a5279176c2b9c7a0ecd5681833002a89d0462656e63686d61726b73
01008b5b3562df3f41b9be8cbc34acfaf2490009d0903618cb49c6a8fc30c0c72a4679c7f1a5d75e3b446be1b581011257bf3a3bb14130f9385b4bef2dc9c96a52d6385992d7f3d6dea8add7359ba5aecc35736ec60bc318e2c0f0d908707070707000000003e8c46adf68b68f388849bcaa5bd15c5e2e91649ddf1485b37f46b0b63f19a7ea57056712922c1f30fa5065083d5b484047291fa7fc668af8f4b10836931176ae0562656e63686d61726b73
01007e65acd7db00057c9389099d998698f90008fdcfb98359d2560bb639c81c2a2425010f804b6082ca834054348823924342921902770e2ca18db30b102db1fa010cb1fc1a45f83354b5661c4ecbe637852b6ec60bc318e2c0f0d908717171717100000003e8ef7be715f86581063f6ca2fef1dae11c45846999a2aae83eaff4870480b7642f6631fda54530ff599753ecbc606b0d29187877b302470353bb1cc403df40640c62656e63686d61726b73
0100ee686e656bb82ca2fe98e4d6d05a31c600705f3772859d04449ed54aec91dc93a3f1bc13bdf04a1f71e4463be2b81c421e41e0673bbe1c48f877f616a8b2edd13042581aab94fb8fecc26d9947a67c16346ec60bc318e2c0f0d908727272727200000003e84ff03ddced9d321ada2a7988df2e2b837fc84f367702cc5384cefb00f723445202c066c272cf5600fd5ecdffda47ed5e61fa20d2841159b931eae05fbb54ad0462656e63686d61726b73
01008861d33e0f19e8cf1500c7fb8dcd695200ea91e9ab2537dcb617ac3fa489d9b89479b14db20d188912b8df8df38c1be538baeb6ee824c86c122c4d31c6220d7d808926a0fcd3673b87d2c68191e14599596ec60bc318e2c0f0d908737373737300000003e8e15a10d5dbea673b5a533261f5a30a5622acd0e3d130d21bf36c17554f2f4e7558d0a58dc0fbbd1cca59d5f6ddd9dd5dd5037bd83d920baa4828d3d12bbada0062656e63686d61726b73
01008725de82f97324f3df9f03b8e629ab6c00ca84ca3cb8d0b4d4b80ac5fc63969b29841445e0de83e29538c85f199baae74b21c54074272a7d5ca600ee7bc6cd3fb61e303301c5acabd2d1ec15b010ed022c6ec60bc318e2c0f0d908747474747400000003e8321e53b97ebdd6a65c03f96317fe66723a14910a2707985c5f92cbadc6d08227515ed9411fde0eda03f7a79c7de78798efcd02e3a7d826beda1daa1bc017de0a62656e63686d61726b73
010089b22c8809b821e984cee6c3d55a272e0024edb42790a02a870807c948e8a945307e5fba419fc9f029e74cb8cdc5752a7b52f1a9c2dacb769d12b0e09e7deafa5af84b97b042609cea055288a53dae0bb06ec60bc318e2c0f0d908757575757500000003e8ae352d5ecbd27be5c374d10d827e12df065ce36a5e3b220d238e2f676e24913716f85921b4adcd97556e07693f35cf16a626eff19fb596ff066fee28798bb60362656e63686d61726b73
010007b1ef5949a2c5470719555ff02f453000aad5467fe4661a8733a1c4bd0e0116b608cdd1137c3594d052bfa2a3c6c04b4574ffea479bf7e74c6f6fe0b003dfcf9829596f5b191a4c05874889e7750e58e56ec60bc318e2c0f0d908767676767600000003e838eb26d02fdeb9dac5325d00c72604b29d54046b1d6ba01367ee4659977549510b1472f61b4b0e45d60fdfdf315e4a153457fc8ab327f46faca0a91081e88d0a62656e63686d61726b73
0100b0205cd7f9701b3f268c8134afcab084005185000b9fbb1e10c161a92a043eb15dfd50f5d650550341d371b4338fc0cb64cfd627aa758d6619fdedd566a5051eb237bde509d150620480bdc22e60dabff66ec60bc318e2c0f0d908777777777700000003e8b3ed3c7b953fc1c34534ebc93e5596e518446962484094563e40d6ae8503bd852dfcf8968edc297db19fc7e89edae26bca8e86c025a2e67f22bd74a34f086b0862656e63686d61726b73
01003fd40e9ef8a301f42f6daab323aae0d500b9b570a45aca51f539e66c45dafd68b1f8c9c0e406194c94a2ade3c924964a101fbb847a0dc5a47b9f361b635ad2e1205944bb3bf8dfe046a2477726a2cec6fb6ec60bc318e2c0f0d908787878787800000003e87bdf93c1e04d53905b85d8d22e8f5fc78d59ba0633d046f9d2daadc16e1e6ab90757d120a15a1d3e9ffc7ee042685098ea1555c6a6e4b8be48b21096c692960562656e63686d61726b73
01001defa547c47c6239bac16244fbc2f1e7005aafa56ddf14e23ac7688af660f01d10d2a3a9744a549692e41b7a2bc751490cc3566f29b19960e002e360d16bded9107cee806d6b223a0610a3e14a14c0feb16ec60bc318e2c0f0d908797979797900000003e8aa63d76eb610d72fb36729fbd7fab6881a364d5e2b646c4227393eefe59941a40e17bac361a9a084a37d77f7264f9ced7b07b361ae0995b0cede6898c989470262656e63686d61726b73
01007d9c10d3ebaa140be4af28dedc8a7a0b00c24de770bb55537ea79a95ec667196d8c45688c2efcda3bff7ecc1b81dcab76313ed51325d8d75bf495c30903afb552fc98904f7a4baf07e433508cbac6eea536ec60bc318e2c0f0d9087a7a7a7a7a00000003e8383ca9133b05f24fdcf0297253531ee3a945181f40a1ff2a0eafea18d6c08ec15e5565eadf9cd483ee7f73ccc7aae94c9299987c4e5227ad007baad7105b3c0e62656e63686d61726b73
01000c0a9e2ca3fabfc4959f3f798b4226cf00b05969228a3d71e45aec8a81e0edf72621d8b3c408e69f49600a62565a4aba3772813e5dd936aef844181f572692f189d8132a46d7b9829a439e924d812d32ed6ec60bc318e2c0f0d9087b7b7b7b7b00000003e87a831cfd7a84a6ddee94bc88ca936c5f7fbf9708b39629b0f9002620f00aab680fb3ec21dde35fa883a011f9956d02b26f0d28ea729fdce75b626e7f9aba290462656e63686d61726b73
0100fa406d1848e76c6f07fb5072bbb6b820009209b8b569d0285ea99eb0fe0617d579d4c19c6df67ed5d5cca052cbefc6335de92003b8d77356d32c7d1ff12b8fd86bd50381d378c4cc3b2973d95bf3764f9d6ec60bc318e2c0f0d9087c7c7c7c7c00000003e870eabe4af1e1e8c8fe7724ebd7f87969a9f676dc1e6071be905617ba95f83fac5df946ba526060452f8d14ff7890b4fd42f71a4b285888f77a36a7941388440362656e63686d61726b73
01006bf09808f8e96082ac76fbb495a43f0e001b94a79ccdde0b746760e0ef89cfe2db23f945be159d28085fd17af31fe8ba021f0a88730ca90ea87fbf1e4f0e063155e1aea79f276d6921229b2e31d50c1d256ec60bc318e2c0f0d9087d7d7d7d7d00000003e80bf1bea1bb705657f35ee3f76064aa676127c577c8884a41bf4e09abe1240abd8868a555566d1abaded05fc865447a5b743f3c72aa7c2c24b341d6ec3fe66f0462656e63686d61726b73
01006c4d6d5051c208bf0420549c16f9d1a200801ccfb58f078d1840af57c6b7219db0aa389de5b0f28fcb9907a3303645424572b80ee9391f489a1d99a6268f8009b77481018de617de90d4dd688e1e6e8def6ec60bc318e2c0f0d9087e7e7e7e7e00000003e85c12b6609a2029b56263fbee1224870da70385df6b6a256228695e20eacb58bf921b7bb2f11474d2e79f9911b549015723844c089ca11b062cc5b5c305a8130262656e63686d61726b73
0100782e49f11898071c766139288f4078ed0026c998a3b3bd8dd0a502fec189468df8bcf873ee8a745db0e0c4dadcc490150979ea19c8e15f9f57bd842cb1697e268fe2fbf25899c063f3b06b221a7a3e85e76ec60bc318e2c0f0d9087f7f7f7f7f00000003e880158672642ed2901e54447711a0dd0e26c3fb9dca467595564ae28d7e37d7b00fdbcca3bdfafe47c5244d1a4c00dff071ee29d4472c0558eaa4fa211ed7120062656e63686d61726b73
0100725737ec3c353813a59ebe96f8d21efe00035ca82df5e858e5b9f8c22a79b18c5feb95a14a7f23f9adf5b066a28b7fef61718b3472410c431253f8678dba4b2b29f028321e6a0616f3b07537c9e5d698676ec60bc318e2c0f0d908808080808000000003e8b8be0856561631a33e4e50d718e72944f872289c86eda69969d2ec3b1e1adac47b0d61900e9a68985ec8961781e0a691fd4d2f3de77cffd2c2a0e5d5c05f290e62656e63686d61726b73
01008a717546da9398f19852a67e6241799c008d6396cf9fcce4ea2a0070da1e0d74a3c8e4e5d2ff134422d875c8aa8af95c2eb71383c4e8928d0ed0938a580f683df6bda35a6e1b1c1cddcc9fd074c79a3fad6ec60bc318e2c0f0d908818181818100000003e88f9082d4b1334e4056daaf21aed95314684a34575c50132e9702ca8928eecd78c02f69104439be636d5f319d940e86eee0274b5c4c92723aeced7d4cea3e240362656e63686d61726b73
0100f744d76d8ac5e3b4d3ce8fd7335b595c006216baa6f94c8d43a68666bc43640cd56f9c9e8b12dfe793d45f23f9ea4d734ab78a4e60808657f037ec5dcf38cd92fb0c53d4ab858be87ea0dd3c02182809fe6ec60bc318e2c0f0d908828282828200000003e8b4b10df04d32dcd7c53e649247056dc840e6500f694eb655f0cc8916632b608caf66a02a8ebbcae97c795b74f67ef6ab1754fd9f133628bec1f3765b2356410c62656e63686d61726b73
0100cca2e720250ca20565dd9cbef806fdc20004b2b210c0e98a62d7cdaaacff60fcf841ae129a343c280263a1eb193cfe5328bdc5f94e8b6bab978c7d50e5a213bf0305bc6e0829a3ae89a15434da76b9dbcd6ec60bc318e2c0f0d908838383838300000003e8921450ba141ce208753b42a8c033317e124b36269cda75ff8b06bb4e066043a3891fac918c9bc8a495197d95c072884b7f2ad4aeeffa8f3312136366693e320b62656e63686d61726b73
010062604646a89cd99cd4ee37e20221485400ca64e0391e57dd74d44aaf1d765288426c7c96b390dae4eb09108964bbe18a1880af6864245c5cddcff045829395721375106471ad623c44e63f9c4e9a58f0b26ec60bc318e2c0f0d908848484848400000003e857f4cda0b185df2bebdefe865afabfc46abce6def4aa8c0dc8f523f817c8e17d3da3c24dcf9f73571044c79c36086b7b12884bab381f017fee87974709c1e20b62656e63686d61726b73
0100b65036337499207fb07cdd26a78c990d000a8dda5b17cb083e2b989d9891896184974e19e59889d1ac775e80d6bd2f2a6466f975e51bd242b7d52b0744c933af11734a4a5888054cc13485b822ca7427ad6ec60bc318e2c0f0d908858585858500000003e84d8853c5a0e384ed7155bfb29aea8a4b1cef9440ced4d73f7a0a3b425f630cc5c20511442060da0e1298e3bae9bc73de3fc6b92c356ad8bdb3dd3e733fbb3e0062656e63686d61726b73
010063b1f100771f00f3a5a7f5695f20d22f0016f9501e600ac5aac4bcbedbdab2d053cea24ab0dc027087f1f5e8329e9454382a3d46d724d39cc978910831f63bb32c2b1fda04c69a26167e3942cc3fd1032e6ec60bc318e2c0f0d908868686868600000003e814b161af4ae56c84dec3e1e5bf8a48ff48c52e1b7b4aeab65b443d12bb8e180b3a0681b0af326bdd5b5e4f77537f3f54c2beb0a3a9e460c292c9297b1171540362656e63686d61726b73
01000ca85b0225ccad04719c96726e351ce500827e6abb0f664f2ee5dd00fd9fca378472e2175e4f3cd95bd9323329f415d20cf6a84f875abe82b613215b020778cdf64b613bbaa81e52338be1b916ae3277d06ec60bc318e2c0f0d908878787878700000003e8567cc7fc831455a35aeae5fd82bbe014f89575af471e91d6805e6c470889294574d7dd2288fcfd77bd634ca48a01860ee2eb6cd091317f596dcf3f3ecde1ca0462656e63686d61726b73
0100f9c4ec7c8d5566cf37707f2bc397980700adc354415b020e83f0e4d0cc661e6fda0069af2df058204f2155a6d099f69501ec14f04712e84a4fdec32fe9c69241ed5ef7c056637c65b57d3e9b4f4327662e6ec60bc318e2c0f0d908888888888800000003e815698962824151bd98b6ded5a9a2ecdd549e23ad9ec03a2e772e50debdc885fa55ae99888b87452587fabf44f320a4f1f8b7725c46a5778824c88cebed11890662656e63686d61726b73
0100439ee7b123642d919b962c44a3c35fca00ed53ffb9f1914f1b933b61c0016726f9b0686e8095a2fdf0840c6809fc0e13507aeb637ac1c5a68cf4c4402c4208b1bcefb69de4e0af09ad32f42edfd530b7606ec60bc318e2c0f0d908898989898900000003e8d020c1332b4d55208ed50941115fdd2a7623e85e8cd8228828f34b31961d8517d9151836d10eedd1390a79e47c4d7a880c1966529d42f812edc240dd940b7c0962656e63686d61726b73
0100d8b6fcb2fc7409f51b80e713c7a54e150051b4294d52aaa785e9a7c3832c0277295287e0af808d116e47e45eb0d5d71335d39dfca2c211c2fb52931c9413128588fee6972b91ecf000e68961dcf75718496ec60bc318e2c0f0d9088a8a8a8a8a00000003e872d76f752fec016a1cd718f8476c888d6a9bf9b6bfff1399e286eed3c33cd7a92ca5524b89ba6a479ec4006acadb91adb84bd385bbba3375eebe95a24f1a9a0862656e63686d61726b73
01008ee861b926ba7ebfe741dd0c5590d02e00886d875ec17b3f8de8644f7057f9d0c832a29d36ec977c982a3670097209477f8d8271bd4358fc2d58ad80e00443bd847ac49a1ef880d23d6bdf0fe84d21766c6ec60bc318e2c0f0d9088b8b8b8b8b00000003e88b72e97396e90059dc2cbf61d87e79217009b36b749425ddf55a67f355fa5c865c40eae078b19c9af27b2cd8f1bd666496571a83c9e8cf9b036355a46b59e70a62656e63686d61726b73
0100c316324a805b948e6f6f3c2b9909581e0077b2d7e8ff20a8577ce389708d7756264d9e5005084d4f7507d2ffec98a382189f768bfa85a7750d128c0c4bf06c1236116a640883a57759ed129efd6807ea906ec60bc318e2c0f0d9088c8c8c8c8c00000003e89d801c2fd979e92f2d8062c9da4297b539890ddc1ba8f161d757087b619e2b891b8c275c3b018a2705d356bbd04618bf39cfe7b57770f53dcbf1ce2827d7ee0e62656e63686d61726b73
0100c1ab704a8733941c438753fe1ede2e64009b8921f3bb57615efb727fa13cf833fd6529174ec08c5965f7942b77403f107a534944b5b0d2d682a1f41a8cf5f09f4479b64ccd910448180fe9d98f6ce845596ec60bc318e2c0f0d9088d8d8d8d8d00000003e83e759e053e47dd5f4ba7cc750d41bf1cb8ffec3f25be601a2df6e84c798f1ecc20381f94fba9bf9dc7fafd57f0a5bceaf85a6feba566574b61a6bef2a216a70862656e63686d61726b73
01009f4be27b3873e0adb38af5bfabfda10300caab4dd3ed9a27a7690b827067ec6da55213b173a7473d8c5f9770c1fe46024f09109323ff084a955c1729e9014485899fcf7d38cddfd73b4fa3f3e8b5a6483a6ec60bc318e2c0f0d9088e8e8e8e8e00000003e89c99e80a1c94d07dfb421c8fe0d6841d536413365c8f0852b02c430ec995c253171885bf2f5526149f3669a5f58c92aa8b488168c8a55e5ebd9e2f649c3c970362656e63686d61726b73
01003c1f957c13e7175615c70b50c301a13c0088df5c95be1e01f829b9e5b6ed5efc72f0c398c681799f17e1be8fe36177cb30c5ed032cead76e6db359b7ff14b5910b6ef4d5bd8631861360e1907ca9135fbe6ec60bc318e2c0f0d9088f8f8f8f8f00000003e8cc8f1f090407e9b4e986f561614e018da986584618d2faf22716aa4620d00ef4dcbf441ff8aabba569728425ed3b7ecae656a2c6de4bfa5e99cf10eb2aa5c20562656e63686d61726b73
0100a5f2ea6764e666d316dcd7045458ad4f00443c8f391cdd0ad68525591472a4019f0240005abf8d9b7ffea77d05210193335063f73fd692f91cc8d996c47fa18ec8b05ea68fd525bb61a0720ef83f7867cd6ec60bc318e2c0f0d908909090909000000003e875bc03a53727a0a2a47847ab1128072e0d71b6974fa861447ae5222d38855bce2def9dd5c2e2aa94fea96053162ad90a37cfff1a4e9938f07fa0d2e73d37180262656e63686d61726b73
01003168f8a31aec4bb8fa22c481d12063490037fdfadb564061ab741c6081b94e129e13e46ffd5a6a0bf0b3870a06af66c41c06038112e754bbc6942c067620dd1af39c48902e3669d8f4386c50ff7dbf56fa6ec60bc318e2c0f0d908919191919100000003e821259952d1b0ad0e6726996046b219466cb4ba3b90a1694fa3bc5de6fb5448b83e65b02550ad41fbb52cee74950345a468e91f99d2f6eaf925c00d2c780e4a0e62656e63686d61726b73
0100f1d1d24d54e858624fd4c18bdc0e5fa00078f84e85d3f7046071d5d23e3ac5d42ba13e3b8bfdcd8b732c83b17d4db23a33e62cf14a037f6569820ac9eb2912ba15a5210d97773077b9ec9c1b05e243afc46ec60bc318e2c0f0d908929292929200000003e8a7d62a03746bbe2fcbdf09a2596fdaa08a6f142618a206eff757a15f11122dc2c8d9f6de3ab72bd26c8607292db53091ebba6263fda6303e7605ac5c2885db0862656e63686d61726b73
01005d66fb41568fd0c4b997091ae1bf84a900bcc8d9287093b9625faddfc43c668bbf951ae8b891df80b6424d9638a0c3962ad684a5fa56d3336fcf6392a788b2e598d4bea45b693a908085f42c18de5b507f6ec60bc318e2c0f0d908939393939300000003e88a31871fd361628d3b1fc978415b34f26761527dae46ca114c634cda5c923253f2d5b6ada6805c4077c9be3327c63209f0d8aa4cb6485e037c29494c2a01650e62656e63686d61726b73
01005d6c845ee27939193bd13848fafe643d00c4d663dcda191bd6e81ed7c721f00478e0cc66c2a5bb473af3f1705947c8327e480606aaae2f7b200729f5089d6274a270ff89d0949bc1886ecd7431d4f13d776ec60bc318e2c0f0d908949494949400000003e868a63266f01376251ca804ec29b9d0a65a3b6ee3823ac10e0c9e9f21bbca028f0999055be095de8ed1c35638c55c93f0667d4b90f11d7aac0c2bf421d388330362656e63686d61726b73
010072b01f10d2e4697c5d59e920c61329c80073f7acbdda19c3e7cbaa8c94e47370a5ef146938c38c758e59fe82dd84fa766e81ed37b25c841b9d4c4c21040adc9992f905e3855491b70db176883b163ec05d6ec60bc318e2c0f0d908959595959500000003e8d2eca66fa85ebca17f7719664a99bf109d0c3510e919a5de3ac60f6a7ef75b5203cf7f7981be596207cb6f66c126647cd0c3ad0873b66138add2faabbb6f610162656e63686d61726b73
0100ecb646c0740f4987d38d933ecb3f997600be44070380d97f2179b6b9972dac02294b0239504eb4135a47e82a1c6b6276781a726529eae90918d9c26ee5baa7e6e98e90be032000c08a3eb271442a1be08d6ec60bc318e2c0f0d908969696969600000003e82994cba0eceddb5259a93843422dbb893e53345ef88f5c4e86bcccc156d84c80505ef7dedc57d939dfdf513e82cfb7975a4af49209337f44bf4f688f225c930862656e63686d61726b73
01002b296ab1964cb44d582353ef4cbf707b00e91ba24d5c4045a89598368799057e2217055b9db4a11d6be110cede09a9655cd8e0f996faf3d7467c04bbc19023f4c36637770ea4cbb64c68165eac034fd4ec6ec60bc318e2c0f0d908979797979700000003e81f93b3bdaa68610af2b2179abeb3f716b039f385e8b79e093d62f7108fd1035af04e470821fe13a040a41dce4c98c8823023f2bc9c0f623dee302c069ae3c40362656e63686d61726b73
010011e10cf478084a3e20b7efc7d3a3b9f900a51893a890793073adce0ea3b634af6f595df4d3cd941530b0bc0312f79d9a5a8bbe0b3d4a2bfa0144c1ec016c8ea91a314842f8b64571785a1f5a8bd1368b0e6ec60bc318e2c0f0d908989898989800000003e8fe7c60c9673ea712bd0b2d641c5b00b8d5c7cf1b4bb272d1177d4d99e511ac6b2bfdd128e0b1ba9103213b69e45872580a5a52ce9a674cf5985a7e6a3ade270362656e63686d61726b73
0100d18083e21f0975c3063e90df2583036800e67c4cd1f1d6548c371c130a08dd1285b5e55595962d3984b9a9ce767056562e5e69b36284fe6dc9ed931024aad8ca90ee4247458253f691146963e40be6c3406ec60bc318e2c0f0d908999999999900000003e807578490decfb3bad0ee2fe9d1dbccb736b7a3bcf7edb7151d2764a6b877b6b5a32fba3cd15a9812078a961f0b200303ee3632c6fce68e9e277b2410aed4bd0c62656e63686d61726b73
0100b9aa2cedb4e86957ce1fb92c64cca75d001724f04e98358a26f87a3b437ac67d1e3565650ac695a74b3d6bc09ba1956901838b8ec5f2f59d1330031e53173da083667f3d02ae2350f5f5ef075414ee58956ec60bc318e2c0f0d9089a9a9a9a9a00000003e8a771b09dcef62299b6e6d8cb1d6f7e4fa23ee26ccc32b8fdb24c20933317be827472fcae966285420f48a21e6cdca4cfe150a84735e6040642bc4bff6517bc0762656e63686d61726b73
010083165d7b7aca8cae2e21828d736e06f700909b9bf35bd25ea473f8a5bd94193417de118576798b0ae6dcdd038cc1313112c635be9409026a22eb1c08660805eb4191cf989ef444ff1f6a1de2f31bafaa906ec60bc318e2c0f0d9089b9b9b9b9b00000003e8b397a16d505776ede3bc9b7196079d93f2188ed1f5c27ecbc5a48e1be3f888ea62fb10fe69acad7566b7b526285ddb67e23b7d42990f3a6fe24fc1c3868d2e0562656e63686d61726b73
01008bd696a70231346e49df7b1e1d08e9b8001e674d9f2f8b073f3f062e190ddd53a6dfca70d50bf7c83d438615179c60b6157ee24383c48b3f09ef3f9c878b967217e528e4903ecf0ac1153074fe105da1036ec60bc318e2c0f0d9089c9c9c9c9c00000003e8df71bf3582a2533b5ea00ba57cf5df9978643c2205ae34efdcd15dfbfd9b6f9f18c35cebd2cb31cfe1fb084e3c9e437d01b83f57ed90fca1b406c3864fc8580462656e63686d61726b73
0100822e284d3c656fc4f7325794fa1d2e7e00446e5080171513a59ffbf40bd6a9dd388de4347afe92b00bde8d7beffec05e752084a05f640477fc5927b9fa569775c7c954164456a39028ffd5e772c16a94676ec60bc318e2c0f0d9089d9d9d9d9d00000003e8926239a5e8a6a05d1c9f66e67a980defbd44b4e22a23bd4f1370a2dff10642371c12c177a6b88bcf1462c35342a70a298da4decdfe751f408bb918a0218c0b0862656e63686d61726b73
0100be9401f9516cd5602832d436e201c2bc00ba3710b9e444a0903a36c3d38db41c4a3a2833c2375937c6137cb098c0cf54127a698fc559c7b875cabcf1df8d6c59aeabb9ec93d4e590f1257ceafda81cd4d76ec60bc318e2c0f0d9089e9e9e9e9e00000003e8f22d85f2c3036ab94a372fc21f0b22d0693378a1fee7f123df9b31c89a515624231a9d6708d5edeec8a13e3a7e592199deb50df4498b8a8ecb2444477c24bc0b62656e63686d61726b73
0100eea01a9fecaac7d90376856cf47074e300a5e05f5b60c1a0c193a86e651afcdd5993e3c95e0e11c050cec8f6caaa634719a105e9af1f7de0667c4ee7a37d9ed9d3ff5ee0c927c319fe691363b7745566d86ec60bc318e2c0f0d9089f9f9f9f9f00000003e801be3f8a2ff6e017413f80b973110d318f7aa2901aa42212a2e85e8ab975d2c318edc5d5820f10913f057360c0a4548781ad301c925d5a6cc463dafcf880ff0f62656e63686d61726b73
010082828996841d021a5fed3adcb56f86c00033601e65848f594c349937c6336161e3552a3d81f4257db4ba3c864198f62871f637049219fbdddee2b8bd0044e2f7a85644ab59ec4c8a13ca0289357b6325e86ec60bc318e2c0f0d908a0a0a0a0a000000003e85f30825c29a8754599829f7ac203f1ccbb8f2372abae936b7e1b38fb538c1b530fbf6fbe4428cd8536a3b7d90a6a472190af67167246370c43e5ebc2fb5db80862656e63686d61726b73
01000d127351ef40604279ae5949f70fda6b007910f82f847c06f474b3e787d8f9e9de69dd984d6be747e3212fc7a3a77ace01e7fa831d4356e1783275d93a6b28a7942811f1dff95c045db7c68728f1565b2a6ec60bc318e2c0f0d908a1a1a1a1a100000003e8a44d74937a45c7f7fb28c3c4604125a8217839447c69815d512863069f2a78b60180525718d85d8cc358710759ba1c1186809fcdcc5674994dddfa3a6206830862656e63686d61726b73
010096eb0cec47ce3f11ff82e188d71f628c00b0065f2e4d5d5b75747f1fdb1095d7df397253123bad2cfd9f3b06d151922533fcec819edff3b413e056075926c5e0378a908ec408d3359bb7f1dbab0612372c6ec60bc318e2c0f0d908a2a2a2a2a200000003e8a4da6d5b52ed7d3303dfe89f924994c23c80d7cb0e870c6fbca92d82318f1dcaccaf112d4f35d447a244899f09b2a32990bcede9e45d08ab37e9e2cc94f4010462656e63686d61726b73
01006fdccb7f433c409a22fe2318cfd2bc61000edbfeec5f748bc96efd1ccf7b484f41829a7205e04e5b7b3d1a05d24f382a23aeb9c19b9cadc91b11ae38d79d90b4a7fe4ffc01c7cbdbe191233378135e8dee6ec60bc318e2c0f0d908a3a3a3a3a300000003e89e059b54fa514326021d1aa68e70c6e23de0f5fdae3d112042daa87d412197e93079a10c2b44f4d05313ae034a6dd1baa00c6d6ea1522b871ed7c3c30c6b240c62656e63686d61726b73
0100de6ea895396d5d6ee3cc7f8be4b190dc00ff48e9bcf8daa5c7daf81def0baf6c6790759b2ddd599a1ee8e8b99606a31018142e0c9fb0f05a9f15c0dc7346e379a296db24144700523e48b56d51e9ceae346ec60bc318e2c0f0d908a4a4a4a4a400000003e8060773fd7f6092215bbe23afde563d99d54afe24df17cfce663c41cdc5d512ff374b644e6dd83a058a66c7484ed40e6815fa699c7fee22e87364dc4b2e26230f62656e63686d61726b73
010029a367e599823bc5e57e178b6eeb66c400b0071795e3edcc4c91a74e33856787234d72fd3625d35885967b0e1bc62d7069d4ac7b17debd4790fbfe7711962f5e2eb03e73ee2c2e7450bb7747a6c81936ff6ec60bc318e2c0f0d908a5a5a5a5a500000003e8811f286c3bdc1f5312b10a627d778a6e02047a5e5822b096effc29fc6d5f2c8ac6b29bb46a8c93d11a8b06dd14986575b117fe39c49f3bc696e9b45a47477a0862656e63686d61726b73
0100e92fe1a94a4e4f23e44ea16b14664b51000d8789818fe369c1f14f70d9fe648753a813488eaf20cc1f22c80c52fceb564159c611936b209c26f66c5e5c146d09c511bd96cf383a7585e6f32b811f0bdeaa6ec60bc318e2c0f0d908a6a6a6a6a600000003e809cf6d73dd50c3b5383a8f2ecbb1291cd129141cfa3bbdea955670adfc83e8dcb9d393b3641066de78a4c7cf0d363741e0ef3fac9d55cd091b5339cc43cd1b0c62656e63686d61726b73
0100e3ef96622635e50645c990fdcbc872430078fea751ae99f76588fe14da21ca080f1df732a01b6e0a957f33c7720c6e640e161cac858c2620952bf41e8cf978ff577b0fff7dd3d06937279e51e9439258bd6ec60bc318e2c0f0d908a7a7a7a7a700000003e89e2de14f702c02742361cb7ea88140f15cb6e48051515e2dde5f904def5b0379ff6ca30a5dd3dcf43020330332661093de6cd747b5f04cab7600f4259ca4470e62656e63686d61726b73
0100bd31d32455e0424ecb903fabfe996c3100ed8d71ce9e62de7ca445a7b535eaa4cb0a62a75b0a9014ddbe35069a1d045b03379f34d19bc6e2a0a244c8f52b83461abed8d5f96cdd8e5c182f52e8221d5f296ec60bc318e2c0f0d908a8a8a8a8a800000003e89990bc447615c56a17b902c21a31ccd01ab34e6b5e1cc6c92ed09d8c7c6e687d1179c75190c1f2f198734d5fe35981b6f1461fd6497b731b5c5f7e32cc90a20c62656e63686d61726b73
010066364028b8eff48945727d1390b6343100eef276bcfb8df28b4fcec08fd24cded0f075f6ad73723ab8b129a813e440b81622356a2d30164e4ccc09da4a75fd7aeff060927dbe8e89faf68910cbc8573f1f6ec60bc318e2c0f0d908a9a9a9a9a900000003e8f7babfcb1640096e4440a8a1b55c3499acf654351d7cc081c8db014ca5a57b3cbd4102157e4e8da600d4e8edc2072079a7f85429d543d84efe88c29b52d8450e62656e63686d61726b73
010021720a7abc4de223c58bccd9e5cb510e00910b6e75f71762e3e46f10528f8b26a5d644389b5e70a78e9c5b31fa7dae471570f211b5334dea915308773aed4ae5f8329bba0fcc075253ae14c848f951de126ec60bc318e2c0f0d908aaaaaaaaaa00000003e8fca3b89e8056a414eb1669f54bdd4f03797728be0d54b82c504cbe63b3c74c22f06a750f4024ee2af0172c47cc6ece5a4d3c4c82e7ed58c24eed6f6718c6350b62656e63686d61726b73
01005287a6e936a026f4b4b4fc5df75010a1007349cbe059e86e4819679e8c5ab10bf7fd078c29a3928995f1e21e13edef4402f3663de9eca675ab68a3a34505b9d4dd1f19723254c8706d4e76c65a948bf3286ec60bc318e2c0f0d908ababababab00000003e87a685c15bac7e6b0b03d72a4fe279e8b27b4f246f55b3f606c19ead1d61799afdc7509b7bb887abcd746af181a4630ef4b33483b93adb5f50117c18a2d8da00762656e63686d61726b73
01005e7de9ebde93a197938488c5bb439822007ec4dcb35f758b4ee5f78a9db626eeb85a19bcd98bded6d094c2d09af6644d033cfa9d15398fa21cf72e83b8e83fcc3cf500896c18732cad26020a189ceb35f96ec60bc318e2c0f0d908acacacacac00000003e81b7c9061e6a05e89e14c661cd47712bfc5c133245e4da87c2bc7145426e8a27334f89cc78bc974403216f9274085a3b66fbdb2ff45fc4d7edceca644ee0a060662656e63686d61726b73
01000f93b3b501f77d69b8f82a1bcf11cb3e000ffa5f4d5ceb33f03baad44525ff5481d032c8ce19916ef2c1e2b1b349718a19affba08f0657ac105016489d73513de7ca4a203903731335fc7bf44c0334956d6ec60bc318e2c0f0d908adadadadad00000003e8d1af79981427d78fb093dac6be2c626e12032482f3784f12748d167781366edbd7700bc1b95494e26bae005acd7412375ca48b62da482db1f9ed9db9a030c30c62656e63686d61726b73
0100c9c08f243a9ad609f43443080bee418b0009024e7b86458dbbeafc0211358a9aaa05b636be0954b5bf6fce5d083bf36e494c9a68e65679d09f474d7acb55866cd4656eb6c77702caca997265ecf456610b6ec60bc318e2c0f0d908aeaeaeaeae00000003e86e84d21ff5fba36d21d501e1fe58faa0e2cde72a668a21c753ab8b4729a30c680dcc4051f99fc4a94aca016654b59af4c443a8196183d0713e49291048c2730162656e63686d61726b73
01005406db1f2910b3bc9242f13ff1d0517600ecf527efd782e481c4181e9e05884bee2db7d0395a12347ec9a5de9eb90ddb7cf34d1a1168dc0ca1571965be128e7e376be10d96cf9cfa4e2eefe4e8dbe3148a6ec60bc318e2c0f0d908afafafafaf00000003e874bba0d4284ff23f3e1ecd91bb38b3fc426f49bad56e0e943619dca0eebfb97440f1fc84512c19257697dd0ec9a8644881534cdcd921c3af3db8c5e3d482090362656e63686d61726b73
0100c3b11f0c8ba5bcd72315de43705f0a79000d2afb9e6486be0547a99c5e737b7d785291d589da6cb41e5fd4a94262b000753ab8308035c00ff7aba2f8d73b47c955b3bb64c9777a9bf1ba4bedd93f9dc6a36ec60bc318e2c0f0d908b0b0b0b0b000000003e84e9be79878844fbda1d9f3eee4faa3bda325b93510aa26d25564ca7f09448c917ddabe4b01d0b6f7b80a21e179934130c21f98bb2996ceec343ffe7ad44f870462656e63686d61726b73
01006635f7fb98c0150f5ce6dc0537fa943f00ef0eb5730be9fe269dadb0d01e18444166ccf683957913d13f1c8d08df53604e9c15c00d4b77fcee649b230ed8d107b47db36f5f511bb2311747a02385ea128e6ec60bc318e2c0f0d908b1b1b1b1b100000003e8e81023ce175e64929f133d54ed3de3a0f5fd506869a54424f82e404d50c5ed750f92d5a83cbf1c88c19fd89318349d92a0287d8d2bad0414ae97353fd3be8d0462656e63686d61726b73
0100432681be40f98481c67124e4ba18bd9600444e58474367ca281113010ec44ad26a92a67b915bab4f323666731e5c1ed31b61e4c803a55963452c1e5307e71fdad78d99b33219b054ff2d86ef57cdb7294f6ec60bc318e2c0f0d908b2b2b2b2b200000003e8e622edffc1858466abcb8b885c07a8ab7613321673461a65f45f2554a36166819c5060fc00d9166292e4a575618e90f86ecf7bf0ea2bb7987af066a86e589e0662656e63686d61726b73
0100fc962ff22d4ccebee2375a94a61c2db20082bc861326aace2096b111430f4105666645b0373a502a4523e2c8100698162bda7a1d13682a11ed95199610e237c6d633bb616ed08e8e262720b70e8eca69786ec60bc318e2c0f0d908b3b3b3b3b300000003e8eb62b9c5f6e5dc9c2008acbf5c4f566dc47d8033a7ef1a86ac094770d8174504f15ed1f2ffaac33fe95ef41f82e552dd79760fcd39e4fc12115cc8254610060562656e63686d61726b73
01006aa604967427d536fbd624d77e24861a003347175daa6a17e8d91c120efe45d4f8c617dac24200b5b2456b7c3746f11c11a015fcf3302a4561521abe3af171e37db115306fc562268e884912138e4bbb316ec60bc318e2c0f0d908b4b4b4b4b400000003e80afb74abf052c486b17ac7d230e7be07b345118da2a00df47f03bc98fe2548278c29e0b3c6c6457a6a3c45a5c3ff0fdb34a176afb39c6f72f19a98258d61420962656e63686d61726b73
01007a05b86777c3d2693dc4882c9ec9f19200214fbeed690eab65f8d9fa8ccbbb22e89b0e134cab33d1149afbadaca6568c66121fd89faae5b566e0120d56de1102c81a18f702f6be2b13245b15314aa165b46ec60bc318e2c0f0d908b5b5b5b5b500000003e845170a6268f43c5061fd6c9e8d2a1dfb32852cd170ac21c15049937e55a7d71daaaecbfca9b11b5ce4b2310d333f328cd9d5e443608b4df0bbcf7bbc79957a0e62656e63686d61726b73
010052f55a8066b882399261a8a7dfe66b3200e5f9f673978c4ce908fb20a46e6c003eae6844657772dceb2b4f1f6d31f6b6789847b367e6e8e7c032c5d653ef4d8a636d025d5f880c2e1136849a4dc08e7a536ec60bc318e2c0f0d908b6b6b6b6b600000003e8254141e9ef6060f3add6a002aa820c8058f3c774697e264c2a34de79af38b1ca0292592a0958bdf0bc4696653d9e5a724a4cea194ab14991d96677db870dc80b62656e63686d61726b73
0100155e7c7915799e349d63eb4bc8072c70007a89df0927af3abf5ad8b19aa98e6ceee654a90a48a1e2fb6deb31119ac51d7301522e0c9cb21f12adba3244ae15bd04f18fdd55bd92389febe05c08f8de242d6ec60bc318e2c0f0d908b7b7b7b7b700000003e804f7eae8751aaa974541ef60c21200e3e976516f2cba02db22c9d61fbd56305b44249b6861e43733e69b7bfef90e25bce2a07c8bb81f9a4fde4ca488f05f820c62656e63686d61726b73
0100e6a56e1c4a893382535b4f99f1d32542005fe3a2861c5444e195bdccc5a4c72797bc081d83a2bdf30e0c4fcd934c04aa52ea390f6b16a4edf0457af85839c3f25dffb2449bffd6df168f6b1a5d5cb47bc86ec60bc318e2c0f0d908b8b8b8b8b800000003e8400e8741e93a243578b0642d24feded8763cd5b101182f8fa6f0ca90eb2a33a309485f2b8197a2e3851b006ad9f94d586f7bc7785f7921cae2cb2552422b1a0662656e63686d61726b73
01005dd681b051744d29f18317b31cbefe9b007be9b9e63de7d6fc1e8f2a274b5ce73da4fb8846b620d355b9a812620a3034427d6957a79753be68a7a79df55ec0c043f4afd4675fc4c12dd803a6a53ae7c21a6ec60bc318e2c0f0d908b9b9b9b9b900000003e8e60f8fdf7f02d22baf783d9ca8725105ab34030cc42fb9672cdac1999ceae131997654c9eedfc93beacfecebba4e15903b628948f44f3dce7c6192c0c9b5ee0462656e63686d61726b73
010044fe33fdb2ab5c9b4ea550a3f9bb4e9b006d5e244550add0169662ef6470b7b3821762b96036bfeaaa92b3b6623ebcc465ec49ee7389900df939665480aae72bff0dd5b6ed8079fc87bf61ebc3aaeacde86ec60bc318e2c0f0d908bababababa00000003e8e7a5298d172a83bed00fdd89dd122e9fae645b196614ea875e4fa27676e3faceba93e849e925078b4b3ae51cfd13ce90260d642dc86c951752ba07e520a87c0c62656e63686d61726b73
01000ae45d59ef2719bc7d9114d1c09f16b0001720962e2adcad972f4551a81b0223e2e28724e49892e5983e0e79b2b902bc6a5a4cf0ba3ced2a17b9693666d31415271a773bb016faaac8d0aff8e9928523e56ec60bc318e2c0f0d908bbbbbbbbbb00000003e88499e25fe8fcbc6578a0dd37a9b6249fe22085b6697edf0658afd8731f93a168e035fad423c2ea9b174b99d9827b82a6c17a687b58f737cfe4787def48ceaf0762656e63686d61726b73
01004d100ba25a88239dff1c2550559a49d5002b190f23b7027ac8761571471032c5c02fe311bd0f3feeae023083993c9b5a6d339832fe6503de7e26bd9bedc87679d9d7b574f8197873029023118a5afedfbe6ec60bc318e2c0f0d908bcbcbcbcbc00000003e8e32e488d9e2e7e74b64086d935ed1bd6eb54b3890fbf6e672323b2b91f7458aecc0822ac124c1b32f3b46fd00436a08d591f960fdded8a607f4227af0c27ba0962656e63686d61726b73
0100a584adf97493df8ae4df8439fc3c0338003bb4236e7e572e8fa6206c3a2c2c7369d662da79e6c95e71c56e584c4d165e6579e8fbbddcd8a03f7984e0f08316368529fac455778a8e66c467e61de0a5ef736ec60bc318e2c0f0d908bdbdbdbdbd00000003e8838f608c5eb509d8ca842e0edd0d4bcf0b5f4df7032b2297b7334c2c39e91dc1c442dfcbecd4b728ca3ddae4a3bdba3def0c042085cc55797ff3e6220c67aa0d62656e63686d61726b73
0100c30bf0755c14c7055a188cb3f575f7ee000e1d1304167b84146bb3107c797abe0cba9629f094ea16d4948907005ef12b2cd0a780c10e6cb640e0c5152caf9bf46b2209f9896810a35871e80ca6ac0232d86ec60bc318e2c0f0d908bebebebebe00000003e89401e96bb698b77f7cb41d98b39d638dd2ed7eb4609240348c695d7695a32a7165f1b619fe184f15f00ef0de1164fb79e5c8b5290df6a6acdf7c7e953cf6160762656e63686d61726b73
010028748907ead46b06601118da08221f8800a83506ed4866ad0385c3fb4e4a5fd6279776c4e491b2cd4c0c83e349c191254180aa06592cae8286b49f6f2c39a875fa2c1d7d04d4bfbeb21d6d10c7abffc1d66ec60bc318e2c0f0d908bfbfbfbfbf00000003e8d776f7bc9839d10ada167efdff32786250406dd6d3eb30654d50cb77d59119ca2c7cc3ddc553db869b83d7606242365204d6a1959315cb0cce1ddbbef518210d62656e63686d61726b73
0100314a0ab2206dff5d642d2e78316e723c00bd0378bff0dcca4e826817149874fe82dd7f6e4c3dc79ce9f82ed302fae3f12933e0414e392a4392ef10c9650501f11384cadce68db43401acfc46b6655e38926ec60bc318e2c0f0d908c0c0c0c0c000000003e8822403ff29fffe78c756b32dbfa513e35028cf8ad96b0ff29b7151faffc8be00fa45dfaaced4209f6a437ab119729ac7e3758f60e53e38217b96dad8ce42540f62656e63686d61726b73
01006533baddaba7a9aa841ce66320f2915f004650029df17004309f271b9416b0cd867e57fc8866d8feb4dbade48624b9f43488d4748e130ea8b93e534cb014fd460418431edb5822cb8a8c7e93acdf650b766ec60bc318e2c0f0d908c1c1c1c1c100000003e8d7e642cd54863a51b884116f9edeeaabd44412654fff1c9cc67185e41ea6838da3eb7fed2b0a917ef8877fcbb903777bb456fea737e2a04f568088b82d4b470662656e63686d61726b73
0100fb2358c8a6196535a330295146dfc9d100201e436c4f7381bd8cd73e2e349efbd4874d77894e3fcdcac9e58deb24b09b36b901f06fa621e20a60cebd76aad73f8fb216b5db054f789e28eae7053ef96b0f6ec60bc318e2c0f0d908c2c2c2c2c200000003e8a39459679c3699ad81c826443e23675cee8fbaf4e398905412f25964a935edaaf9cfef1c242567654a3da990204f17e9652424dabb0299ce9a583d4fde97030362656e63686d61726b73
01001c74e28aee393a6cc6fac5a8b698332700fef61a14fb722a247ddb267e91c5def2944f3afb0a1c6ce792324032213d5817ec557889bf355dfde73b08fc330d721565476ae8052be019c5ab2e1a6ece5f296ec60bc318e2c0f0d908c3c3c3c3c300000003e8614550a7ede931493931abee4c709977942503b01327fea8b25e5e29614f23f710eb312fa72d7ff656a5165c770918a865e4575ef2199a30716014a6bc397e0662656e63686d61726b73
01005af976152069ccbff56195eaffe81748009da3fb15e7746b4e936ecfd1e795316185b72c623043e6626cb723ee00e6111c0acf4aa4a37aa17be7ec0fd76e3ee20e8a55e582a2bd2f70b9bb0c15d7308a626ec60bc318e2c0f0d908c4c4c4c4c400000003e81c16c0ba480166ff2e0445170c34bef17ed56fc85660d0e8021a3f2a2ff95d87ef0efd630aa55325c6ee182b0555993a1622c2e7f187dc71677c2ce87431250462656e63686d61726b73
010075c915c440d734f92d24cfdc9a846cf20062c3a4cf2853ee083a5e812987c9487aab46d155f6740aa4edf4b87ef1591406e346825b62cc2c77cbc74d1041326c194e48427f27451caf6d1586af32bfec916ec60bc318e2c0f0d908c5c5c5c5c500000003e8e1b79f3eb328445c59eef6a365c96d5fc5685b30df4db561f0550d44dab676eecd1dd1433101f498611d65d749b603c675cbc0b6b6cf950f18df911314a2bf0d62656e63686d61726b73
01002a813b6b19197829dacf25f17bf1da3800b5a8a94cec7ee33acb0fc1501b6180f147542e2cd41ff4cdf20ebcc1521c1b0be0ed3ab52ffb6d912a23bf9fea748c8122a4eab0d8f6eff2f11f27e585d52b346ec60bc318e2c0f0d908c6c6c6c6c600000003e83c223d20549d3527d0b3d8bc180e09209fd60849bc15319f845de13cdfd61e28053a55b565f87847c20b9d8d64018431de9ea7139cad72eeed8076d546b9020e62656e63686d61726b73
0100c6f46908ac0a4f84a52c6ace04fc269000183b6f96b072c3b25ef3ed51da0b1b035897dcefaabf8f53f5f86ad7ffc3a47496e3faf310b507b0c6e2c9f750e14250569b0067a9b62176917df5ceeb89007c6ec60bc318e2c0f0d908c7c7c7c7c700000003e8e4a2b1a2edb545f930be9d3cf398f16e46973d0baf055d574b33642d7c5d5bcc56fbdd5cc796047866b42afdf1dccff9f3ad2f18c8fae613acaadbb625ef170262656e63686d61726b73
0100c9c56433f4e803464394cba6601d045b0080eca1c3aa39a32bb0bcb215e59409d327d3211c2b22af672ed0f16c7b25f453d37f9b6b7514df321366613ff6e0784834f57ee7c0adb53f8e921153287aed766ec60bc318e2c0f0d908c8c8c8c8c800000003e8c35bd170fa1e8890e9b19e5b870382ba886a3c6b9f07160ee788b47eb44cfabd897fff29249a6aa6e008220880cc7050018efa1538e1b58398e77c553f64b20f62656e63686d61726b73
0100e29bb20b592add5bbdb4bfaf181f637a0056d33b90a1907627116fb8455125ffcd017e729475d0d8e393bb4627ab6a515bfa5016974beb231010c6e1b9dac2642744d48366eb38ae4bdb66b8d356d9089d6ec60bc318e2c0f0d908c9c9c9c9c900000003e8f8bfc40bbf4a63cf9cafad5f755e4a74146a5af79730fde0dd209d11a4d180f1255569e0b3c875d7b8e25710e1ea65ef3aff837be3cd982e0b91ec3e7d6d3c0762656e63686d61726b73
01008746e633c456e40289a131155887f57b0058d28c0c2ebd7c0fce485f65bf3cdd21ae99c1ee5707ca2bca9ad6af0c56956ed0e47cc6eb3f0a0c7ef19c86c8c8afc714cce678dcad3f9960518c9ed69277b36ec60bc318e2c0f0d908cacacacaca00000003e8ab545471ac29a0a5cba7c4f7027cfa89f0e2b0fa659d6a3cf573874b260cbf21f9cb0dfa220b452f2e62a4037b0ff04befae6795d6d3add528f943e9546e060662656e63686d61726b73
010023c6e431f581cfb283ca7c0d9c6bd9ec001b58a4c9897f8baffc9a44f5919441d2bdb2247dbf95e4f9e002cefc99d07c370b048b8aa528dc5c92dea2b2a180fa473642b796517ac43283cbd47bf5e8f4e96ec60bc318e2c0f0d908cbcbcbcbcb00000003e8274ab1c78b927c51297ce2dc5d6f3d2f5fcfa1b2b9f44b9231399e4415efa2b0092824b122a66c3cfcd84288eaa26a89d2e95277245504bc2fbe40665659cf0962656e63686d61726b73
0100272d5d736baacc3e76f8c5e8c91a5d980043b836c07904a0c2885f5855871035ef522000724ae84809e762d2adcf7fcb0967391d84ef3390f3f11d306b3358555c2906cc552f37bd5d239ad6aabaeeba8f6ec60bc318e2c0f0d908cccccccccc00000003e850d87a381ddc599448dbea9f4587932a0ed50c87bc36d56d4b4d451878c3ae5e16c2d988189238d951ece33e3fb42de0a91aa9ca4a2c7abe56438236cdfc4e0562656e63686d61726b73
0100c053205877a85b1e4439e83952be323600bd7b876b4261d4062ba0c3c4720c81757d50ac2221aada34c74ed186d822706c9b944b34c16c776d9a708fdfc489014f56428a58d5f93a27f55c9dee2d664beb6ec60bc318e2c0f0d908cdcdcdcdcd00000003e8812e5a64d4432ebede4e8af899564cea1718077dfd9f6c2530c4b89afde7e4f761866e824544dd150b5c03a9c173caeeb04a83d06aca67d3819d535a3111020c62656e63686d61726b73
0100d2695d10ea0495da13d8ea2d27cc0f2e00386da4e564e077b2cf457fa35407c747f9c1e605a18e7767ad1ccdec070a2a1835b41f319a19ff8a3a26d9c3f85c8ef99fd5cb3f21b3fe7470542715e58d5f746ec60bc318e2c0f0d908cecececece00000003e806f1642f69a76709aa4e5280cba36766773364df41cadca37800448b0e7b4dba0aa702301133f6027d2482dfbda92ce6f68a3224a951d31e8ab62cf652dc270d62656e63686d61726b73
01007a54b2d1e82ed0b02437fdad4a22e9810049c3d6de0d4c142f938aca407bd344f6773829039a5606ea1756543328232a75a03b8b119b4dcbe1a59ef8194809b41d3e6a7d20b1fdc00e8f9397d3356877016ec60bc318e2c0f0d908cfcfcfcfcf00000003e80df9b4a65ecdd264c497d9b70c3c74563e89b425618bac95c71886209c62bb9763d5c4e61bd8d5705b2308d6715d53688f98b7cc7a8b7765f74cb05366012b0362656e63686d61726b73
0100d7c9345d96bfb550ee5d70efcbf18a8600bc458387373d88e303d5857da061159b2c43b8d09d7348e0a8634499503a950cc7572feae5f17ea0cb48704b106dcb90f973d041f096e5ac3e3aa1c7fa02b0866ec60bc318e2c0f0d908d0d0d0d0d000000003e8abab8ceb46af2de60e9f78caa1689884fb8863f5cc75874c58b2452d8bbda5747d0d17479c5b495fe76433ff24a7f9ff1d4e5000a042a6b64e077df2fd2c580b62656e63686d61726b73
01000cc4e0ffde9df67cd09e306a613153f900b27fdf04f292504487cd495fe5348fcc86fbed042e28d5a4c74f9d101a0d362ce53677e5b972bdb168a64f32fa0b5575ac0c15c745a185137d800354162488276ec60bc318e2c0f0d908d1d1d1d1d100000003e876dfa8294edee5f832f76276cacf5d96cb98d78796e0168a734da268198f63169ddb9d70a40f89f03e8e61600b4ce9f046e7c28d44af6d849686c5eac93f670662656e63686d61726b73
010051d9bd075ecc9680b0a54eda52ae7fae000cd1b025c3a5af52853bec348ed88ea72c442402b6594bcf356ca872314f0946e5d24e718da784e4198eaa6dbffa76f129556b36ca2c880734555a9fcb5f023c6ec60bc318e2c0f0d908d2d2d2d2d200000003e8f10c56111d39cfdab78782949dc976328518d6d37885f6cb6a338b04b9a96500aeb8145074d31d7e3ffd3f6691111aa2f4583206ffb500b18c0bb5da6f33ee0a62656e63686d61726b73
01002b63a317aee2e7bf151e7fbff73e5f0300ab01b98f96e5e47b389a57a5e4a62b762e2d46824a4f055dabd0fabcea4ce6075423f513f162860b50a785d8c565c9345d47820287b88fdba56c695c1e5910e66ec60bc318e2c0f0d908d3d3d3d3d300000003e8cb03cc23620b8a7c5e9e9ebc6ee41911a46fc5c8797119f3e2583e60d73273a7554523295ad1251fcb32c8d5e234672e8ce1475c34119cf5230cd9e671bb010c62656e63686d61726b73
0100f1077c49aabc1ea4e60470d0975c8af6005b282945ae5c4d9fe409012a8632f17f93b2f8b6dd363e2b398e93ad78880133cab36ed82d9713d1099ac034d54ed4be3949ba239bd5994b696d1c89241a8d7a6ec60bc318e2c0f0d908d4d4d4d4d400000003e8b3cd000c9020a66f10264f61b4bf699455214f25214f376268361149140304e3994c6171e2c3c2ca36a8d242a15ea621c1ef6595a0f5f028d1d7932747dcd20662656e63686d61726b73
01003027f5abcba45002553f3645039d115500e040de5084fc4fc0cb705123b7d9c8a561c2da01785d031fe693cf54442c026e8d22b1e402627d4205242b3704069113403ea9783802af69597f9c774d851f2b6ec60bc318e2c0f0d908d5d5d5d5d500000003e895de44f42f9b743608e0f6bc2df77533e4f1f34043c5fcee3806db77f9b66e41e286ec78e3a55e21ef86cf0266d8fdd959fcafe2613b91848c08cac250602b0b62656e63686d61726b73
0100b933d431bf25c2989a3f824773bb451000e51529e225816432792405d141f479c75a842bf53ead2ec61fd66a90080def5427a5d8098591b54db5dc26ed8bd59fb6fd24ae96c26c6c68fc53caae0b5bad796ec60bc318e2c0f0d908d6d6d6d6d600000003e8053cf271a29836a5c8c0be5d8467e4c0aca970f2d53e8f9fa1c2c44967a3583b531fe9e0714c0762d889f9fd8f9b97f82c959ce244ddf27604c5ebcd1814e20d62656e63686d61726b73
0100bcbb7007ed66254eb325b20a6b6946d700cecf11e7772bdc280ceb0245f2448223180a469274f7c9e6d2a958e7fa9ccb494957c5315e5f88e6deb924edb874b8f0f0ab02a411ae679afd14cb37020ff3226ec60bc318e2c0f0d908d7d7d7d7d700000003e8e666932e237188a047f16bc48c64429dade1a94b7f73c82e425ac853b7081e9252d6088a7e99482779ce74d727af740e4f8cfa1639bdcd37fc742493d9a46d0a62656e63686d61726b73
0100f5237b8bed1606cab69bc03bbde60a0c0062b9f6d94817a78917c036fcf5744b7935bbaf769d324e3798354f49b570ed14710b2e05c85e4216f0ca8e0bb38cbf939cc64d9de3725a59c1fe949d66905b1d6ec60bc318e2c0f0d908d8d8d8d8d800000003e82f758c2a1f8303cf4dc6c6c15381e667e98e47408c9c88649c962b4156ced4068589fa3daa8f7140dca4dd38b3e3165357954f214fab4c41294ca3a570d35e0962656e63686d61726b73
0100c7fbe227c004325c8889393c97ec20e500c541a5fe03e227cee04fdce9b5158367b1ba7afbf4073741eb381a0b4f305949e301a27978e60564cf6f62096e7e7532edcea06e7a57f6d6c2e66473d24f229d6ec60bc318e2c0f0d908d9d9d9d9d900000003e8d0f85e7a76052cb1e5bc68a70a09110c8037365bc14b4e06339dc2ca69a5e11e1f82cc25849adb4ca0ba8285a93efc3e12a7351225f3e17aa0a03853f6620a0262656e63686d61726b73
0100bf4892a81c7c65aa3e7084f78e3170ea00c8c4e9e26e415d8a1cb5929f859e37e71f956a9b0462c16eba11f1d904a26d2f8734efae44ae6d11296c1698e8eb5e74d77ece1658813ddb95227548da1a50a26ec60bc318e2c0f0d908dadadadada00000003e846798f75b4bb0a0a29a92f19e0c93bc42038ed25ffd063068dd7e7a9c855e6f73382ee084ccdbc458c3f25a2abfafb9e247d925e97fafed1a0b3dcc735972c0a62656e63686d61726b73
010027c007082f48ad7b77d60ee470d7ba24003818d2bf69dd3febef5a78b8005a1a62beafc7905541cb2230b4246e51607a567077a0f0d3600afe78c5f9991afd9103697061f243e3fcff20ab875168926be06ec60bc318e2c0f0d908dbdbdbdbdb00000003e80aab9cef4584244ca8d06fabda8ad881f14dd1d1a3e41b514380818433048b10bdd556b798025d5d9eb31c3b5a5214b63d78feea37dc3ed075fae40f070cda0762656e63686d61726b73
0100706744cea189313512b8c82c4573b08a008be810188aaadb1d37ad47a248625b17fec60461b2366e3c73f50c512d93fb3e895b9e31ff10c51d3a928fcc85291a927e9459308f1cd03dde8c9309ad2f7ee26ec60bc318e2c0f0d908dcdcdcdcdc00000003e82e093a535663981b5910ef3142c038c4ef1f049f927078794a59d7e8345a433b673c1ddab900626242292e81e3e05c5f3bb5e98d9aff691b43b8661c6af4e30562656e63686d61726b73
010050b29d8736b4c2f4d49ae974097ce19200bb2a056854fb2b0914a2fa7cd12b5aa0ed810be6fff8eb952df9af233827632d5b0c53136d8f3d30de9c0f0efe279ef8eeb1ecd283d3fa22bfa84d30625eb1a56ec60bc318e2c0f0d908dddddddddd00000003e80fc4c3c9c49174521c879139b00d9c91bd855a8efa7966b6ee82317f9d94f2d4c7f834dad743d0767b117ed2b454455c587fe8fd6847d217210bca2e13fed80b62656e63686d61726b73
0100a1f23d1e146ecaf85c93caeea3b45cf600696a9fc7140fc122a27eca65cc4c62abb7dcfc0686f4a3a48833a7aade001d2d1a73f972b30424eee155aaf9c24c2c1c6d0ecbc2a9b021cec9ad2f56c3e69c9a6ec60bc318e2c0f0d908dedededede00000003e8ff9740b6fc6d9ee70176fd0036397baa3f38662272b03d21131293773dcc415295aba545c3a7fd4ebead92126a6aa1aa7d75437bdae9b720214f8e590d903d0162656e63686d61726b73
01003027a5c2fbe3eaa87e94da4a0508f856006b30d44eb54fdfea64880ad60e0f56f400b322a7de43b8d007ff118032c99312e9efb53641255445738fce9529722c45f180e6ca6cc55f525f31fa143359d24a6ec60bc318e2c0f0d908dfdfdfdfdf00000003e87a15c498f03455ac6094b8437810e7654c274adc838b1cdb012f6ae795ad778bc082b70b34fc1429b7cbec77206994c2c6558e56a034dd2c6ab7307a6547680062656e63686d61726b73
0100cfad6434b10c7c160882acf073a60d02001a42bd7193f6af1acb5e59a10911e706af3ec903389503f8631a24c96a5e0446c41cbb89ea0153ca9d95946cd7bfe54b75bdd4546875fd7c076c0a9453ea4a046ec60bc318e2c0f0d908e0e0e0e0e000000003e88191338ad58be5639677acea2800f3198e8cfbf5cd03502f1f8b1f20d69eaef3ee8f4f3ad88848137b3931dbabc918f79ee727fb500d0282720e01a41586120362656e63686d61726b73
0100bbd3c2dd6b86311ef69eebb3c674a0cc0019ff1f30cb7a144b4e5efb91ad56563d123f9e38522594909ea98e5f41d3495a186a52a6ceb81d4b97570ab7a6f404b7561c5e3ecd3d7d6546d58c7f857e86506ec60bc318e2c0f0d908e1e1e1e1e100000003e83368d5da6bac0701675a75c55cdd62b1f5764e4eca1245f70d2b4d0da05cab6329ed50b0970b1d227d99c2c353be9ac6f4fe9f3080abb1d48286efe4486d9d0462656e63686d61726b73
01008fe5516e5f1663b189aa31775f8a3fee0093836453b0e202cee103e541a396bb89a3773224c4c6b58d104487cd0086a875920a37a42179bb4fd407b5a5ba91cc6f4d93eeaddde569babd56a875dec731446ec60bc318e2c0f0d908e2e2e2e2e200000003e80778a84e5f46868010463d78959a51ea7e8947aebff3a1f82452768a4ef2e943e85b6179e73f10999f397d92cddfb9068b23057bea86fc679359e1a49b68b80262656e63686d61726b73
0100bd39e33ec8957860e22b47662a90825800ad423050934d833043d6cd321a7b8979f0ef55a869a9ea3bfab3480a6cac9c083f137fee665b37e5124ff6d91471dbe9db306c92a4125b5975e0db05f667576e6ec60bc318e2c0f0d908e3e3e3e3e300000003e880f8a0776f50089f14e58254dd822f6eec1bc5c4b4950595e87b6ff574eea51f50e4f733d9983dd7411ffe15020d6d82b183abb841749a470fecb40afe50950f62656e63686d61726b73
01002cd5a2da18b8005b9d54b45cf5e2292600456d18329a036cb414f35ada56bff8c796177b6bc97baa4caba56b2a799e921d22d18f9ef699a0b15fe88d9b09b01396caa9aa1afe322938a0084fa2722f59446ec60bc318e2c0f0d908e4e4e4e4e400000003e8728ab17f4113850672351a643fb099cec5ee48cd709cfdf2775d05e985f51d15950c41df05d1aaa9b0fa4b81b9c0e787b5c8a39e793da6a72ae59bb62504b30962656e63686d61726b73
0100bffe21197d513eed4c897ee69dcba95100327f48d6ba5725ffa4de718ae4972b67071d36e4317bbb8bc61275e7b1331f4c8ed01b48eb3fd513f7d34664a6fd40d1ee8f68efe1e1443e5e15a57a66c899da6ec60bc318e2c0f0d908e5e5e5e5e500000003e8ad9f7047761812904f00b9605a8d685ea3507b97fb7c4bdffbdb065b9c061e822973e936f33e9835d4e6c048dc16dcf54cbea13ba35573b2c1a11dd4b70cab0a62656e63686d61726b73
0100e3e57b8889d7e7d29a09c3f40b9f4dde00629b0fcec1e6c70d2483a7a74c0c9371825c7d69eb303d0d08329ab1e20c8b42e47f3957d9b7dc862d3e967dbd26af9ac056daaed28ceed873c29b4cb9f120386ec60bc318e2c0f0d908e6e6e6e6e600000003e8d33d4adaf928aa2ecfcb16a2c61c5588783666dfed9cbb7b9cad40f2d99c73bee13eda516782829a28eec013f4836a8b79920e7decc828c6e5cb90e74bbcb30a62656e63686d61726b73
0100cc572bc339eb25891a5b91d569118fa0002a101b2b0020454dc7a46e04cd0c087ae165c2b8f19dbb3ff076dcb20e2cd841fbf2d93dfd02c15ac2796c1a74472f4806f6ade4a4ff5de33d0a68406cb943606ec60bc318e2c0f0d908e7e7e7e7e700000003e8fa274e1fbfd3cb48981356bee30fe954a1bb1a4f055e656355a036d80fd44bf74e7096f566c55054931e16abcf869a04c0b45c79cc96cbe07193156e8c0aa80662656e63686d61726b73
01007ea7d02b955e75f254e81988d42de21600b06ed8a7bdb1a9b3133b7a0c1bab248f9374758bca56a380c22ac0437843e856ef92be4a39f66d055f5c6a266aa7d4b78bc186efb4352afa9a8ff7cdb99057d16ec60bc318e2c0f0d908e8e8e8e8e800000003e858155696cb2ccd0e021de185172b55d8fb9182bd43dd850994e7d084725864a40871a45aae745d21d360f78f5ee49908d996b1a526be611af39243a471ce500b62656e63686d61726b73
0100ee909ab66c74a0f435cd7a95ca8f5563008d65c52b495a548c4aa56e78a83568c8abc38671659f3259d5aad51067d0d46bdbe9013eee65747749f0f8d246e861569ad1869e420fab9a77d76212955e91866ec60bc318e2c0f0d908e9e9e9e9e900000003e8b6cc10dc439dd03d2a93506dfea368fad9dfdb4a8d328a3539c9f5552cf848b9a57d359f26c2243e87c59bc79e5d8d7814df4f08a80bcac391d1a5d540f9ec0262656e63686d61726b73
01000dd22795d4a2abd32720299aa5e093a500301f576bc8b74cbad9432f989804ef8e99a1bc1dc9de0ef74930ef6bad718601c71bd174a815062c0d7ffde99bb553ea2c75a1b010a30c588e427cddb54b03a46ec60bc318e2c0f0d908eaeaeaeaea00000003e83a59ce63b00ed00813399917d9ec40b307472e4b3854893077d788944804040db55bea2ad13af25de1bac83dacea91a4c6b658a189d2f6c2bcac3e74a049970162656e63686d61726b73
0100f5edf898da19e6451efab1a14f20a983000bd316a0b8e038fa4b50587ea75dcf3aacef47f669aa69dcec350da9f9c0f87f5c2cc00cc7b75e280d6ee87368db200024f25c20b65f653a75893b716567884f6ec60bc318e2c0f0d908ebebebebeb00000003e8bea67f163407f3aafdefab24974f8dd96701771a82f7de63fd653a805d38054a0349fcb149a3acecf7c978109e13f7fd499f8eab9455170eb36bb44821f9040262656e63686d61726b73
010092140c2f3030f08840a723ce5a049cc2003c862d1641954cb219422e89fb330b5c11a8cf78b9cd4cba1acd9624fb7d424e31bd745785a7ca0f8f01b71717a0e2cf9ec0fefc0ff4f47ba18e729118df8ac26ec60bc318e2c0f0d908ececececec00000003e8d4371249e5b5bcd5c23673fcad36e2b6b6c03d859c59c6333b1f7f1511d030de842787db297eed352634dd6e3d0f9570fdb30ffed8f6daedafa6e5d0d7b43a0862656e63686d61726b73
01001621c321ba607ad0c1388ee0ccad6b5f00ce24aa3a25a148a36c5b21d6825615480c0ab5ae7e95bef8e3991626203cb7695e8279fcbc32e9cf0eab1758c58f64a57ee6544669f6ed1321668f91902bd4c96ec60bc318e2c0f0d908ededededed00000003e80f39c720c403562e91232d8e146b7e71d5b69047a765449f6dd552e3ebae0c91c8986c880c7648f7dacd6d3320bb6d50ab4788355577a14f6a2b81b7f5d8c90f62656e63686d61726b73
0100723cd3c61f54ced1f09e59845b2cc66000d22d67a72df5ddfe52cf21aa754a68f82cd749e1f1116c21938125e7a292aa4e65fd032ddcdf28d81da59fc09dfe318ac78d7ba53e335d2af018324bd93488e06ec60bc318e2c0f0d908eeeeeeeeee00000003e8d6677e226657deed5cf5e07b75e5da6eba9a9afa6241d7b9fc0d7d53ff8d662b3b82da4f17af8c551b7499b7469885ff8550c454b86f1efbec45d1f8510b5d0362656e63686d61726b73
01006266de7446c2aec9766a5ac93f17a06000dfd7e28118462ee7c46f09ccb1b8fb58a962c63d08219aa69fe10ce79752e20bf4f631ed5cdc2025e7025518bc933d34b4d1de31c55b6dcf5c8701c9337c1ab36ec60bc318e2c0f0d908efefefefef00000003e8cfb56fb88884f9d392bb45b7ad9311ac74080e9ea38822c5eff68d0f885661cb4be366f42b7511086b2b93e4405c033fa94866c11d0ac35192704f9b0f77640762656e63686d61726b73
010092e649c2b0e5aa85583a74e7dce2671b001969459bb68cac014204aa21724b46f081f7d08053f488b466a1bf46c8ed9c107cad21a2c3faf99b60f6481f7fe74b946bed72865e23bacfd2d4d7510fac3a416ec60bc318e2c0f0d908f0f0f0f0f000000003e8906095742312cf0a08ba7d6083629426e648ffc2d9da747d278b897932af5b6e8e6f24c975e76dffa427af0401fc051e88345234413cf9f39fb60a4c6f2e8f0862656e63686d61726b73
0100b84bb027cbfa61634d13c0ab484f281200b7dae150533230e0891de3bfe2bf528b4fbc6cd5e0d1f02ca619f90d995df974607a9017b4dee98214d37777476534f657dd292ae27c68c039db245f3c4dd11e6ec60bc318e2c0f0d908f1f1f1f1f100000003e879756a6cbf71358c233c54586101f406561e15b588168a0c23fc2e02181611755ceaf402a280fe13262a930d05479eba8331e7c7c828c3e398ee03703d8c210b62656e63686d61726b73
0100e45a760cc3fa1abb29a7068e4b90849200b0213f65d4a2d51ad8a73e0dc8c6fa9d2d31276374ea7e1c6103cda41ee812511d8c4d3cb3a76d3b45b2a6bc202d8166530c8535b9d5dec4f8ecdde9a8e275da6ec60bc318e2c0f0d908f2f2f2f2f200000003e8ba4c150a5a183bde8ebb939d5a9b4e17fd8a387f59d206628efd5f74fbfe86076889a5f5689fdefe8f1d2e1882900dac93f1c45bd2658d260be6b9928f4e730562656e63686d61726b73
0100c9fbc40963c21c0ff3824046f6d1d1a800156860b5f7390d70bb0152732365513d119d62193c9f0279600d0a13ac19c64cab1dc5bcef57c81e16b7b95e5ff873e5ae22fd02df46dc460a8a23956e59d86b6ec60bc318e2c0f0d908f3f3f3f3f300000003e867f40dd88d7bf0cd6856bb91903e0898644eb2001997a14a9454a9824755a529085c074c5ac918c446e8f41a4aa6bf7b7fe34391a275432166472d8c9e7fd30a62656e63686d61726b73
0100ca40286b7f62ce782084e89e615d5c630017feeca2870e54e9fcbe1112eb36b2c2ba4c4b4d6533bbce9f328f332cf8c600769126636278d88c867703e081ebbb67f07ed2780d43abc56307972117952b1e6ec60bc318e2c0f0d908f4f4f4f4f400000003e8344325c5ebab1d6bbbaf94eafc97bea394ca194501c6e18db6fed6b6ddc344db02b57ed510badb7b916ad0aebf26c006da2353359a7c64dd264d5540a459300062656e63686d61726b73
01007bc3b7ca87bc9c59743e695a3bd148ac00b679f013d3a2c1f32e8073d9eaf3f8dc0997b42cc2651179542aa307c196a34ced48c55c69cf1169cba6cc9c53fdb5ed57c3edbc677be6b07cfa85a10f15c5df6ec60bc318e2c0f0d908f5f5f5f5f500000003e863bd950b979e23ac76f6d29ace5cb9399cfd21ae667d57e834d8788c6b0a65fd6176a37ec4efd3dfe8fdb37457fdc00fb29dbe9173c8618515523d74bf5c600562656e63686d61726b73
01008855a7996b9152c2fd4d2a0be208ac87006e6c51fc3bf84e765fa2ea8442b6459c194a3084a4c12046fd590efe3b35ab133ac99870319d4ea29ebb12bff22eb7ad77f526c95940e496f35b3a340ba671896ec60bc318e2c0f0d908f6f6f6f6f600000003e81f8eff9b599ef42711ddba4d4c2893ead5f4ba6fc3546ad4e1c6c90d04073b06c48eba03cad300075f7aa90739959475d09b5ef8fdfe46db8b7968fb8c22440262656e63686d61726b73
01008781b836b892b3e4bb78038a0ce133a600e797a09a33d91524ab3b9fc3242494ab41734c1413f8a0d2b14e2971e6a4be5d874a3e967ba41eca3af17348db4f3a88a5f136483549b8e16f7200f29628c3e06ec60bc318e2c0f0d908f7f7f7f7f700000003e85f932bc4227649ff6fcba502f2b37dba6396481343e77948b383326a79ab19ec229559706841a84238c6f32776764e8240a3f3a36ccf7acdcdb48aad7fb2d40062656e63686d61726b73
01000a33b396fd3321cf2e6fdcc7b5986ab100365fde0dff0111cdd5c4d46a2c927b9ce4b6bb1b20311f0381d435edb77e21116e419e3867b0330871de0cf17eb3bf7c789fc4af4e517648c509e135e69e2ce46ec60bc318e2c0f0d908f8f8f8f8f800000003e86a032380c1aefba00f907c7ee72897cc5ede30c2188cf416d9a344e710fcab6c8da6561ce06869a5b68adb51b91c980cec6c4b089496d19016652f030eb5d30f62656e63686d61726b73
0100e2377696dadf9ef8b4ff32653df13bbc001676c1319f87260a7147f22172ad7177d12330472f3b8e830ba502e10ffcce45b5383029b85208886b521729129cf4a3464ae729eaa95b7460a2aca94b4cfebf6ec60bc318e2c0f0d908f9f9f9f9f900000003e8974ae7479b43e81acb08c818c4d196e39e66ac9c69f364ae352491fdb6f42b8d9cc532e31e16db8e713ab8c6d7f0758064aa65d35208b0df0267b7f702ec300262656e63686d61726b73
0100c18cbab8b2d67568d7bff9ecea39186c00914cb70edb37e6215fc5f0f583ff556e6ef9c93e6cae9540c83494b80e4daa5e0e34aaa2236633738b5d6e679974aaaa0fb21e713ffbe7823ec4c365e0a4a7846ec60bc318e2c0f0d908fafafafafa00000003e8daa7b9a71002ac455ae9cc92b43938be7574b72db19dad2c90f200406dad9aa0d523d8ba9867ef08aca26f39654c269a94b1ef0f8fec178f3e7c1568b46f220362656e63686d61726b73
0100fa8e9213e1e41d70abd5b9a4fe00559400bee1f361b314c5f6a1ea5a982430cf8c7634cd05f336dc34cb8b10cd008f2f1ab6cf7d9179594f78e02e295dbeb0f2a2532d2c779187d4cd4cff27dd105ea1eb6ec60bc318e2c0f0d908fbfbfbfbfb00000003e8bc5a96cdbaf1f97ef5b384c76a053d430ef334d53dda791552c1ab9b5c24dd783dab654bec13ffe168ddbd48b6dcfb0227efb86e518839793ebdb4d63ef5c50a62656e63686d61726b73
0100b01cab5ac12930a3784a2fcc2678c3d7006dbae6b3ea2253279d06f501054b8cf0ef047447834baa157ce9b96f4d2e526736cb551fd602c6c99e5968467a3da374886b4dee9d241e83334c1d5fc7483be56ec60bc318e2c0f0d908fcfcfcfcfc00000003e81c64c1cf74e94bc91df2ea1d4e014a9d6c25af4d726e1c793508fed2aa3d477503aa3c50b7dd8ee0d18b01e8bf2577dd0172966b701548a044cc2e92df7f310362656e63686d61726b73
0100aa70cdc5faf102977f759da4447c83460088bc67850cc283608483c8d87581c92b616f7243312dbc2195e2d59e40dfa5602a519a29a008368c48e9634a31fcd12b815851de394cfdfff3284e2101138c4f6ec60bc318e2c0f0d908fdfdfdfdfd00000003e847c47452e65d85d8018b01a7d1e4f4658d35e9a29d4cfc9cf96cb2a89056dea9b0ad42862c05579dbbe09dcdfe2d34c1e7bb0ad172ec2ebe8c3fdfc93c6deb0362656e63686d61726b73
01008e3ebbf2c34b0b9c5d3d9c13c910e38f009626d79e75ab89fbc231ca7fcf9ad7a2b87fda147a26cffa916b4e443509de5e080e05ab54b8327d03bc4d1766322ec334b2eb40613d2194c389b97ba90742636ec60bc318e2c0f0d908fefefefefe00000003e8f38b0df2357187e0e75231a06f555d0ff27b91bec8da088f6454c0bfa8b4ba609245f6c787b73a2dffd0b19c46904b8d11bd742485a03a1de273fe8cdd7ca60e62656e63686d61726b73
010038c62c796bd9f9e67dc88c34c0d4cc2b00aa8e9ed48bb345c3bc5c70d5167d03eb9ce2134c260c073d4c5b9c6ad818d97cd24a891b3e248c58f9996a27bdafa34e0766b0ebdb03ebc660c8d0aa162fb9e06ec60bc318e2c0f0d908ffffffffff00000003e82ab434b9d861e790ae06512beff8bc8a293212332b5ece42a13b50e221d1284794b8236a82a1cb42646eab1f4c1e96ee1a3607cd7233ed6e0cf4a8ffe6ba530762656e63686d61726b73
01000e4fe460ec7ac0337315305ad52e615a006366381b4b82cb6d8ca27359de3a38160211bc9051edf11dc4d3b477bd5b897a417e5d0b9a2c8ec0ecf04d8898960ddc85ba2159aedfcabd25416269592e3c9b6ec60bc318e2c0f0d908000000000000000003e81a3d04894e4a3a2295c731362c092003923fe5a6e4404462c8db76d926dcb8951103d60b223c6146e21a21a032b3503ef61decaa741de77b092537754368cd0262656e63686d61726b73
0100242af075b651d0845b78f76c993d4834009bb1a421218889703f1369c6981dbd3f96049e9ec01c69a041336e266eb835583d6ccdede7671672b2fd22f58e110a153b236dc89d8fcea01da331eb390cbada6ec60bc318e2c0f0d908010101010100000003e8601fa62625203f93b739525a5d9d9b23109b61ccd7b441e1c5a831fb45866b5424b86d2387b782e1905dc6522f4d889be0a5d3de2dde0350bb58976befba4f0962656e63686d61726b73
0100c384a29cb239f9a0fc1d1d7716ad9d3000294f7a27b66bc437242cec446c8108afe9e110b5f7111ebe426693fa1cb26b4b2a5650c956b6c1523157ce3f88561b3918ee9a84649b6df79c2a46f3b47712aa6ec60bc318e2c0f0d908020202020200000003e81d4f70c21bdd489853b004d7f39e76302be0be476c9b423fb879ab7b4aa9109630f07d2f81b6cc27c5ec0fb563e8a2cfd60c080d2cb873ca9466e931d965e50f62656e63686d61726b73
01001a0bfd71f86770baa5d90f7339d3f5aa00528daabd9ab44bdd36fbb870b2bc42517ff2d8873ac758fc935e28b77ff16f49b4cb8198760a99171964ffaa826398912b527ed9a6459f0cfe08d85de01316806ec60bc318e2c0f0d908030303030300000003e8ef11f045670e6fab192e6eeb7801132719c755515b3e802505ead7f05b4ceb18e694e80cb5eacd79906d0bd84a94fba5b549a45653e585cdec93f73aeaf9e30162656e63686d61726b73
010053852b985ec3bb9b285923c18f688b9b009cdf085c77bacacdd36ec6bb363e1cc62fe181e3c2a9c134bb0b8cf60be18a7babd808f450380fd76998a6fffa7ee11dd8b55254c2c0d133f515ee0c634f45fb6ec60bc318e2c0f0d908040404040400000003e88c1cb9b1d5bbc2c239edbc24c341ae285a735d06843e84509df4502eaeeaa0e7e763f03502c3042aea2e086479148b63822cd6f3880bf811f9031bdf38f8290062656e63686d61726b73
010074445a0ba4d84cc4745b823f9c60a6a7003202b361464774c1b7f9c791a3348c0d10a2f72469ea80a51ad6a6b1b4d04650b20a08988671081028413d5d281f91681c4cf040a732623c0363399013c9c4016ec60bc318e2c0f0d908050505050500000003e8efc4c1721ff047fb74416ceeb6f20671424fae374caa81f2488d43a888eb2de69113c0ac5a22180427f27892d6dd2b7f0b2001579f3aa4b2104ecdc930d43a0262656e63686d61726b73
01001999d2c425aa2ede2d01bbdc146d12e800018012dd5debb68518900c156899ca99b84de12a71274853d02b0d3386daaa77e7bed753df1ad5afa001fa23905df6f5dfc78203e888b396912743a36601f8ed6ec60bc318e2c0f0d908060606060600000003e880fed144fa9e30dd97be01294960104c0257cbf4d3400defd4e3b5b12c88db18cc6995396eca94024bd1001c4ff58aa469b4ec4c76ea1c3bd235db42b03fc50d62656e63686d61726b73
0100021429c189a165dbd679d2aa6ae1aac500251e3f885bb5216e62228485c5abec2fd9ccea2a4b4efd918759bc8053ee60000f7c69893fa36824ba9aacb9f29999a99fa1eb7ddce52ef919193968ed58dcfb6ec60bc318e2c0f0d908070707070700000003e879a8f6f7dd9a9b36647c19aafc02ce9a98191c515b61538ee8083ec9c0eca9c68f12e099797737bc6d99e996d293d370de2e110e2995b9d7ae6a81bb825f9f0362656e63686d61726b73
01000c560dc33a7277b099a9183ba98570240090278e5c8338024a7a00a3c88e6122802e0be2ec71ee2473b35acebd7087285c68de498c830a0425a7618eb2eecf06e6938e327feeb1b906afe03961f1227abe6ec60bc318e2c0f0d908080808080800000003e8b6d526c12288e95f2444c627e1255d0f94359b74bfaf13bf3b86aac65445a875cb160ecf3b7ffb20d55b862f1a34c0eee3ec4a1d15f88b0163a573cd4530d70e62656e63686d61726b73
01007a636d3384035d84b6abef2425e646990096f4bc4918b655f2c0ca416a4eb19bb5f83e1e925ec4380d6d7d2b8a03421f29bbcecf515e243385c04660fb5a55d07f35a009fd46da02a934472cbb3b433eff6ec60bc318e2c0f0d908090909090900000003e8123bb91a8e685f6f7133f7f81a42946a384a38a5137dbc40c94349951d3a13543223e372a4dcb223a36b6ee2d09d52a0c0299c0d2294b1a2f5c70d45c09fa70862656e63686d61726b73
0100d209cafffafe83f9c2deff7080cb75fa00821184d442ad0915286e1e69e8e26ec8f5c038b8b7a8abc27f75b842a2460b1917ed9ff6c48a9478b8215dba4889c00a5235b4535da7c335f77ffa6b7b44ac0a6ec60bc318e2c0f0d9080a0a0a0a0a00000003e821e0ec2b87633add2b3fb2b479d7dd0d302d6e755ccc9515b2ca523e1c9e264feb65cb7608bb9fe23d3f2c27065f2549d74ec4ba27a0c3b70685df9a9f40920762656e63686d61726b73
01001721acf4ef72f79844f32ae4f88ac16600a121c9bd103964ff8a07d0459ae5b56fa46069ca3b87a19a38542621aa561c4674952d0343430dd6f69fd2de968b3fc5cbb5010d2d99ca60b583ffc25bf169856ec60bc318e2c0f0d9080b0b0b0b0b00000003e80d4c9a67c159662d9b7fb8af6c4b656339fb89e367eb567a0d09ba3c61288bee64470741ad2d4e2a7d62ffcd3b1ec7c09cf492027435b9bd272300e70c00370462656e63686d61726b73
01001943d9bca15ecb4c2c64a4bb245bd49e001ff273679e22a0444238b9b9f712c1d70fc62963d471a1dc25f9968e86287e17c4ff51aea54f89dff5b4a0b00237fa3404b08de65e748151304b6fff5c3d34696ec60bc318e2c0f0d9080c0c0c0c0c00000003e889205b478cbd2e7637c9f424c0ce3a1d7d364bdc408d001a16eb3c363a173a44d78a25d87e37d5f9dc26b1130f25c0790f8c70285a42b3e7dcafcf71bc2e3a0b62656e63686d61726b73
01003e600d274930ed306bb71c599908e8ab00d0caa342c8b59337e9535c3e413c6b6c73e8b221f05bb09dd34cecd78ee98165d20887522b3769d4ca38b2fa09f4e2c6e7bd4a3ca6b7ccb02c64f2e6f2a211c66ec60bc318e2c0f0d9080d0d0d0d0d00000003e88bcfc6d95d224e21d696502ec601a8d627db2896396da93674e1b91be79fd3ae5c47f77cd2e9e9fb681d50d45e4b9e58e70f3afbd8196ffa6f92a035474e860262656e63686d61726b73
01007eaab39f26862c8fc73a2078868116ec0043c0459eae86ad2ce491637eb6513b189e3bb7ed7d6c94a89beeb01b284726039cd012cb663c81292b611db43bec792506e9286fb6b4547931ee9f4b7b9333426ec60bc318e2c0f0d9080e0e0e0e0e00000003e8b0ab8c966924b20ddc30ced7cbedd974b649db8ab15a3d8407b8199e6a39b0bf3781a1ab138717174ad91762aed514d188c92ec59aaac2d5f49d404c0333a90362656e63686d61726b73
0100e7b1a08b8d09fbd6fde2210059916f7200940a2a43bcb9a5af6e130c505ad23f3bf4ee420f39a5e20379a26e567f788878a328fed7d406ba1596808a9ae5a388b05da2ca8eb939d478bbb90541019c6bf76ec60bc318e2c0f0d9080f0f0f0f0f00000003e8c000a2b722ab5600a343f2da60aa115b8fb24c7b8e15e754d56cf775345e16a476fe71f4fa53f17113fc3fe829fb9c75077ac342dfa3648bac4d07774969c20e62656e63686d61726b73
010060b3d84abf5de4a4eca928ad5706706b00342842c2a8b48faf26fc66b4838270490d0c2034a018835f551ff8a99d7a3606936d23e1aa0d5e6eeeba636a7b4ca332de4e8fa26156a59f80dfefa7e95deb166ec60bc318e2c0f0d908101010101000000003e862c3ba9b49a6317781aac7c7b21113ff4ba101664d4e6813581add973a9e1fc97911cc3b404e93fe7b357c8eaf4c1f463276bd02253a1ee2fb37eafc06850e0d62656e63686d61726b73
0100e2b4ffdfa206090a8370c1f99911f6e200720dcac47d8b21d824999eca53c462d2015885fe309df4302e366ad5860e5b22074994c4ac4598374f4c62b7cb01bc7bf0bc217ccb2c460eb28ead0143555efc6ec60bc318e2c0f0d908111111111100000003e8c1c0d22f0c34666279c6cc7d1445e0d9e84cd89d99dda8f838ed73b524af5b5e2720f094d43490f7aa8b7facc6d656932d85c0ac5ae93aa39ee0fc89c35d670d62656e63686d61726b73
01007a00514d4f1f044d4b9cd1f5e964b7be009638bfe2c5ff17165cc67c1549edcd1fbc9fce991842202efcf65c22ab8531523bc83c4d95d0ccc056d9ee42554e1c0eafa2e12c992610264149e378ffd58fbb6ec60bc318e2c0f0d908121212121200000003e82b39fa86074e00a29528dc45fdcec493d42ef78bd23a7aef5dbcb1013c9c1fe3ffab3599ae0804416e199c7dc9218a7cbf087ce263b14cf89610b8321607d80e62656e63686d61726b73
0100ccc1d5726fd15ff2aa0fced8b8eb2764003b682a9234206ac3802cbf5933b3aaae18f1b6615fd21c41a5f058db4f0e1d58cdb6019c5dd720a171ca15c40bb19f253c9f554cc58c61fa6b2bad0b38ada7966ec60bc318e2c0f0d908131313131300000003e88d3b1592ee900731e1922e72681abeebeec4987fb0a38da1c60e936d1295a55df2b690b07f96548771c281102953140d8daf5885885ed8b98e3f9133a5cf440262656e63686d61726b73
01006733a1fde161974e313d51c292e2c94a00adfcf4842bec036f7f4b5da46a7f4da53dd6ad255e64786de8a7b07c573e1e0d80ecbe91f6b5281c23b1116e51cdd88d49e011c364a03361067f39981d7af11d6ec60bc318e2c0f0d908141414141400000003e810773dbe13fea40841df88277c2ee07c331a5d528ce92b13d6128095bafa4b03a3d8f063a11fa5bb16273f3fd12bf47362411d65c3ca2f1b2beb02295711770562656e63686d61726b73
01005808df942f4d40ca02a02b847986f15b0040e83b0f1d56badc8f844b3be976384ac59d29977ec18d98b74be802e4c26e7fec3c2ba7cf8d28bcc777d5a1ed285eb08db4b424f656109dee34b4c90c86c9d56ec60bc318e2c0f0d908151515151500000003e865355cfad30bd28522c15b0a07488e8d809ead62f34abaa14ae5cf29504059ce073c933dacc90a0fa0e09b02c75679e8fdc15a08642683f007e2d055401af60662656e63686d61726b73
010054a0a7b5aa66659ce5535226587fc53d0073f6401ae33e39c0463598ac496c5bf9bd8470bb915f82032da1d7f5e90bdc789e06f86e95a3b7ad093efd949331debd0cdc1526c1b21ef7ca18cf375861faf56ec60bc318e2c0f0d908161616161600000003e8501c718845eba6c0e7a12572824b5a3490717a06e1f4f4d2df58646530a33652d4577a9352d35b464843cd7fddca70a3e23703e768e5ab4cc923d3b77860260662656e63686d61726b73
0100d7d61cca31240d5f1c235e7f5c8d35d4006acb6aaf5240c6a409b54e242f9d40464e9869e83ffa490d4dbf0f15c1d5ec48d01c885ed549e047b05cb14feccf1cff62d1d80a699685308b2ea517d50662956ec60bc318e2c0f0d908171717171700000003e8777527e6cd433dbfed802da127d350de49277af7c5241d3693caf7c08f798805fec74db576276f844744bdcc0a2e4be08aa37dcd43f759fe3dbe6ab2091ea40862656e63686d61726b73
0100884c1d9963ba8b49f8a08d29e3197ed700fc7771162990452e22accf12e350ab1a8a51fc87208e065bf0347a4a928e510a682392edecb43d655179f7ba73948c6506f73fdc99143e0405de11fdebc13f146ec60bc318e2c0f0d908181818181800000003e8ffafd7f66598abdbe2670e210ce113bc9ec14c5bf515bc6760f925d15d3618549410cbc5a72eeb98c064c0eba5fd40666c7e4e14647b50b3ae240c8b4963ee0a62656e63686d61726b73
010078781de7fe850c93c596e4be47e0bdfd00d2d124fd5cf5270ef9bf85a2919eac3ae17372383dc7a029dc63688b7b80566aa39f1c0db86a46bf0db590a1ef6151daab505bd0188c4328deb23b8424e7c8d16ec60bc318e2c0f0d908191919191900000003e89c9a080f975a14326bfd7268858c639e7af09226baf9285d5d4fe7f76b4307b61bb977e1e24d5a64c3e1d59bd4bba86cca5f46ac6b288dee353b4b290452d70d62656e63686d61726b73
01009037d379b719dc772cbc2b3a4e0803c3000bcdecc7854784851231e1143d2b4315599861e74c085ce6f9b1efa9702ce65ea3f6f16a8f2482e91d809ae397f7c6966f6dcbb67aec0c0f6ea5603b067ce9366ec60bc318e2c0f0d9081a1a1a1a1a00000003e8acbf04753bb0258d2f4e586cc6d5875888dde1d2f57b2cf0363ea9bf93b68c74bc2df06f5f9939eb7a586171cbd9f6f84a74c8fc48c9e674d69cf62c007f290862656e63686d61726b73
01002905dbf9fd4dbd4cf93d4943759f25ce00387ef0c2780e8f130038bb9ba0d6de830d755f16c2a5b93593c5eb2ea2bd867b0dafdf053d14f3b606378c3a7ccbcae533992c5ab816e99a8fa75c47248981976ec60bc318e2c0f0d9081b1b1b1b1b00000003e8f7573f241322fc0a0cc904f1409347f9cc2642381a6b338de76eb54a6186b4e9b91dd2234b0fd1de7e35bdc721a480dc1c79765e1a6fe52b8fc99d1ae1e0b60662656e63686d61726b73
010045a9a588f1b25eea7ab58d22afde62a000415ce36dbbb85e6bceff8d30be8dcf3b7dee828888460a8d013a77bc1b6f614095245b90281710b3f38c8cb36ac0a083428eba9a916b90e9559c104c7a0a22216ec60bc318e2c0f0d9081c1c1c1c1c00000003e88951b14e5da9ea293ecfd0da01638aaba8f50ad393f962f852c4fe853be668b7d3e1bf6adb1ece44376a0900758e40808815969534d00e5d1e67f243c7b7220f62656e63686d61726b73
0100fc419791ecf8fab29a55e16c720b2890000841195852ea85e4f172fd44b6b09916cb79e4d68ed90ec44f36158146e5d07a55b57ed139ea0c74d90aaa413b27241a7ef2bcae2ea68a053f9837faf3be84326ec60bc318e2c0f0d9081d1d1d1d1d00000003e89aef15462e4b5956b701f8e1251259132cf3643e94d092d09701a71813cdf375d98976aa4452a846ddf1d3feb7720aec7212ee19b931d3247b1900a066a7660562656e63686d61726b73
010090e6d8d04661a5da91acd688bb64ab3300e8fd14274457a39b42088f5b6de58b316b3de2ca21eb74343081b5de259f2a17193b7bd2e980f48366608f7bb95ff1d712e65d76542c4804e5818e56f5438caa6ec60bc318e2c0f0d9081e1e1e1e1e00000003e8365dc373649a329a3fd5de4f1668d5a4af37dba670c6494d94edc80823844850e7ee83b8fe33582ca4283681f24f910f38fc2a0813766982da1c413c42978e0962656e63686d61726b73
0100f3e92340483c69fb4a4d628741de086a004c36b4b6f39e08a09652d5783c5cdff21d0040c972dad1d746a5ba27d03aac4875d240e9538e5e684da35264c883adc5e7e7c88ec5d044fa051ebb910a84b3b26ec60bc318e2c0f0d9081f1f1f1f1f00000003e891f9a2b5fde5a41bbff3186366d1e980d0b49dbcc7c8bb53f15eae6041628d8f9c93c1484a49f1183236c5cb333ce79d13af14832d2ce9be7595e37c30fc3b0d62656e63686d61726b73
01006ff79de7cf7058e5638b2dcd42b5d7d3000c989916f1c062b112c0c6f1e4a8357c011b29e4b8b6ca7548e1b6bd8307757318f8c2a15e8222f5969cb907291ad172f3e9afc591377f26e81151189e64890f6ec60bc318e2c0f0d908202020202000000003e89de32d5e8eab985dcc22eb36d40e6f01f7a1860efb9090a7ffebcc9cbe5894a4b07d185ac2a962e0a33f601f1d92f5f57c7745b570b54f3b61730b74146cda0e62656e63686d61726b73
0100084deb6bb40bc564ddeee3c8776202640005036aed444517b8701ff7ba8ce4e8998f82e2b974a90d4b070661eac007c76bcc8a86ad7ae072f7c6fac2cd36443ba50c90f69748aea7282f0fcbbbd7f957996ec60bc318e2c0f0d908212121212100000003e8e79cb999455a2fe3ea540988fdd86f6311d1f7e9fe384759abc54b7c27d0ceef2239a73da2ee469ba7cf0da41a550b1c51772f0025b4b3b0f9534237ae14490262656e63686d61726b73
0100cc09b20e2059d9ce41ee2eba3ec4ec3500d4c2cd5ed0ed9ac3621addd1339679b39e42b92636de52b806cce9dc032daf685baed5f06f3d4fbc578a382480b19e9d94eaafb846f744c374bc223e99c6f1bb6ec60bc318e2c0f0d908222222222200000003e8e167600ee7d85af788c3f23c0598062b0cafa594edba8894d113cbd5c6e4e5d46ce8eedf884110a66202a0b97583a4734de6dd6cb2381403ee46bf647a83eb0d62656e63686d61726b73
0100206b421601b439e31077439c2ba7352b0041bb12a5441076a197ebb2f1926cb6e02b20390d5f2e928410da6ecebf15f3509645f7052c6ef1288a44037f278cac6d4702b03f561ba1cdd90d827f071c5bdb6ec60bc318e2c0f0d908232323232300000003e8dc9606de740d8136b6a85b06fa149c3ddd557360fdbd8d321b158486716cf7e1f6ac5e24d5cc3d74d2b26405a43174c87eae61ec6625bf78af0c1518026c090862656e63686d61726b73
01004f64b479dafacdb0c5e52fff3699143600a6d1e5cec68cf73d29285e559e2f3bfe414b38b76d08e7ccfd73e5482f431c3d6eba4ba08aeaa656ee103d932c938157ce9b29285b4822c452da24fb33679e146ec60bc318e2c0f0d908242424242400000003e87e422a24061d50b98391918f9a6216783ebe041d50bf05cc5352fdff1470336cc78fe31e614067132e8d21232be31470e9f500e9baddefac0ed98b0c1cd19d0362656e63686d61726b73
0100e483a4bcd727b74104ca7de33989406d00622cd941b0bc89b38ca2b8183160a9bf850bf726c831d8edf194a806d7c6e06cfc5c4c76807b88b7f995b7679613ba3c9093f5f8480a987d222d1bbb4696f6c46ec60bc318e2c0f0d908252525252500000003e86e204b5a14293989dfd8d9ba8544b0e957583de887b52ea68009fddacdd4b7f089e604bad25420499bf5b815d7f10c602a6b7de7ea56568fc96b4a3094d2a00b62656e63686d61726b73
01001ef84b3ca3b14d300cf84b05d482697c009e0830b2dfc5218f08e8be20e89b1b336f22fde50e321a03a94952cdae158a3210e89a94c7aab6076022db2fd72742fe999a3fd416c2724f24cd97d6b9e76da16ec60bc318e2c0f0d908262626262600000003e8dfda7f0c3419a25f5d64418e9a17507192c5658daa5cbb58a7737c7e1b61a18edc5055565f884477a9ccdbd30b8045bc455ab4395d55af7cd658a313aea9160e62656e63686d61726b73
01009941cf7eb04190447ea0be1d471a83fa0069fc734bcd5bb00e4beb0a9cb64ab8a7db7ed34b070366c09267c2aa6927e569bb119613611a35325fe4d09263cbe06ebb757bc240564bb85cd093c3136f61ce6ec60bc318e2c0f0d908272727272700000003e8fdd1e69b5fd57d7e8c85cdb4caec053a1571392161fddd0bba1be4a7055bd85a9bba4af02a08055f866681f77197e42685aee516ab24aa12868eac22aee13a0762656e63686d61726b73
010026ec56a41d4ad7d9e8029451e3e253fa004b9678554e07a73e6f6c8a8e07c5124eaf31b382691144357d5be0adf0f02c03ed48f7201f737fbe5c4c0b882321e44ba7b80ce5c3b915fb64b3e6386edd76da6ec60bc318e2c0f0d908282828282800000003e81e434e5ffc0bb38b099a87af5672e6ae786eb7964fdc23b51557a1f658ffa8b8ee62eb91f1751a38b064cb38a3e4e40c8e3839bb14c8b68b22849533bd22810662656e63686d61726b73
01003b35b6d613990f1a2ddab072a4cfd5aa0021f1c8ebd25487ff0f4b89728c3ba795317085a54a3db11a892ddcf97d17b52b4db75665c1d448a18e44f04366a6613b3b55376f5e355d6784b7d7e8ef3242c36ec60bc318e2c0f0d908292929292900000003e86ff8ef982ef8806e4f8061c431c5ccb5dbdb634b02ee2142d067c76b716682fb7f1c30adfad4f941897627e09efee711e7e213d7483e80645e3b72e85cda9e0762656e63686d61726b73
0100e66412faba911794f6dd6054d0f9f9db0032a6859e38114b572fda8e2347f05d8343be15d357601ab597950bc6a29b0757ec6b5c525cc8aeb0fbf693853a0592ddb84ecf239bd4bbfe724e0162db895fd76ec60bc318e2c0f0d9082a2a2a2a2a00000003e807e08b464cb1f9d05bdcfddff3ceea4c8cf04c863ae87ba9884b67399e222e27c5dc63e983255651e31212840788af16ff2bf1f28c47a4404c36b5ee67aa380062656e63686d61726b73
010074d5deee8a8e67a27e8ff671efe4969a0071ff0e60577f1758ddd16979896442eb2eae75130706801c966ceb851b39c31834cd285b6dcb6ed66f01a5a6a12fa21a9f681002d20c0ec0ff16ef5de30dbda56ec60bc318e2c0f0d9082b2b2b2b2b00000003e83895821eb797ee28b4fe09f98eb4025a96c85d568e671f7f3b98304d0ea96a0e9aefdfbabe734d73c3dfcdee4b3461dda08cb15568ae01a14fe46c712d173c0362656e63686d61726b73
01005f83734cbc2956f9377a94e59e40ebfd00a8f19f41c15cddd43b2a94cd438daa8fbdda3c519233d608cdd20aad521f4a6d7ab065b92169fa7cd4f204b9a699b5630d7ae7f3b191a38926b6910e0c5efa126ec60bc318e2c0f0d9082c2c2c2c2c00000003e8acfc3f16858b3f7b14cbbd8c82c279b08bc63146f5ef6d2cd044f21143476b0b78c4a3106183dea69a078c7494149dc621778a3ff612a92a98fa10b3b66d150762656e63686d61726b73
01004842b96b0aa270a9bfe162022f8ead2e00e747a45072adb8daa455565c79169b2e0a1c33eed8b4abb096ac968d307a2512022047d9e37c79baf4cb2780c86ba1a6065cb44f942fa9d0126032943d14a7d86ec60bc318e2c0f0d9082d2d2d2d2d00000003e8c67279f99df6b0e829c20df656c691520bd642b526b54e392562c8aa07866aaa7998f926e3ebb714ec28e26199a2b4204f5b3256176a384360fb80f77dc9980462656e63686d61726b73
01003636a0e635a2923826cf03434cac35e50011b230159d5856e6f347d1f427bf8353e4d89acbba9c993f615ddffd4990726996c86a9f16e9ecf7b86f11b1fddb5b420b4ef84c41ae751b4412007d496215826ec60bc318e2c0f0d9082e2e2e2e2e00000003e8ad6fb89c01a38205b770b44945b5cf092ea2141e2e6898cddcba23563043ea4ded70c545a63208f650d030101bc21e1d1bdb7b58bc1e3778e9a120228939e80d62656e63686d61726b73
01004418b925082fc944110140d507e28e7600ea0b51954c1d27d8e5c9c2be0f6771c0f39ad0a71f33b9078a515a2ce958082e232ab2524298b05d9a7efc99f6215c07afd02abd51cfe9a160e812598e5af0ea6ec60bc318e2c0f0d9082f2f2f2f2f00000003e83132128c302324291827e22457f53b0db9c9454da9f1138c82f8592153ff8768c86e198dfb39972b8063116f8e35ddd9abc73ce1c9660f8512047381a08c720f62656e63686d61726b73
0100f95d64dfe7734152dda3bdc9f8cd946300d6d323120dd68867c688edf3d87adfcaba3ab16617b3178ee32145316d7f511fe03a4d6d499e8f3a98fb3da6d929f55d2a1e38d5071b3df313e58eeb18ccfa6f6ec60bc318e2c0f0d908303030303000000003e8c3bdb0848a33192f4c5dd8cde0f99f493704105519eaaa3d71a6a6c5048da96586e889256e2f18aa5ca44cbe8949b24414a9172e365b0b41ca8efe07556d140662656e63686d61726b73
010065549b19f02d53a69e94247e377cdee1000a568093b31364e3d9538378e4c196df12e84efdb0634c5734fa06a86e0c1a671cc0d9e11412660c3d3fa6f66e6e17c3cc8daf2995390509a65c9d305e0a7b236ec60bc318e2c0f0d908313131313100000003e83f6ff66719e9cae29b9697f9f3ee73fc856b4b82e3c2ec86a952feaad4499813b189b51835792bc36ea1a45c73d1a3103c01bfeb70c6ff5863ad950b0da4bd0462656e63686d61726b73
0100eb42d8117c0715e295b35dead5deb8f200a0ca633d6efa51d8ec792a94b71144b8af9bf26cb0293e7bf8c29bb6c65c387cf85ffe3d0b8c580d31fc980e26ca6e2c13a56f92f45f5507727ffcbefde50b096ec60bc318e2c0f0d908323232323200000003e85485657f21c810581abda4a32d78680ec7ef2f89176e395f77ae793a5903dd105af901e18295b86049675894cf1faa4fb7771547f56d2ae3e05ab9e9b62c840362656e63686d61726b73
010036df7f7d6f903c05954e340b3d243c3e003892c198c974f848bff7f59e5daf7b8ee14a548419cff14aef39cb66e51343378280121ef5590ab09557f6dc9837bd845d75baa6657de19a287d938ab7839ee46ec60bc318e2c0f0d908333333333300000003e8113b13657e38ad84632f6e7fcfd59a4a28eb71e061a7443b8a8f56b3d0829f4b45e5cc43f241c55b46d6865e9e9784c1a3cad91528b8781aa590f26843a7d70a62656e63686d61726b73
0100082862dbc6761932f86354c70ce87eec00a9bebddc18522f648461524851f99de5fde2147243615e570bad917fa1cf5c72dd7bdeed283ab1928a5b4b94ed6f3b8ea982f112f9196a090012b65a44a9f4ab6ec60bc318e2c0f0d908343434343400000003e8bf8dc4b0d2e5f04e065c62d9ad4ee031c7cd03c84f6b8ab3396fa8d681381ffeb43900fed745f70d7c7ee66cbd3634a2cb41ce17889c8c874e85d3f94b37f40262656e63686d61726b73
0100582e09dee7c23c7d6284e5b340c43a760022885b965bf085b993339f7055edd8c52046c6de0842cbe7ead2c8e695499a592ad1589a437fb2aa8016a384be59954e36eb01b6dc0639630ea1a6014b55463b6ec60bc318e2c0f0d908353535353500000003e81fa2eddbd5a07acc8d4cf19796c8e0b55d0d92751d621fe8bb3de4d0462da52e6f070ff5033644b81929962e7d8210071cc9dfaf8bc2f56a54c6f355b239c30262656e63686d61726b73
01002100bbed979bf60cf424445a814d12cd001a9b785e01760016e33fbc36ea4852c9d8b4e65cda6b1ec3aec5f5f5d5b6703e84a1e5b6d628af1154c34c84a7a8dc44db7333950f1b301baf70fe3d5214e56b6ec60bc318e2c0f0d908363636363600000003e83e42f19aad4db3138643d7cb5a034c275d89cc51817ede9812e0206f823b0766d9bc95cfcd08cdc1c560cf43162e52a72336ca1644b67dcee8ac3ddd00ca2d0762656e63686d61726b73
0100fb0d70e89616e21cb8ee2305c156a6e2005c74251e1312522dd8ce202776d3b76266886e5b0fea4a02a72ca4984aa27c22e4e632a664bce5dabd36199802d5b1611fd13d1bc89e6fda7bb7868d2e8c66ea6ec60bc318e2c0f0d908373737373700000003e8ff81cc2bd6d253688b72ecc61fed58fee9074f3e249518c48075c458ced286493d0198df8cb7584ce6d58660726e02d1ebdef8d1d9c4ebe852982b9e093aa80462656e63686d61726b73
01001b2afafc9fc9ef659239d91360e32019006151842f694a2a705fe897c5446fc0770f8a42daaffbd1c4c78e5e0b78c05c22bba7c5d5e3c3bb37d9d99aa2b8819322e9912f982fd04162b284a01ca00575b86ec60bc318e2c0f0d908383838383800000003e87f4d9f29f5883c8c71be1e2e1a3d46aaf64f7365ec23c21fadd5f5555e94cc3b707cd5078d16bb835b01054fbc5cc4022d34268df5d34d263190ab541ef20e0662656e63686d61726b73
01008698d1a5d0abc09786fb1958d4bc8b7200c23d9513315a6873ad228974d3949d8bd976b23a7301d536b460e59172c8485521ea528da488d891d037d4cfa882ec0c03a9288269ac60d1612dfca27f76793c6ec60bc318e2c0f0d908393939393900000003e8a600fbc85c9a767fe8fdcda3f6feaa3935302854cd49f6ace34e068f1aa5963027188db276531413a9f0006a121312e37c3408a87618314fad0a9ca3d268910f62656e63686d61726b73
01008e5dbd06e5eba48a5e849fb2b31cf227003b7d275cf50f7e28f26b057ebfcb6a4bc96731eb48543f856be139815c7e434287459d89631db5e84de5e5e1b92cd6982597886ff63c06823053040dff0adf826ec60bc318e2c0f0d9083a3a3a3a3a00000003e82569a8c2fa61daf040e24e4ea0bcb5659bbb7c735b7723e6fdfa24983a03bc4047c8bf03906adc6b1e3b3ff2f672b113b1a27a3694c8a62a6f4eaf2ac684b60a62656e63686d61726b73
01006bb2e8f5fe5523062a92a716f4f6dfd80053c4637808131551914121664998d73d1bdab2686ed77eda530686a09584cb0ea19c886e0da6e1a91d04ab15c85454ab58cace183381324f575da964c4eafb246ec60bc318e2c0f0d9083b3b3b3b3b00000003e89230b3b76e85e78b7ab133a6102975bc652ffad113cd61ced581d571deb19999a843b6a9162ffcac0b25eefa8b225f2af91c898e84b826d4c20f2ff1544e280e62656e63686d61726b73
0100ac1c95c62d73e7019ff14e55e819e0ec00d690c005bf265be5247ca99539e4b331bc10e4ae8c6c776da78bcb772f707556cdeba234e3970935664c515f2f508dcdd5c2e413c8547377da99451e91d00c1f6ec60bc318e2c0f0d9083c3c3c3c3c00000003e8e1db860f866afdde84ed2a0a8e5d232070a55808d484e5142154786092435b626c3fe4065f9e560f8963bc58b734667e929acb090c06151eee61ca4f74b6a60862656e63686d61726b73
010059090ebe5b46e427b788711e104a4b3d00b61917a1e9c0ad34ec35777c374d0e41e392cff2fc1f215e359f2f71a2bd322e1187d6443a5fc21bdd13985d049a1f612dd2370fe50e6d2d5e8cf55269f48f7b6ec60bc318e2c0f0d9083d3d3d3d3d00000003e888621be9389a39a7c8317b3680587f4d16c350537ca8ab716c039c02b7dff73387b258207d570f694e4be1cb207201c1e503a7157fb43ce7bcd77dcae4e5d90362656e63686d61726b73
0100afb47264d18b68c51a11b928b40fbe5a0058782c0ec8c498ea809d23efb0041a5769af7057332dab57d94e886eda36e4427db0e1cc13ec5ce99d7e6b4b378b37102f2bb07bb5df00d093f2ffe1ec22df076ec60bc318e2c0f0d9083e3e3e3e3e00000003e894e514517f7f8e6b09f301acdf8f89ecd396c00d2154c7e33f1c568f9f9d42d3492de8c5e94cfb24950da2de323be455f3a323143c41a58255866a50a0f61a0262656e63686d61726b73
0100233508bd024e66ea6396bb75ae53851f007e39392b61e9b1f4f5d2b1463a830c007253d1644e42f03f416af35483c0f00108727b64d18a13dda35d86ed219829069c7eb6428a5c714b0309f66aca5361146ec60bc318e2c0f0d9083f3f3f3f3f00000003e866afcd5c6fb597355fdb43359c96035c841a5cee6050b75f694e2921a7547cbc369a511fdf3ef446e0116a238c8d91ed7e7f352a3606d54d86fed8671b9a8a0862656e63686d61726b73
010069f683f08f34ed100cfa5d4641680efc009f6949e92259cd78fb4e19e2433ea3abc5fd147e817004700e2ffad5eba51454d2e5f73f421640ab4defa17503b9117a1114e60a05daf4b7262467c44a6f44136ec60bc318e2c0f0d908404040404000000003e8448e9c4c1f6d5291e3b4ed4065f8510f42ab61da67f64620309be1b5cbbfb11b95a18355efc3a1d30f1c6df731bbd3a94746be3141bb126aed4aa21fb8b9710e62656e63686d61726b73
0100de1316cac72112aac402ad02728f1c0d00d441d727cb2c05f88e4f75e623c33f91e10da29b9292329cf5d86275ea10381929570cf7a6150b025a68fb0acdb15956322600e03cc28ecbfdb44cf2893130bd6ec60bc318e2c0f0d908414141414100000003e840e53cbd471fa211610938583aa3adab005556e217ef60ef5ce0f735f207f0f28b0f12914e972348278a24e3477fce97307b7a46289d6b5163deba69a89e490b62656e63686d61726b73
01008b6ad7bbea7f2dea67917d5681fcc87f00e29f7c28819b684c3a20e35830917049d04ea7bc2371c710e6d84049474d841d986d352d2445c3b7727cd68daf55eea4aa895eff657d36d6c8bda4d01a16d8546ec60bc318e2c0f0d908424242424200000003e84bc251560e8fb3831b6d100a36ebfce5ce199f619ccc9dab01e973e311c8a5ea74cb380a12c985f94a2b70c2d6345397b6eb2a86aee7d871ada84a92e59ee60b62656e63686d61726b73
0100c483e9595df1ccce5aa48eadcc6ded5b00d1763e0be7292dda49b8e3a60f1b2d5019e282da3582c3f6563d9d0df51031288de6ae5b6279e6206dd2fb9f6fbf6e9280d205a25b91cbae835530356b58570d6ec60bc318e2c0f0d908434343434300000003e80161f975c0ddfd019b9dbf3413bf9acbe1d7bbb3d351ec731380ceb00f5f884f87f1b496ed53ae70e823bea3a5518fb67483e3dbe2f94e0ed8b79e945b70b10a62656e63686d61726b73
010067a318f89c0922675113ea0b3cdda73400e6c132f7f5bf6393a4b1f5423a8518a83446e8ed928a945a3745f2438f36f26d92903208617765641a762a0e5fc3a125041ec782be634e4743391b7c8dbe88266ec60bc318e2c0f0d908444444444400000003e8a280d2c9fa6da45586bcff1b51c517b413b7f204545e67c6489ee0fc9e1512d0e093dec822fc278ad3147b06f55b90cec4cf72920287df2854c618913a54d20b62656e63686d61726b73
0100349fdf3b7025b9fb0f5060a6d9b04e7d009ecd1bfc7aeb272256c962dd95657db68ce05bbeb92e0fdff19798c228110b5acc1114ddfa3cf6692da382b027ccc513cdb3b70768bdd22f5e59fa299f38fc316ec60bc318e2c0f0d908454545454500000003e8c1fbca170e629780628cc31dd30c591409289c79a412e9ef27fd98d1be0d4454a1af44bb13bf18c1b5c5bd0a47bb2b7cf3ae610cf5870a985b2f8276c460ff0662656e63686d61726b73
0100ac05eb71684eadef5d9689005a83ffbe00ad98d18e3a4bab494724c5ef6b5b9000217200b214ec25faa7b3c6b2073b0c2f69d14817818f91b4e12348b7f6b7a1fe4ba32acd0d5cb29077c00a3221c323246ec60bc318e2c0f0d908464646464600000003e81ed7d10a78022b926008ba64deb4e0c49f135383a950aba42f4758fe2c036e9dcfc89fe274d1457b5b8ec8bd3da07dc7d3ea6b2b4ea365096a2c217c09c0d10262656e63686d61726b73
01005400ab8000252e9c4d337d6bf253c3b5006b81d400fda75e3200527e7028a1d0736c8dab3a2fdc2d1c2c02f046471503267620d29d2aba6239966be741f2ace013f1c7c202e450c94fd7d8213f713f566e6ec60bc318e2c0f0d908474747474700000003e8a3c474ece9fb3a653249c569f66741033c462d3398e59171188e280478e30ba83a1c56865fd2dd60573e8a722909e868dc975b5e25326633ed3820a10c1e570a62656e63686d61726b73
010038f278236dc75f615856e97bd4c055e500200f4c14d279a6dd28a7ddd7c9af7f3a09fb6d7ad92bd828459ff0a971a44234f88f52a60d7d1819aa8e89863d846cc02fd1cc2ccee5623f47a57eeb895a0abc6ec60bc318e2c0f0d908484848484800000003e845e1e744642f72bd4f3b373cdcf3e7f61e2c8966b699b30d42e961fee48fba8caa06c993b79cbfa5d976c17fba095507474014ee88a6e13b8c9550597231b70962656e63686d61726b73
01008e8c57599e5134564c9bcabc8ad81aa3007c1d39896c18d06c3c95caeec612bf8f7a0985ba5c40f53829bf25c1adf79f3f686ca2afaf515b108950086d565e0eae2eb0e27ad1f92daf5fd43306e3c1c3666ec60bc318e2c0f0d908494949494900000003e877547f0ea096d21fa1cba273cdc88c85300befebd901af323a60fc566946f7d76ea893ba3cacd2c065cecf606e57f20761337141bd9db045b47ac061bb01380862656e63686d61726b73
0100150508d0b7385c6d8ba25bd51568fd4300f2156b4aad118f4c00dfc800128b306310d36ec4d98b168107242ebaf49e7d1a0251390675276cd7aff311acfe0b63caefea3571dbfe8c575df0794a04d3bd676ec60bc318e2c0f0d9084a4a4a4a4a00000003e856c72a3d1430d540c3b16e04fd4e63fc72b73f164c8b6a2cb58cb1f183a97c4eed3983b069fc8785326d742adceb408a77d2861e15bec063eb9565a57e0c9a0f62656e63686d61726b73
010055e76c2ad4e51d1df3f8dbca17c1d98900c10e8d1f91911055769d0223d2ded9dc2fc941a66bad78a976f7efea24c0106dc2cdd6b42ff6224aa4282017f93929154850b93c4f8c0e47ab15def59db6c3696ec60bc318e2c0f0d9084b4b4b4b4b00000003e8f139b8d6c897e0411ea264692e4171150502f3953dcd07202e30e923cb811c2819468e4207fe4db773f6a9fb7f1cac90d232ee8bfe91921e03ab2bb6f484d10262656e63686d61726b73
0100f71c20a7ed0b248b76d92437988e067900ba33faf0082129f429caba1bad37d4d3ab01de75fada4d1027b8c13ae12e6b6f1618dd91fb51a3c50977ae45e9e9d636ff3a4e7edd2389c5f9c782e1897c4b666ec60bc318e2c0f0d9084c4c4c4c4c00000003e84c7471e5587ddcb9fef082be0224cc2c7dfa6369989773e14892bd2d633430b9ca28d1a749144a78e81cc538bd0ae7a0e2f4867cd7de945e58d14dfa8eea9c0e62656e63686d61726b73
0100d9b8fc9fd1d376e0a2041e573c174d7600ebce418d5e9fb29579691df6357d7b572f37e4ff641642624dae852e7600520f32548238c8415c8d7b0894dcb08da42f27ddc98a19ab33095ceb1281eee0af8f6ec60bc318e2c0f0d9084d4d4d4d4d00000003e885fa8e800344d153210401730b90f3b35894f05f91d01060e131c0dcfbe20182cae865c44a331d1a218c6f466358c02d0c16799311e6f7b95728349d96b4090c62656e63686d61726b73
0100b5583cc5fcf47626ee97fedba0b7c74600664ac58a0740d9ff059f14d8ef34113ff38c0ef587ca3269ac07ab13f6b4c219c3135d260b2fcea7d8d14e9df0f4f9a2f2ad3f579d46a3cd9381dfa691be1d1e6ec60bc318e2c0f0d9084e4e4e4e4e00000003e8b8ed8d5d5e600430d5999579a1548094645c44cca4d90b709dacc008a2daf5ee8b1d7745594acf0096f8ac029c249894db6a7cbc4e60d305a256cfaf7a709f0462656e63686d61726b73
0100b7b4b147803f2f62993a3ee2211dfccd003d305382a6ccae9820b8021a0d80da1cb94db686f252c7e99b34b216c0306452f1344b92bfd6b16d924a866575811a25f95e5eeb6cf2cf363ff5b613abf0a0456ec60bc318e2c0f0d9084f4f4f4f4f00000003e89ea5cf7bf8d2a8e4308374715f38ae943f952e26f20fdd8d488eb158b03b297cea0fa51452deeb26d567999231a84c77895d85662fa8b299b8b21e11303da70262656e63686d61726b73
010099cc475ecf97d153b33bca3a00cc198a0068b02240d8d09c1f636914ccc15b1547fd9c7c38698c59d5408cc6389e59786f41082cdb604a0da72df2ab29fc2c8135cd51d64ab3cb5abb4aa5fe7c5549c56b6ec60bc318e2c0f0d908505050505000000003e80e00bdbb5e548d9bd2d67f8e499b32d8519f44d5ce154e529995ff59b54c2870f794b97a0f3aed567123a452fbd791116f73ba775b58afd541ca76c2a6441c0962656e63686d61726b73
01002e2766e5e589cb1201c792bd82c59d3a00306779a8d5d93ed11fa7c7c9f2f82d97894be032339da5dae3118c2c1b88f945320b971419aac178f96db609d15725461e15dd45d934a09f5274c3cf36e36c626ec60bc318e2c0f0d908515151515100000003e84bda421b886d30123a81b6f5a871d382350bcb290151378379c3987ff24dec3d37f0db3d327e8f1408625d4be527d8bf09871bffccb4f5e7c577f51327d3b10962656e63686d61726b73
0100c6456b2206a41fa1634a3ae5ab4a225200e7f2b841b07f6f8d77f70bfd4de090bdc650ef68f6c130b193bf8a1cff67635b97a713330d2af8890e1c3bc8c9ed6cef706d28cdc6782110556afa8651fafb766ec60bc318e2c0f0d908525252525200000003e8948e6b405f44e841451595524422bf9297d92bb3b746731334018c896e1e9064060931dc25dc4f6f090d66103ae8cd041cbe1921366dff07806f90d5d705af0162656e63686d61726b73
0100cae4b593d5b18d57e4f00842a1db941200dfe9fdf3e17be51689fde566a9e80545086372b250d62f4ba50075c4fcfe8b7a5a88c530e96b64343d7f191c14e31d364d734b9733009603054b42c9caf35a316ec60bc318e2c0f0d908535353535300000003e83cb3b7896733f48019cfcc368e9d308e1095ca4ca1611e46ab4b12c7457e23d9738d852680fa9deabc2f4138d2f6952c1d99609248b10a28373c0225b9f7280f62656e63686d61726b73
010097c5957f5877153bbcaf08c50f1294400082ebd97130261dd8440dddc36b1cb12c67aa14fc5c6735fc37899578a4fc967c4e7f4a4c82fa7f8fa0550bb28f488c89b31f0226a98d97f44880203c30bd90516ec60bc318e2c0f0d908545454545400000003e866388d1793c8c04ef745f2c055e72a542b408e941a55c60cf2de4b0b1dbeac30c5c2e3100c43909ee28044bc487efd7f6d113f6b2ac94e28a1a088f5be03af0462656e63686d61726b73
0100e663d6ac83e2091a731bac0a2d505ca600501c24723d5cd6645752f93ea0cc5207d8ad500a43e17d55b416a249beca1a1fce280de646fd63f181abedf34ad13700e40ddd2bd80e3cfae372bafd062fbf346ec60bc318e2c0f0d908555555555500000003e8b3bbdfc306a835cc4d64242d15446e9b52fbc79eeb2424a53040eeb8df7c62316b6dae714097c654f00ea70c0a6c0557965ed24648701d99e07b20165879120762656e63686d61726b73
0100195f4dc41af8a3c04750bc1f73bf642500c4486be429549d18a7d24dbcee86fdbc9cbb19f41a1c3618f057c0928759504d92edfce549aa793cc6b2624fee566954a7af701e2b376c1b65d42c3fd05f23936ec60bc318e2c0f0d908565656565600000003e8189cd39dc481ea4724c78148b8810a505f8555e1c8b5b6b0bf6fbf52720ae9f7c535abfa2c157a725cdf095ecc097e9a2d09ea2676fd91771cbcaf59eb4a780a62656e63686d61726b73
0100fc7a293dc346e21f8c0751887fa8aab200773345e501f65fec3bd19250878571d866660dc2a86ab9ff1d2324a627fcdf670624f95dda310dec9c9394745b081852926634b9b0f45bef29a60cfb04a15feb6ec60bc318e2c0f0d908575757575700000003e8c5db30c10dc49ca7f6c904513984fc5e6b0ae4fdc124898f64160d5b2c6506ab0735f7744aad5be0330f8f33615d8d9cc8694100ab1fe541182a13c227d8d60262656e63686d61726b73
0100b330a3472ef166407017e7af52e382330061decf3bd047e5383767f72ee4ad3934726246ebfcd9b2f504a1d61e16133906b26957219c3c03ab0c21da876264d457746488813c80c4a4a5b83f654cff59f16ec60bc318e2c0f0d908585858585800000003e8b9b94b9f61a4c70b5f6c913b8124e1952229dd4ca2161fcdd0cb87d9ad1d7b10bad2bba22b0df9524d90ceaeade5a1c2609eb867592bdeebc32f88158b66130d62656e63686d61726b73
01002f9c5d7718042ae4d6372abfaf7dae66007a043b03181e47227317d755b0df06da54a44ed58d24ecfab2ea5c1dde4b5d223512b6fee7f0003b86a12cee67778ed07ddd4cbf126832784dfa8323ddab93b76ec60bc318e2c0f0d908595959595900000003e8415d605b99871d9b3fe95ab99c038aebc896e5ae221d7fe9316bc845744bbf4d8942c1cba2132f6287fdffd3e363d9aea9f6594d8364b700e5dfb550314c260c62656e63686d61726b73
010040039062dfbf513c429e1814f3000df700f47e974ca9263201bf821f15fe19f0e14db3963a93d362eca1d4aaee8b606c0f26a13405f7fb200a9d44a4d97cada966c3aaf666aa9ebabcf530b28827866e3c6ec60bc318e2c0f0d9085a5a5a5a5a00000003e806c7fb4b4958c23c7598a1c3f96c71b00e1b3da382c86e65da650990ee32fa3dd3a6e55d0d5837b6ef9fee8720ba08833fffc94874a82aa45f065269ecc4ef0462656e63686d61726b73
01000d3e5b7a14707f0ea127e5c649199d7d00bb0a28053f73a994b5fd3cc173a4dbc31b1e6994634f6ca4db269967c1129b336c34f18e077d5ad1efc1d9100920e09dee9c814b1d9b18d10ed0c6a0e599ae2a6ec60bc318e2c0f0d9085b5b5b5b5b00000003e89caa18159a5ac1f85a46d9acb575996b2ee8288c33adde22e3469602b5d5349d96bd893a91793aabe78aa1fbc4059466cd9c0b6d7ff8b701534cb6122c38f50b62656e63686d61726b73
01003ff40d0d0853c6331090ad94d9e4198d008361977eb8be518a7683086a54f2201e4a2e3d4efa8144c9c2e325cdfc1b7376650d16163e61b6309b78f3229ee38deca420f9f7d8c1c59494f5f9c44e284abe6ec60bc318e2c0f0d9085c5c5c5c5c00000003e87189003ac60805062228fbc9d912edf9d54fddcb759d1698476ab50407c3ac86feb08e37f865685b521ca7ee4235638774b3edb8a0921f8480ebb604d996050862656e63686d61726b73
0100ab83222734f8266372945f1c133811530072a91ea09d3d19ce00eaed6a3f99b6ea463e7aceed025c4dcde1bf5e2b0e3a010c5aaeeacc963f4affa225472705f2e38e284a490b9867dfb03ab422933dbd3d6ec60bc318e2c0f0d9085d5d5d5d5d00000003e8fb705186bc729dad3107a44044b3a24a284abe0d275c757ebd790d22ba8e59a9556036252ec1fc45a45accdc0fb1fb1702e747b58236e22e9662d108d7ea480d62656e63686d61726b73
0100c84fc1f87165759bdbb34028311bfa5500b1b6d0d7bb94a5dcbdbe413d2c0d4905df5dd8973bf030f8e574596f3957fe34eac11394c76716e09ea519278690e281a3301281bfd9e9ce6e12c8ad6d9b19946ec60bc318e2c0f0d9085e5e5e5e5e00000003e8d6badcc7fe8c6e127ab6d08ed2403bed58fa70edb16532f4019b7ba500d12c2befaed0a77768eae2679f98ba773ef0892471fad03c7ce0d010ff9587570f150962656e63686d61726b73
010006fb10ee4d8c20440e91fcdf1d80a20e0007a8d62503c4c5a717391347352ed1370ab59263ca9edba87f5364d40fc7c41d5376c59a3c399d4091dfa25974c38105e4458dbe28fa105dac9791bf6c1014346ec60bc318e2c0f0d9085f5f5f5f5f00000003e801a1c868c16f04f649fdc1d50bb951a8266fc8e389b18021797cb1654b009371ff1e4f2da917c3e0d152f8f0c90b092fe65466a7b8dc397f6ba274696ad4430162656e63686d61726b73
010056b2b615fa7cd3b8ae9673de2a629f1700b00624a1766f951741cdd7c7241dded1684a4a9018195c48ff64d9245402be6109fd99f2895ad1e9e2944fbd517225fe9e8b64f9194c06dab488fd05737fbc256ec60bc318e2c0f0d908606060606000000003e8e99c6db783414885596e9f51a70dc167ebb90f392bcd81867a65d086418f5c80f86028ab5dcea2fb252beb50c248625224629939fe814b91263edaf135f13b0262656e63686d61726b73
0100cc2e485e5fc720eea03ac608fa5cea4c00c4fb6e2cfe3420372968946a14caaae437a8a652b19c0d43c4d6666fb574383c12b6296fd4ad558b517230ea0c109aa734ce8cf50ab3db77a5b6dd7ece8d25286ec60bc318e2c0f0d908616161616100000003e88c9891ea4df373e7ca297ca67a556de6b8f60a9ee0a9a09d451d8dfdb7e75e994421b77998732a033a1d5669827207542c7553aa65c7bb79008d618dfebb7e0f62656e63686d61726b73
01004c83516cc993b1e57665f5595953c946003fcea99467fbe12b0e4e76733bec8fdcd8d9778d17b72ea093e656548574851ced3d6dffa4aa5a808dd6434e42d93d319d045c17b9b1e26a59e6928e4210a9b66ec60bc318e2c0f0d908626262626200000003e8f87386a71b30f3fd7a84d7f914efcd107cbcc23bbe8e63619eb046f015d91474892525e685e5b956edf420fb434cfcde62214c283dcaceeba8d8842b2d06960962656e63686d61726b73
01000ba69e7afcaf3c4e5be28310d2e627d5005734b020fd02ee1e220b6c2002a1802c4e1b34e20c708aa0d6b4ca99f3ee931d322f6d60e562711ab0007f7c84a476a97971a3214cdbbd790c6e449fd124ffed6ec60bc318e2c0f0d908636363636300000003e8b02f1047f9ee7407bb9e7cc35a49ca50e140da8add09a337d9d1f65069978c0b6d8ce2ec86d20230c86a76a981b256af26a4a6ccc86124c638b18e627b25400962656e63686d61726b73
0100c5b6c17d11e6beab231394a13032ee6200f39aedda21dd88daa86d862a1b0194d626ebbbce8115b263c4ec2957f1bfc02b129a3dfe0495cca91f03b59e5697f4ee1bcaac19fdb82100f59f6a3890bdfcab6ec60bc318e2c0f0d908646464646400000003e8c245140034d0ccb88e3a68117e5689784e8860224bb374cb12fd2bdb023f09899ef4ec655d66efb4e623d99f75432d8663d39742f7e626cbcac411f1c231470562656e63686d61726b73
010000e3b8215ed888a00b9e2bc59ce6989600b832d99709704d10150c78680be98375e8f5440743847da4f7e904d75c834d205f857b30c083615c01f1669d104f2743e4728dcdbc490d51d7cfbe92c54b0df66ec60bc318e2c0f0d908656565656500000003e8d8068612ffdb711f92af54494140ad02a1a57d5b8d5a8c0ff0fe0d509a1d1b11d856c5b43581b0f4f27e1cb6541d8eaeb9e2d81590ce9cdf154067b0b445150762656e63686d61726b73
0100aa378e8e2044d779aa2d3897f52f58bb001eb111a8375cdba210af70a99380d4b1c33cc721147f21fc1bf933a3a822a068eb930852098ad47fbad613d36045a58968a7baa8b9be45e05810f09195e8c3d66ec60bc318e2c0f0d908666666666600000003e8b1bd5c40f0effd7daf5ee91017f251599655c1d2f873f75e23e52fa11fe0cd1ce463a5e13fe5b27870db97f3e23d0a90c6c15a73dc97167bde2af60d792f4d0262656e63686d61726b73
0100761644163a85878fcb3d8a1f28cf554300f410413dbd86da2e74b74a54ebb5b6ea3e9503546f6abd94f81e8322ae1e056ba80739eeebbca7ec78b6a27525d7f6beddddf151043fc2119ddac84a80e32a656ec60bc318e2c0f0d908676767676700000003e8e9c7dfe04411b949cea4e2dffadf955786a037d9f0eb9228181b14efe257707cef05fecb33b7fc6dc72e1cf496c344eaba07a509c9d29caca41106f644013c0f62656e63686d61726b73
01001c30bd095c00aa248025cb65a3b73eeb0033cd40553b09423e3871e8caf0e15a44a04ce3a99c039f9d80e69fc76c4e0f7b3a038cb71874b106dc248cff742821895e1b0ba98ac4320371e31fd79c6cf4f46ec60bc318e2c0f0d908686868686800000003e83f8ef5ffbc157175d1143fae0eea2bce2f227e78b31ecad05da92cce6e7e0597682df6399516c7aa7ae639c2ceafefe97a7bbb7e7daa830c3fb418b6db6b930462656e63686d61726b73
0100f08fd45cc3ff83db8bf7b74a09cb942c00ce0c2dec39f1450c0102dfc643c01a3f9f425607c410ae44a76d4b1bfbfea163cc7fa41d791b23d018045b21dbe38e71bd4ddf88c8e989b11d3b12c20356b86f6ec60bc318e2c0f0d908696969696900000003e852fb0a7211603a649a6e2cd41db2848ec916850b78225b4bad7d81b532b1a03e7012d20c0873bfc3a0cd47d81411946a89ce8a5c2d1b0b6008a4c000795dcc0662656e63686d61726b73
0100e6e29755a8a231a96f7774cfcc25e9e50041d609f7c3cdc4c354b9368597c379c799ebfa276c9d3ade75536cf70ea0cb477f1fc8beb88c16888f9a4d5e9eb493da37940c61e94fa8c4c1b4b1fb773d5a176ec60bc318e2c0f0d9086a6a6a6a6a00000003e81f55a5a5b1d008e7ec3d18bbfb407d3b40d31801a19dd067fd5f1ac7bb3e2e147246a9f5ffa363ceea77f41dab2b60c119e1e158f700f9b0657262e565a9150f62656e63686d61726b73
010060b7b8c8cc06168bc56c374eb2ab6fe4002764b2eaee0481b0499d51a002c2b4193cd2a624e7a5c2002070b8561d503d33cffbaa7c138504cc9148d25f33588d81a4d795f638ed71e7636c944ca84f322e6ec60bc318e2c0f0d9086b6b6b6b6b00000003e86ff7e4d4e7050f0a51da1c1bd5c9f9155daf87133001bb13b9a6287000a9b7612ccdacf34ac4c2cf1f1b987b8416742ede9753eb75ad3a1203c705ac4aebb20e62656e63686d61726b73
0100782d0dec86dc98a6d757ed0890241f7100e530f9701e4667ced3979ea8c235f4e8798cfc866b3ac5ebd56ecea4b3f4801546107a4b00db602ecaad3eac486ff6be71830c12db882d82e0ec76b84ac63d286ec60bc318e2c0f0d9086c6c6c6c6c00000003e859160838a8a1276fc443d76547319f027d487ec88541fcbb6beb42c30548d412acc90d85915f6f09133aba84a824c2e4b4ed835266e2e0eaf304a42d76a7360562656e63686d61726b73
01004e889b1b04c890d97611356bfacba86200757dee94f8bcac851313197c0c39294528933354623fbe605f855637dcd735226814d50566ae738736739a7c82dcf6ab87571b70b80938b8aa7ae4863f573bcc6ec60bc318e2c0f0d9086d6d6d6d6d00000003e83f8df60fdd793259f961af48b17f38f0b966548f2fb06b8d26c13db3a6d8bb924ff59961f05bd3527bd2c89dbff05bc51cb5a6382bc4d71b0c5c50b869d8aa0162656e63686d61726b73
01004975b028cc9af4cd5e71c38df74cd8d100b0b9ca396c03613b4eccdb8c89077f56a6b23567b1bf239f19cfcce7bdca6e6e2360a7b9b9d3415e16ead9cf12000c49f8d5af331df4aee6060d624f59dc0fb76ec60bc318e2c0f0d9086e6e6e6e6e00000003e812177388eda2b9f55a5c35c9e4eb8b84c3379e2e3dd6e4fb238b23d4dbbdf691550b35547b9faf7107ce36887a209315cea25791f92d6da25027f12a3b99f40c62656e63686d61726b73
010001a803a91e916762feb9fc048751341200515c1ba620573aa76f13fe119f41b96bb3d55aff58c1832409be4d2cdc28a9491bc5b13ebecf661be06a3b7ebe22a9e02f8c708e3efeadf737b7867f77cce1c66ec60bc318e2c0f0d9086f6f6f6f6f00000003e8da98b26b53f884a5f3e6bbdeac26fa0b9532099a018156fbaa4b509b6ac612b388b7170dfac59d32c047b4b8ec742f092dc2626e5be7b045cb71e994a8e4100162656e63686d61726b73
01005373058a043803470654024333c4e62b00098b578db85cc3d98aec15d8c559018e7c918bad99ed11c17e453bc72d42dc1c0224adee4b6dc9515e709cd5926bce8ec554303012fd927e5869a9f214bd95466ec60bc318e2c0f0d908707070707000000003e8b6c20cd73ce37acc51e7214e224c4c6a6ec1c02421bdbb7ed6703acda93694e909a8d9ddbc6a12bd09dbed41c7ce3137c07032e7017438a996512e7fa896b10162656e63686d61726b73
01001eed552c213884a8691beacf15bba9ae0087845667d999043f19f0338bebb80df48d9f4530df3194efd3330355d0a8f15b4ac09b24575c4ec1d1e39f795b059b9785e6891af032bf8c33c8571b88a908456ec60bc318e2c0f0d908717171717100000003e83f7d1f9e7d62c61c620aafa0f6e205927d9ccb4e40a75962bdaafcf94fa9d58918e429dca1f5d16069e87166c90aad7945ab6eb414f075ac306e7662bf37e20f62656e63686d61726b73
0100262ed9b30ebf1c80a59157aa880c67f200d14ba8ac58502e4fe23d36279473966cebf2ead71f5dd987d33ba317ee07b34ed603c3ef773cd93ea88e85e70603779b1689591b0285d276380314576ee01e2d6ec60bc318e2c0f0d908727272727200000003e848678df0a63c5b2c66d29510fd9609e81243b34a0c6c5ff2461465afe67a39ecf9e6d20d2d6faae45e4e385b7f5eba2286d4a900c144dde1a9c9eaa82690650c62656e63686d61726b73
0100172d751cf02f7c2924b74143535510cd009763af9c17e6c5b3630f92a395ddcb97508b327b168c40f35475b76aa47f684cf7186876a47becdbd34b77cb309a3578f698026bb240e9019139cdf756ef6a8c6ec60bc318e2c0f0d908737373737300000003e8bb517e28c320a14ee739fb9fa10fc3d99be58fd24ca2590fb5cd09f37c980d2f412de6e4ec4a39ffb69d98023dbd489c49725f279d080d7158f6c3db5fe5450f62656e63686d61726b73
010034e6d422f8ea5fc421749b021ce80ef70006f8e22d82de67732544b71cfb4aaf66ae728348e604429e405e510ff106182aaf8d642b5dbc8c625fb084dddfb78163f840aa13d5850f9bb1d441456d4bcbab6ec60bc318e2c0f0d908747474747400000003e8293844f9a290c59e85794ff22a9f604c4ec4c7517b3232b828570357bacf88aec9eb59268615ebcb191f2046449194fbef1550b01e0d64cb307136f465aee00162656e63686d61726b73
0100541a3699d06f0555b218340879b6a8a90012e29a6902313b077f4f3d0af21a3c25f0420db02daed32ce99b195b8e47842bc73d0f11bad6439a0553a7b03af42d201d9396078f3f44ce4815fcaddd00fe8a6ec60bc318e2c0f0d908757575757500000003e84662b6e3415da1a5e4f1e4acd28871467698c8901dbfbaa423520a2a3161f1a726273bb9f2eb87d2d89a5621745314767156053ebb859df412aa0fe3dbf3460b62656e63686d61726b73
010016b53e4d33a707079e76e39d9188afce00797f1a63f2901cb7978595e73ed9bc209deca4605d9873d3f5e2e13d3499d1219dcc3d17e3c18631d592d7fe77b05a66824ade31338a1dc1b17ca145209060506ec60bc318e2c0f0d908767676767600000003e8a386913bbbf4e4ce157b461a3b61b4542048a852e31f7bbbacf6f6cdd9812765583ea4ffe4ca06fc7b04675a6a164847877fc1a58accb466d43a0bc9ba6a000562656e63686d61726b73
0100695ce297d8c8960aef46d5dce80ac9ed006695302c9ad1bb8010e48db84a656010bb20c324da7ea951bf86d01cfad82369a11c143bc908986e4e70b1e5606410067cf934869967ae6e83f771a22cb757876ec60bc318e2c0f0d908777777777700000003e8bd42ddef37766ed0a75c0684b32163f7cd7393fa8025a90fd00aa1dfd518e9968c9cf8c10ee3f68651d6fa3c148a568273ef888b2f4d2ce1967a167c1a2e160362656e63686d61726b73
01003613f2966b135212783b2e2b8f5b84db00a1187c77ecc768abaeebdb73bf1f9df173c7e37ee5ef28f47b3e43e4e6e81a30e22bca7dde636b1590298b2139b56766f061c4d97f0a4ce3666e1fc4e2e96b986ec60bc318e2c0f0d908787878787800000003e87ed13dea7e3f6b15a2f09ae109ee350daff46b01d75daa10081f9166cd305c7d966ce0ee354c201a7dc07925c9dc7a16bebd0577a4e515ee1207fc97e1d2330462656e63686d61726b73
01001112b6476f2d7c49e5c48f463940651300c776d4dc781a15a1ac9595704c9de40328234b53a8b526d84992c7d1ba3d8f7b226187376a2fa69a39c74804fff17db3f687339d2ebc60ff5e7624c0832a93496ec60bc318e2c0f0d908797979797900000003e800dae70c4afb04146a0797924614dde8454ac1548dd56d86df3e0335ceed51aaa3f7ad26809e78f838421241da9ae25467af437ea9bd261d04ea3094b5ef3d0662656e63686d61726b73
0100f87b837311ebb212ffaf06aa2fee978a00dccd6e19ccb0b9696d1e37c1622b8b075180219915c01e359ae6d734587c21322b4bd591b6f9ea3318c9652fcccbbd2a3fc498ef913ca52e755737bddafb085e6ec60bc318e2c0f0d9087a7a7a7a7a00000003e801e53675bc25a0255eaae92b31c9ffe01e50210d1ed8d6df04125453a0f81b809dc62d3b2d8412fbaadcf5759bdd5f3a51ee259875ea0c6016509cb73d91270462656e63686d61726b73
010015b501b5af73d745fa37a950817eb77f00912d66d332ddc55a2de311c18b167262a307d1b0f17a8fee8dde303e441af851b962805176c7d1f56b4d22fb19bff7717324295a3c1dedff36d329cbe232a5086ec60bc318e2c0f0d9087b7b7b7b7b00000003e866242f2886e99079d4d748d40ab7fc107a75f5879e2072062a376da3ad15b80e8dd0a0f691a24dbf6b546c7ac24f8b30cb2e8b221a1a3508233eacde8b00d10662656e63686d61726b73
01004b01d1ffa6d034256624eecf0d81ff2e0030dddba7ba7750ebf22accb9fd2dd9d3cd09c55e1bc4d7ffb07d4e7b24a4c22dc3d51ff48b964fb245fdecfaeb4faebb0b8695c5d67e80b368ed3f05f325f4366ec60bc318e2c0f0d9087c7c7c7c7c00000003e8ca4f64e7487ec49353b92e878f8ff0a82d739f2ed69733b80f850520ba0235bc0555ff7666a1347821ef29d68eef23f8dea4e8cd2ae45455cd4b54fb2761fa0f62656e63686d61726b73
0100ddedc0b77fe7b819f856b14d76f77dda005fde201913aafde7da2b950e0e5a29c3748b6fe6b87721f533c054f297a82d25d4151a765f8ee25e12d2031f9763f07ec85ea7cd3207082d2a92525b1f87baf86ec60bc318e2c0f0d9087d7d7d7d7d00000003e80eec68d71c9ccaf60b6f8d4a93c982dddb08880a1cbf6262b8d1bf7f03a9af20c6cc852b1e5eb43736574b34524eb30b08141e9fe41487fc03d03429b264760762656e63686d61726b73
01006a666e4e40617e4f9da617fc513a0ad100c17299905f706e52dde9e7377f2b24b8ff1fea80a5f3338e55eed2c98a84e6479c20ccfb258a6001d959392cb7bc599b65f387be86942d57af80b1b4c2c01a806ec60bc318e2c0f0d9087e7e7e7e7e00000003e86d4fcb1af97ce8884d6e50577660dff62a103bcfc79eb830e0764e9fe821572044cdf56f69f93afea32724643916ceb0c1c22798a28cc68ff4645afa1a0e0d0562656e63686d61726b73
01004fc889d792fd642aaee894f8092414a50047aefe64c9cb59a2e2530c13a2f4462b91ff768202042ddb211e21d981621b06ff6a7f75a866b3e503cf5bcbb60828dabd1ef382c213e8be789678e5211c67f36ec60bc318e2c0f0d9087f7f7f7f7f00000003e85bd51529ed4d905152e3a7820bce318860f337c95a03de920f80603a3e75864ba37f1a97062c11f58c2491ed707c9943cf22a1682179c4c789a6c8d97067740c62656e63686d61726b73
0100d3344491617835c9229530aa3f0e9f58001eb82565ac052dc6ed96a80857c739bc2dd87387972a19e52f9efc857cd019364dd86ffe1e8014ebe20cfab2a7ac43671e62ab58f89e05cdb5a778f4c4c85c786ec60bc318e2c0f0d908808080808000000003e848b7c602a6e62b4f0fe452007bd82ea443e72a07e35d5b1d20231b5d5a2aa8bf6f3ebff8776a312b2735ae661f9326fd0d85e7ca1d25f0d3c003465539f47a0262656e63686d61726b73
0100f3a526d6100b864acb52dc452dcc1b3900559ec4d54aca1cd9f6b25121db27ddda1d81b9d8098e2cd03815337b472c67190a7c4182f8d293ecfca346e11a9aca70c34dc4a88d8bd58abf3a73879e4a0a916ec60bc318e2c0f0d908818181818100000003e8bcd1e1c92e1902e5b10d887f7154b5ce2b33054a7a50f13a3bcaa247802da72fe2505afb1f03b6dbb7c5c66b08e7adf704145d1e5cebe9f10c38225235e8cd0962656e63686d61726b73
01002c733a89d80d98bac290058ea266ac9d008ee7ef5436f678dde76ca84ba256159d5f48f40c51037bb9650ab234b3ce142a1213c84eb047894c7f70c49215eea7b49d55d75be2619d7dd1f7d9e5f02d87416ec60bc318e2c0f0d908828282828200000003e8f5d398372ca13414199965143e5c9e0bf409b3befef3588e20485f18ce63491fda13f8ec10ea3ed563a37ee1f551b351c258517ecf054607757066bc0ac1750962656e63686d61726b73
0100a8fdd400cfc8fdc80a10e90d094c81d700902608fd5da369c1b751dc8d1b9830e10ed7b1ec3d7eb0a246d890c6b600d97c11aa369d4d6a340d1aae2713c837cfe1e2a4d1bff70fe54b979a92a2adc607bc6ec60bc318e2c0f0d908838383838300000003e8d9864b86efa95d13953845da3ebbca3e76aeef65241a5df31b645bff74dc70d6560fcf44884a119237ffcd1236c6fdabe9bafed20f6e441fb391546e1f0f1a0362656e63686d61726b73
0100013995f914f9afc3c3ae1ed7bde9a81a0006d532b294df30c23608229318cb9c9a1c7c130a84a153d0eb15f61064175c304fde1966c7ceee1b7563bd749b4cf6e64d36702845759a93b63c5bd00e5432426ec60bc318e2c0f0d908848484848400000003e84e6b0a5deb757c6123bc8eabb002347186189697312ebc4e1e564977b78d7f948c2257df952273d1cbc37a0ac60e8f241983cbc205d43520e9192e755684ae0c62656e63686d61726b73
0100112d5347ce08384050a8de4b03c5e62b00a1cdc680e58707e8cb7708e1708e481bfbec04a769efd566d612e9ad3702ce67b94d946232512d86a426a647731b4f3bad5f54b22bbbe0b1a9dd387df706066c6ec60bc318e2c0f0d908858585858500000003e82b153c1cd2e0abee3bf75fd4a825a6d8a76bbc95964cd0a322e4a97bbbacfe31b839e4732d2263d4e160a4765a9d8a91d8c1e5dcc0d26d8a5be44987b52d200062656e63686d61726b73
01007f9f153a970c45664e8b0db278b1039200f36e5a166682609d2d104a16083ef1daf9a5b0f2b2511e642c4da643cd36d21e8ce91015d6d62116e81c8426260f69c19ee205f2892cab721e30bf22992c2d176ec60bc318e2c0f0d908868686868600000003e8346f6fe41559906fc41955b78b617000df579631dcf9bc5552696690c8d6c5afb3cc0b63653e7d257a3280ec325144beeb4fb9082c9e4be25cf7b7f30634960a62656e63686d61726b73
010013b0f8aa11aceefe17456e2cb99d472200de39f3cb15939d3374a0e29f7376b828d04a4245b17351ac5c0a06388888311584baa58336acaeccd76eb8aded6b81e1619ad470fd23b9e3882b2c00ace064316ec60bc318e2c0f0d908878787878700000003e8d6a4a88bbc557aaa29ba459277423464d2db4c18fea39575cf921e21e588e488b267457917ad2b9233df671f10739f4feac5e55a141032be0d2fdcc911fb400762656e63686d61726b73
01001d696bc195e8a1e00f7474cf9b1edd3e00449551016575b2cd60f10980fce055bc66230171283230b068609acf2078bc33222aea43df3f180d4030a1f28c58f00d15c011d4ee73028267b1ca05956f4af36ec60bc318e2c0f0d908888888888800000003e8550781f6804028a6fbeca430bfb02f3c0d23b1e0d581cc6f73720c9ff1d6cc788f3483cbc58aeaa792503fe5421161574ffeead50cd052d8ff46095e7341450162656e63686d61726b73
0100df7523135dfa4df5c7d518bc854d9eb2007e9411c016d16eb40f9dcc5ef290e19598943ed54f69289933813532153a2f4b6657a6b04257a25353863119e7f0240f2c2ace99a504e0ddc95e7fe7fb43de2d6ec60bc318e2c0f0d908898989898900000003e85f4e2af2df40bf0db4510f38aa8e205c44899dccb3aff9496e5ae4edc6ae864043962d12aaea8a058422ae2d7870eff09ab591c043ee1fb1ef4c47b9adda2b0362656e63686d61726b73
0100ee8751993f5545496dad9804f30a0f5400e60a9761d497ed35f9ebf307223aa8049ebe764614dfc8b34259408e2fac3604486016c7c3b1b5cd8e4684bf4a44262f3611a09650332af3e55f67c4504e9cf16ec60bc318e2c0f0d9088a8a8a8a8a00000003e8ed0a9f184626a2f204531bf47ad9f51b36e227ce8d6bc3d1936ff42da6e32b5bb94fd212bb89a0de219fa0482644cda0ddef8f47c9b8f36ef550bfdd993af10962656e63686d61726b73
0100fae9e37447b1bdc9097dd6f9913c41f900c2bad8979b6288e582aa0287ccb84d7303592ef074c2dc54e4728ac2b56c1e7049495be58b23bcf4e2157d379b8f153cc8b63703178268383ff6f0fdae0c58916ec60bc318e2c0f0d9088b8b8b8b8b00000003e8440063e2659b6819095ddf7f7facbc7850508256865b76fa71d7b65f1ebe58ce175ffcc58436878f71626c51f22ecee0e7dbe615edd3b9ee3c5c576156b9cf0862656e63686d61726b73
010057282b56bb7942f524a979d344df9bc9001cd6f9e32d6dfb6d097a85f0d8adf0b8ceec2640dd83c06efb79225a07bf206d60b43a8a86decab3ff842f9deea11c77cb6f4c3cbd6ed53cd2a22c22dcf01eee6ec60bc318e2c0f0d9088c8c8c8c8c00000003e8f230d740e3ae61ded4f0bd7eb10af4ef2bfc5dc0597161b33b2dffc35cc73121277092368c9fd1feb52227921296884b0098460f9a8f8f588590a9d531cca80062656e63686d61726b73
0100e5a0a5073a5359ee866b4af294ff6abc008989b3e4917ef67c06f57746fbc1ddb2703d0233138f1990fca9c0453217276d7a3c972e20044e53a18a955719a6d7a54e4f312f36bd99f15bce6de6345b2b936ec60bc318e2c0f0d9088d8d8d8d8d00000003e8cfc29aaee47bfa81e9d57e0f6325e0f3a391eea13630c890c39ca30dac74a4f3f0414212ae752381b2af66cef6bf11707f7b67d1f59a02cb6972fa6c99b3af0162656e63686d61726b73
010000c7c91bdfb71d7de9709e155b32643200aeec6d60330b7452c48a46be409da51ecb82251ccd416bcecf10f7eb96834b1d0e4f7388e6986129a65d70a8724418afc3530653596dd9922e416b3b84edfa406ec60bc318e2c0f0d9088e8e8e8e8e00000003e8b5f714d1b03500e5b15a710fda5f6b881b663e737a0436ca2deb02155fb15ecb15d6e87095cbfcc2a405a27ce4c22cd3f724a50cc7273dfc660a65156e2ce40b62656e63686d61726b73
0100bd815f410607953aecf399dd84a92cd500f6f936619dc7965c80778d37e145945190a1659315324a150772a3a74027f675b3a79ebf781d792ef74438739bce5a40c26c3d65f2b8cb076fd3010c21cd61576ec60bc318e2c0f0d9088f8f8f8f8f00000003e8f500f2758b251facdeb1004d71c2e18088cfa808d1e05b7b07a4e78a011a95d11f85668b7ca7cdc40c783d918ba63c24968433cf04cf680910456de0f7a4ed0462656e63686d61726b73
01000fc6d231cc3b4d2dfbb3dfb873d3beae003f36b6c904910259cf484092db7a22f2db6bbbbb15f35ccec388b5696d1dba00b77a0c5173baf4b9eee35d4a295bdd94bec79c9e5f33e570a3b442341e17d9f46ec60bc318e2c0f0d908909090909000000003e859a521c1dc61246136e2f89e0175e48c509c566f9d50cc91f651b1ba0db8fb7ac328ee005ca0e0ad896d2441578794b3f8517d95cd7fcac2ff946d6831c1fb0762656e63686d61726b73
0100fb38559adc29fb2738624860ba71cd1400b4f94701aef9b222c7e7938a051984f1467e30cdf5c6b261dbfd6ab155eee12b95cf30b3079cb79d27d1e4bd0e57b0b15c84f8c01285132f545855fdfb0307d46ec60bc318e2c0f0d908919191919100000003e842ca99c20a3f19dd2bd05e5e64264fc5a16a3e3894bd81409afd33bc6d34351422ed9f0a035afc7193386f81a953858fc7469fc0f8e3450b9f8dfb7e0b998d0c62656e63686d61726b73
0100e85607c13dfa30913fb6acffd96eedf10064c3ba045108948c9f3a55f388c4ed9337b7fe9a6f8546a6bba97c2ac46644433b528bad1bb6e4ac7b15ff40772cd9851ae091ad7857bdf873648830085143d96ec60bc318e2c0f0d908929292929200000003e8f38bbb74b9c3dc4e5139fd68035c1103e35f8a11a74386ce6e62ef717028c01988c54e6d7ebae71b4f1d3ee4a4c1b6d591b1fafd1b5ed2ea6892ae324c94150f62656e63686d61726b73
0100afbcba43186a846932562fcf13a9145e00ff2f9f729da782a114ea4227ea7ce168e5c0589ba9a0e31d88a76804108b2c744dab74f6a939a7b0fda37adf67cbdb7e9df3f0cc1a2efc3cf41a7ea6ff80b2f66ec60bc318e2c0f0d908939393939300000003e8ad56d8742fe3692fe53d25891aca29406bd875673c12d7ae89f8942f365cb4bde0787875628ee128193dc465c3646196e7bdbbba81a09a354a246f2619f7260962656e63686d61726b73
01006e0039b4e3cfcf639d48f4629fb84cdb009a60152c67063622925620ba6ef7328c6da91627ac043901bfc7212089a40a218fd3e63e8f8e5c02e0c659804313f659df1aafbdbf9aaf094d796c6ba11d01646ec60bc318e2c0f0d908949494949400000003e8960ef7d535edd8fd8e45ac731ad73cc1269a1392105811ee2b0fa779f4ee160ca2cf2d0cb062eff89f1d2d5c2a33fb2e63ca623a164801b8d7fa613a07b26b0762656e63686d61726b73
0100e2d0a223a17fc3ee849058e986595ca700e5f15c2d008beb7e84ae188e892ff13344d291b8eef4c30f8b34021f06060b7548e3b7d48051461ce5465e8cee54b36f9d41ae1b6d5e4d6084c6bcf36070ccdd6ec60bc318e2c0f0d908959595959500000003e8400a7d064f6c8f25016ed73ba040e56019a892823cd7a6e9747d0198a18d9705d47e13d0e56350a81502116c16d94f9f1ed25af6ccf3ec342ae2bbd31216190562656e63686d61726b73
010056378b9458efcd2c143ca535edde4b10006e952fdab01247ae3fa57fd38f29de47129cd76c083d2e57ddc80d83711cc172e3dd10d03963430f49502e15f4f95ae1484a7261df8f4dd73f922219e8e217f06ec60bc318e2c0f0d908969696969600000003e8bca18cc86487ea36e84a418f84cbbff485967f3206d8fa636a2517f0f748829a7586d51dde3ba6a7d25fb94938f1fe811a02a0014aa9894d31f850070ee2c50b62656e63686d61726b73
01004d4d168321cf4fc883e683e6a6140ec800961729c27b0a5eaf37224ab3329c9f689a377f40755a7a1e8a8d9db96fec4f15954f306071f349608d3a3ae091f037ada063cbcb3434921ab950fdad215570f66ec60bc318e2c0f0d908979797979700000003e849f4ba95729b653f4159366c1fb0d6cfdf58d47e0d1e1b3e5f5435e55d4f4c70751e528be544bb07df9f465094eb05433ce0d7cd543b950bca05f8a43e76780762656e63686d61726b73
0100f2fc0899c9f860c6b86395a80698f72b00d5b3ec1a5c599d40c3df446f1e3bc9c071e2817cd92cf9ab5b4d544cb252fa123206ae6711c076ab2a226676bab0c4a31c9551857f79de0651bd09d0d6d337066ec60bc318e2c0f0d908989898989800000003e8dc153333c16f8d3066a8b195acc9faa58d3ddcf891ce50df8800abd648743d1dc3685bdd41ec55ce41e864b8a49cd8a1fa6f8b3fd04f15dd05cf070867cf070862656e63686d61726b73
0100e7c884e515a76ae0ea16e2d0ddd795b800a43a7b2c5f7b69cd1a9542e823e6fe7727a71934eea3d96f2db2382928e65a1a5b37cc1da5856440d3416cc0aa03e94153cb210b2016084701a34fee387eed406ec60bc318e2c0f0d908999999999900000003e80dc7d353055722525ab72cd978e08d8e01c2fa5e0cf73f13f8a94aa9b6e00873d06975fd5449e77f114750b1113c3eed1cbdb60d633d2a2127b288de3e94d00762656e63686d61726b73
010065e7746502e7d8751acb73c72f2302d9005264b87492ee599be7c2213af512ca75899a7afc3e949354a1c7bd59e2d6683c07eb9f9e4444acac198cd11c7c8f08f38be2b607ee6e80782cce0fab5c6714b66ec60bc318e2c0f0d9089a9a9a9a9a00000003e85f16029887c3d1e33d5daa0e2dfcd97e5393680a6cedac3a8bca92b169717a6ed633ba81ace0092c51572ff2391d632f3d5e4b30dd2c17b28bea8eaef651b10262656e63686d61726b73
0100425c89d26a8dec609f94e03b14f91b6300181aa9784fa57a642e5e35163065e83fe1fdbfc83ef180b170f0d6b4fba78d0f008914c1e09d5b9cd2e22882caa16c1be29afe7a517ecc51da5abbc588a7713e6ec60bc318e2c0f0d9089b9b9b9b9b00000003e87b34884245a1c427ff4a99abc376b4b9b0da6b53704a737ec981829548d7bf945568a421ca0a7faa0b85f3f4b42a9f73653c593f859a1b34d92f190b8ce3fc0662656e63686d61726b73
0100095774c682b1f88a9a38ee871b3f1ddc00b0ccd00ab5d2a63f9b06ef2178f6dec053ddd44cb2087f69aef7c65894bcbe560538d152c4ae89b105c29b598cec20361c7712ba28353e2466c7f5a98076b9996ec60bc318e2c0f0d9089c9c9c9c9c00000003e847cde0d41cc4c6e38d56673df261fe06790a081ac17b4382a1b1aac3d83421448b602e1204ac0678d66bed11710e207eabb19be4e4d7cee2d25288e42d36030462656e63686d61726b73
0100fad67095f884ede961620f4ced5a028800866ad2b52f7fc42f053a9b216f20521f998a8201898b1f3624f023d30d064a2b311c5c8338a85b4d775c51bbbe245a7325d4e74f13af4e90ec6a76be720cb44b6ec60bc318e2c0f0d9089d9d9d9d9d00000003e8ae68e4ab089b5af887361975dfff2340950791c29f884b114333318133a66bc9d9951e3ecf881a5bf7da52466a402645148bbce3a622e8adf81af7af18f0930362656e63686d61726b73
01003509f460955527e181a953b2264d7e8400f23a465c7222f1289dba5d46d8d1edb660700496cfa0c1e33215b18b831f272e66484f8bc010eb7092ff21f8db3772f39782a241f35fead4514bf34de5fc2f296ec60bc318e2c0f0d9089e9e9e9e9e00000003e8c7a88a94b57cf275d2a2e6d1a2932821bd1a165aaa0cf33a82078195bf5d745428e5406a224935d777b6cf09c30a6910f2ba339db080b99ee87f765a48ab530d62656e63686d61726b73
0100a618aa5500f6190b72216e9194e7770500e6a4739e0c3206fde9b0df6806d02b028e885f4081acabfb10fda2c031b59705293acc84462348f11adf3c1c7d64a6e04821637646cb7dc1d46d1c07343ddd266ec60bc318e2c0f0d9089f9f9f9f9f00000003e863cf1c72d37af54ce7cc76011805c9d8a7e7f30b61d12d0fe01a1748e2bde3beac154fe4cc773b52469821486d2b598c0a57a52ae5d3af7fe4625aab9df2560862656e63686d61726b73
010005a41e00c8d2047543aa20fbfaf72da8006e50ac6d1ca52f5b869f620321bf4581a3d4a554fa82451d48d3653b98284c44c3289778e20c436e9b82032afde2f9ad3edb175ffaf1c35970adf679b75ad6326ec60bc318e2c0f0d908a0a0a0a0a000000003e8b2ad8ff156d88d6c3f65a02a99bff99834808ab3f59bf68c8f7af532496615e4b8a36afb465634a9296e506bbdd24a02af743a0c6347e8a00f9056194fdcb80a62656e63686d61726b73
0100f555e9fce7985a0bf857a0f939c38ded008bab1f9ab87d13f486302b3616dd6f5131bed45ffa93aa4ef4180f66c8f06157a0243f4f1286c7567c37d51e0aa0d917082861dfdfbf60752568aa3448410eda6ec60bc318e2c0f0d908a1a1a1a1a100000003e837e20a01c1b2b1b3ef829991640e826c5946394cdf01684895beaa29c9497362a1a9aa27bdde9450736c38eaeca1561d9d3ac6d231fb4e43a997828966c0080f62656e63686d61726b73
01001f9bab71e7caf7e76e2ea702a657282700384c3660ec964aa1cc4c2d9fd2df9db1c471f3a5ab8e996c45da9b64e1374a3603b58217275468218740e3cb4b705f89de96c87b217a5c8d89c84a17efe4c18e6ec60bc318e2c0f0d908a2a2a2a2a200000003e8d4d17f1462dcc6b6231594959e6e083207ca53dba623cf6a975119e2a5c884bc78def7bf8f7932ca185c24947d8e916107d853b0f5e54f42a0b01e7d0aa6d60662656e63686d61726b73
010084e372662c7fc4e1f324efb64c93896200c3f7e372f55821d57dc3f03da8d4841d4cb8f3a765a766950048f4aba6e4796c0b7de8b0fd0a50866e71c87a8226d9f8da8c38c87d633cbcbf9956f6aee621936ec60bc318e2c0f0d908a3a3a3a3a300000003e850170f1d858e8cf53e59fa1a52b717ae55ee9395382993e7da6f7f3559787657c211c56b341dda19bd6bffe785ac0f5318dcedc87d09a17f173b46f5efcc030f62656e63686d61726b73
0100f510b1af0276a777c564828fddcfc2a50013917b83f129f6527b8436b70d175c3e1edbc18e659bda8991f4dc78691d3e580d97bfb49f6823ee5ea654d9b66e871b7f2d61b987d75b87325aded19190e05e6ec60bc318e2c0f0d908a4a4a4a4a400000003e83a235d2e7a77df904fb6fbb901b0ffb47e1115c08cec891c5b79321ab2b0b0ed77aade45adb6321ddbc1e13d7f0b869ca3493f174270e2c60405d48948213b0e62656e63686d61726b73
0100f60857a188fcb39279b1b97d7895d42e0086c4a66af6c66820094d85e8831cc352bd3dc42197f5e9bee80f1931f83914176cd2044f51b64b7a392b2c398583136a3674fa2dccbf8d8e4f576bc66244bb486ec60bc318e2c0f0d908a5a5a5a5a500000003e82c0d4503e1ff327a6b8533035c3aa81dc45470bd0df63240e5502487c7a2aa5cb7dceea4f6769d3ca67a9b670e2a394d0bb0e2a10e3a3d02d17360c6df62ae0762656e63686d61726b73
010042430731e1c011ca9ab37fbed20d405d00f4a67b2c37c9092d00d96f587e59e0a72a8c43179a62e7a7c9e91e9376dad666856d33e915f0504a14fe187710b677f1b9f15d4baff935a2c248fd9d1a6cbbb06ec60bc318e2c0f0d908a6a6a6a6a600000003e8a741b4698b78eff4352a6d6fc99b589548558d61c49a30e9f9f8f99f0b55964f25168658e2016f82d01252c9fb70cf8048e38b2648c1ac0ae3544ad801a1540e62656e63686d61726b73
01006ad1c0a75197ea980edd2055c9eed54e00ae67901166d03e1e4e9b8ccd669e573130a42bbc8381daf125ab9c2552c3131f27e04d5741d36aad97259305082ab7481af55f053e2bd12e27e2fb380b055f876ec60bc318e2c0f0d908a7a7a7a7a700000003e83f837b80b904caeff3d7a019c3bdcb8457ceeaec1ecea107c7e52746a26284f0360571d1ae33a5ba25a1b3f205b71a7244e2caf6026c3e3d50fcc4c73ca2e30162656e63686d61726b73
01003829012cdb45c563e1f92223c972ec9900f6f3b0e19d9931e40dcf630eb043ac931e5a8705fa81629d922db939634c9f05455b97e328d0f729009a81c1c16e73f0c988f8ee77603547d0e91978e1ce5f566ec60bc318e2c0f0d908a8a8a8a8a800000003e861f3d4a42b8d402168711a681893d8afbe8e1eba7ae980abf028da0a6f9340fac0b1383ce7133a262e37a6453d7f1b1516cca257435bc87ae3d167565fd0650362656e63686d61726b73
0100d345b45168dbbd3557d8d35915ce6dc900c00d8907e092c2c637c36b860c332296635230c6b1fa6afb9aecdd6cbd494132e6b6acb0f39279189e3838c5a80a49a80d19971ba4bf1b8a61f6cc6384b79e3c6ec60bc318e2c0f0d908a9a9a9a9a900000003e8381a362be213db2509a8ac55a8469bca04d173d7c444fc51a0623c0701877f6d2bfd2bd422728fbf40a0b8b2758182fe97074513b0e0bc5efc0b9a60d8f9dd0e62656e63686d61726b73
0100445edc5178d338f95d07af3f77e00e2c0067bb1ff2d40682ea216492db2cf2487971109f7df669454e8616670cc1fd6316b302cf56e0180037524c76b4888949be3b6382761091910341601532e34fea686ec60bc318e2c0f0d908aaaaaaaaaa00000003e83cf26ddcff3a1d62f98840f782985183efe256fd85b62e49cc0e65e2befa381fbc5cf11136baafaff4cd7342f6e4d64e8cd60dfb8c13e071137e654bee3ba70762656e63686d61726b73
0100999325a9dfd68638a569b77d9d898b1200db4f84ad2895ef151942a7cb758f9195c4c6bc508dbcd6543f46b190993fb726fe5231c899e21d9e721c17a8577647257d4acebbb6fc929fce8339e5165e65bc6ec60bc318e2c0f0d908ababababab00000003e882c5e2873d095f64934b9969585aa3db4fdfa245c6b4b29f2eb9493da896603c6b73e1b464fec50c572b9855fca4309799dd04f275e35516de9508ea4a2de20162656e63686d61726b73
01008157e17b033387325a226a5bc2cb9a83008b19cef0703b67d9f6fec0541fa53cb7b1495b3bbe9886b34c617351382a2e5cc2d337fc5f903b866336cbfacb5f6f084682bceab8400e20556a2d8818e7af406ec60bc318e2c0f0d908acacacacac00000003e8b3b5c55429e9a0708f1c9bba81c999902626bc72f32156b15f8be94e940a018e05c1f748d49be63be9a9945a4e405a9a945786558cf4e1c464ffefb39565300e62656e63686d61726b73
010083445990b9096dbe32b4473ef9763b160046a9328ff1cb77afffb3ebce8b792b7d5cab7b657097992fb55dceaeee97b93ae1616c52a86fb1f424624d392e66f1926775d1985f1701f3e2a22ce40c1ad4256ec60bc318e2c0f0d908adadadadad00000003e8184d509dd5ec7d5f548d2cb911ed13a61d754e0f918a617f628edb1227e40784c65a16cec51b9c40663903f8891508918baa9e554b9c09fa023710e489bf890462656e63686d61726b73
01006499eb22bd64b8118e1feb2810f12bd4008d97e3fdb68f99ac9b63b2515036e342fde764fd368a6939d07170ded4b6550ab534e139e401bdeb9ffafc26368011b292a998eee4d4765bb1273d46a0db8f316ec60bc318e2c0f0d908aeaeaeaeae00000003e83f61b10650561b41f648e14532cc4e1cc682da7219245c875c8b8f096fa50445a3c2289617b2638fb8bd36cd2faadc54c485cc54e1c0a52ed1f69f49f257710d62656e63686d61726b73
010096728d76796adf43fbca3c1bb431d9b700670b9a588fc4a2a2e6128f97eaf6fb0df40976a060f5c7704d41a63c9e84f308d16044e488caaecdaa24eb89b9731b0f93a0f709c8846992c92e963e8b8a940b6ec60bc318e2c0f0d908afafafafaf00000003e884ff6899727a9a0e94db47c200293f3836eaf59eebf89d4a807b797893e3a056da28bab8cecf9a52f5d08e009a5c96e2e023f461c087e82235a31666126a7f0962656e63686d61726b73
0100a0728d1c969c3e56283fd1b6a673cd4d0006af96ac1aea88c608fd06e526c8b1fe885db27554c709ced1347ccfec350956eea2894e846ecea2abf5707c661900631294f23e6c0171197e15b49f612b830f6ec60bc318e2c0f0d908b0b0b0b0b000000003e844fcd07ca0758b7b5bd9c616164fc77c2bd717fe29ea63aa7461fc0e0b9d4b38bf207b182ad4ea7c2446dbd018ead495534898c205f531e93467d885a5c3b30762656e63686d61726b73
0100860f7298f74b796b99fefe8809ba7635004b98ef2dba057169b6e201111cbf426a97868f52caa45bf9617ed113bfbc194b82483b0d617ff1f3a2b2b172c0bd87a7ba59349628735715ed967dabc411a5996ec60bc318e2c0f0d908b1b1b1b1b100000003e8a4424b51750bd4205cd498d5a0ec419520b09fb54d65155166faa6302ab9f6b0e5bb084857ed6af5085446cc37a12503ab11b0a7b412ed28e0553d9ca2a0870462656e63686d61726b73
0100b45161af84c42f54a367506fe4e05996000cc77f377ecfa149d4aaa3a3c5286978d27bb1713127fc1727162bdc513e044b92866d95ca089bda99d6dcd7b6262361cfd73e55068fba2d0b59ef959cdf39496ec60bc318e2c0f0d908b2b2b2b2b200000003e80e1cd47a851f7485b8bf7e498606cf814697380d81b3336aeb60524fe7425068a08f47aaaa56092dff8cc550670ec4b99da67471c0a2a003636a270c7fa26a0f62656e63686d61726b73
01001fcca5ac9dbf22e2f32c1f2b27c7122e006cf44d277862fc4671f09e3deeda814e33f7768a1c3f0bc158532daca920be3f97336a06b0fa73bf0cb98ba6a53f4c0e87537c3e0e838142bea066098838783e6ec60bc318e2c0f0d908b3b3b3b3b300000003e89552efc86b0e6c5ae0a76a51fc2fd88d1e8a0d2f59faec388a42bddc61d7f81b8555043376c73fdb6b49a5e89200c788126a7f8f0169b28dd0009be01c93e50062656e63686d61726b73
0100beb00b27329f96f54f769554a479ce5c006ae36a6fbab2f2f2c889626737fb4008094e48c396bc01a2292d9a950da52e72f183519d7b3bbecb6ad71095d1928152eb64b6f9e1fe68c244a4eb5a17ce70376ec60bc318e2c0f0d908b4b4b4b4b400000003e8f390d105ee3f42690bef8bd5936fab74b2026aa13db6eba8a0fd0099508010436730a571659dc049484ef5eebe28f4f4758bfaa4378b9752fc292b583935410062656e63686d61726b73
01007a709218c1e5c909cee9da7958f9becb001aa3c114e6c995b89b2f15f50ab70ba5da4536e3110544e558ea18b675db537965eaa462e720b05f1be8f73873a5016100a3673019052f1a9f6074a6c09ada386ec60bc318e2c0f0d908b5b5b5b5b500000003e8032322bee9fab4b3081224fed5d06d4b449fcc983178482ddb58df91b36ea55c300c027430df52bb7330aa47f904b1165567972dfad383f28d130e0769aa390f62656e63686d61726b73
0100280f1925d0ec30c2665a963485be38b700df7e8f24421cc7660cb5ef140d17cf45cf324f0a34e1547da9642ccefb7c117a194d8bfafb711cfb0f80e4b955a89c382e8d6395ba4e6f4c5ab83950234345226ec60bc318e2c0f0d908b6b6b6b6b600000003e8a06ddfe931ed7bd2ab12f559464292e8b8a3b65a5faba5091519e40c7472e26b0d784fd2c101021dd32e88e3157e347a6987ffaa3d48af5cca0ec2b34e27150462656e63686d61726b73
01007f47b2659aa79ef6dbfa4505e69a790300b10afd51c27308abb1c182dcf854b29ea8bdcca6e64988d6a7ce9dae92d9db3e9c0fe668e5f2e2650cf56bbe5b331d09257558fcfb9b2913ef64c3ee5c88b6646ec60bc318e2c0f0d908b7b7b7b7b700000003e84554392ad4e62bbb27ba0dd72c217afe83d29fcca0b3a6c64381079a9509121bbb27289a427b3fe2339d0501819a53475c64f082a6f4e68adc49e54c9c4e550c62656e63686d61726b73
0100a11c5e738d8fd35d5b9764873078a071001a99c2597bee06621db788a946fe2f13138667b28803975fc4d193031b783c642793783a70144d8a6d9670b9037346cb6d5ee2cf216853bf098aaa9d5ccf34236ec60bc318e2c0f0d908b8b8b8b8b800000003e84d2574df4fe7c1cebe83b072dcbb3303ae571db7dba9d3ad8e3f80dedc919a541deb0662e353ddb4ddbf976aa9da7185f270318e80868671c8d73640d2050f0c62656e63686d61726b73
0100941c2e95edbbf84bce1980fc5e505e350059dcdd2fb33055178a25477b2895c8fe18819c8899ff4f9f21928cf9b67efc0b55019d400472e78f341bacd5f97b188b146be1f4073dab6d8f8a750448ebc8d06ec60bc318e2c0f0d908b9b9b9b9b900000003e89dcb367de038cae0102f437e4c936d0b53edb81cd2586ce209a2d30bbc4bd47c0ae03ede2a5b813d5fed5bc4d3eb906b7573abe57fb14e417b79caadeafa6e0262656e63686d61726b73
010070dffe149fadba8d3e60c08850285002009ed4225d7209ef1ef475dd7df62b283b14655d0a4bf8c148cbd162d86bba1f5e46313ba42bbcf513508d8582da12cedcfde97cf04074d7bc00b64272ab227da66ec60bc318e2c0f0d908bababababa00000003e8dfb83d08a09ca295b895439117ee9d590f82ffc5d28cbbca84a728dd377a0ea0440a829ba584f82ba61ca73380b7f6c370ea1ee4344e3685d7bf0298a8b8610762656e63686d61726b73
0100556d356c832e4b2eeae19ebeeb17eb390039d72e38246096861b1f20adbb8008ffcfdea649a1064de78bf646cab2f6ee37573c1bf02410575305ecf5f6ae09233a23b57f9199404f10bed7af7a09c745606ec60bc318e2c0f0d908bbbbbbbbbb00000003e8d945f4f4b5e6c4239bdb5139a26b181eace9ae212b7d0744c201c07ec8361af016c25acceec8e4f03cec2c4fdd072634cf2337a265c0ac57271b828160f7bb0d62656e63686d61726b73
0100774b455d66c866e949191818c846d0da00eb3ac52a30af49dbd578c95a3028d8f4b63ec8c83d757d0279bdeb6e88823d2708aa50060d59dbcda110780a7b3e5fcb0868e4ce2fa58d8d7780496e6ed54b636ec60bc318e2c0f0d908bcbcbcbcbc00000003e8d78fd329b08a6ea1010d5bbcbc81edbc550eb1587254a75adc971e5b1df5a75713643423dcf979728974ff0b513e9dbcd37296e327d493773346ff41ad35610562656e63686d61726b73
0100f6b2d36291ef3b5c114ee2d4421483a900b28e273d2054623f7e46120a5ba908fd5612c34b60658138fcd444a3685db6455cc11706f4789bd43d952be2f0c7129860ac4ddd7126bb75b066f34d6e0ec3de6ec60bc318e2c0f0d908bdbdbdbdbd00000003e8dc2b8a53f856accb77547609718974f275b75ab4562b2caf4f8d3095ff0ed6e0e0de8c4f2c27a35201a990b325a1f7b22d11a646c0953d08ec9175bc3d2e2d0662656e63686d61726b73
01000208fa6c415c7cfb48469180610887bd00200c9c5e7c6abf66ba6aaf1bc5dd30511e7897f530f4a2f722a20c6df45a6c6d9527d031e1a7aea6cf8948bf7b7ff7544fc799d350efb90872b318bbe7b39d516ec60bc318e2c0f0d908bebebebebe00000003e8c463093214d1c99526c68f96f88747ad243eb7b57a960bc993d524954a45d41d3b5601b79a92954c824a08929899cec8246221d5a0827367cae62362f79b9f0262656e63686d61726b73
0100d852527be73b03ec96128b1081876e0c001de5d44c6c0c015379d58796ff42a8e9f1999a8aa4089b2502ea0f83392a7e4d50ba43e3fa1061e055b1e96036ba23468641874342a78f0c5a4b9c5a919a24586ec60bc318e2c0f0d908bfbfbfbfbf00000003e8f3511ab7056c9ea867f028a124d7d25f326b669f9413e327eb279cf4bc1bce903e98c4fd605fd2b17d8f6b424b582cc6f9580a44431c8095181fa352f1b0140f62656e63686d61726b73
010062784dfc83e994e5309af1c0df3f685a0093cb01135c6cb1aef27e5b99219b11dd0810b22d43301f037e5f8e4e6a8aab08bbe6f5db4218e1233b0685fba64b18a4775d93ffc07daa9d3253916a248d2ff96ec60bc318e2c0f0d908c0c0c0c0c000000003e828bc37a0e255def902e5ffd9eea9616c1a28dfbc279d5c8e643de1486589dc7b3fb4c7a825fe1f9a864d48ff7af716a9456068a580c6401d4f2b4dc5982c2d0562656e63686d61726b73
01009d0ef952cde1f6ea2f043f4386ad30c70055e6234ff6c1711efb62cd88a9c8f30e75d0f595f567e37b4b7fa9347cb0533fa3c1fad8738742fa0626b99df4cb976189547b2e6ec91d964895fe2dfc2610456ec60bc318e2c0f0d908c1c1c1c1c100000003e88a13a38372e82591693233306d992f25be04bf70e0660fd7754fe62b5c73f38e215d8a8cba7e0c1b3bff7f6bf93009289773e52a0cc0306d2189f5562760360f62656e63686d61726b73
0100d7cc80181002f58945b1f787c9624b7b00a47e9a32020effc064356dc6e518f5e1b5c9715d289948fb0ede08be7a0c9452bdbbd28365ef74c8cef8621b3d047b0f4cba0f8621b4ea592a67bcf81df1ec286ec60bc318e2c0f0d908c2c2c2c2c200000003e8207f649b80d228b76e9292dbca015126ee7a290af222f27346defec6a2ae3b44042fbf28262c00d4f7ec5eddfda0f200830b03ccaf567b1851deba5dadb0360c62656e63686d61726b73
01007d38d7466f6fff05740dfcc5a62b5bab00e4b2648bd4618f85a38a744579a8199f819887dae96be5139dbbf3db1b6fd2667f72f2242b0002e50d3b649ec1549ae3f207bda21ba6abc4c5e8e55de3684a736ec60bc318e2c0f0d908c3c3c3c3c300000003e899a83d4538b455b61407a8343a9ed5a7d8c1153fde309bb0fb6715a89695387323c3077e3c3116763427f61be4851d9fe7ff8de1d71bae5b50e60677b6f91a0c62656e63686d61726b73
01007a2a6307d3be617a4dd02311ab9e17c1004e27961b8d4c32bbea7f728179e7fa805fda72bcf962d4161aae806652701e315a34a6dfb892a6b24e23afbf5957a8542ac64d81abaf0611aaf69ea0da1fdc066ec60bc318e2c0f0d908c4c4c4c4c400000003e87be4d7cbf82f0dc68b5f0501649b65c74e95a26623210c23da59732635b21e1cfceeb76364890f94c4a5a3d6f823b0ad916da9a3a7ccbd8d2da8b9d72212c90862656e63686d61726b73
010090b7dd60d9e57953cefb777fff25aecf008a60a3aecfc8ae9dc8c238048f446f3ab5ab9eee0047f5f83ec230a5ad13427902b1e2ecc3fdeac1fc2deeedfacddc6e9e902c1a5257ddeea8a4106cc8ba2fd86ec60bc318e2c0f0d908c5c5c5c5c500000003e8cc285b7d8f7daf9f48297a3c9be97892fb5de5b6f4e4098a7a709268c57479dfca6ae47b88640d1f7c905e3a75e46a0fb86ddb9787f0c6fb7f17e11d1f448b0d62656e63686d61726b73
0100b8f1e4dacc59a27bf7ab6c43e38ba38c00c43d906036ba786bbb1defa8ea6e915552774ca82af3ea158bdd2664a271d649feb1b527bd3baf9f734cf85184cf69dd32dbbdb1c98371ce243632e968b4c88e6ec60bc318e2c0f0d908c6c6c6c6c600000003e8335b6d13d87e96c4fe92f48a76a6a9e04347f04a93cb94d7b17a4af5da52eae6074d8d215d08eb32eccec9035548d7879bab454e97284e0f486f71aa935e030a62656e63686d61726b73
010017163892e6b9d2a1b59e5fc9d962574a006c450f64da768134b6fd5ed62e3c01638e7ba6d159985611942f97b81745ec14cd8008e7ef102536f519c210d240e784e451b5ec3a12df2206d9bbc9ce1c3eff6ec60bc318e2c0f0d908c7c7c7c7c700000003e80b97f06903054cbeb43fdb7d60a750c3608a0db1b3b0f58b2d5c2566cf65226c12e61c0d5b45234bc95cfce6a941e06dcb086a5d4a8f898d595e93c262bf370662656e63686d61726b73
01009bfe93d4f497a1935555c36e14204652007a33d4118b6f005af52604292bea4a0778b98b36d9a5b8abd8c220a14c03b815098622a5dc20d1f0c44fe30b9687ff578d1504f197734dd5f5a7789c06c2c0986ec60bc318e2c0f0d908c8c8c8c8c800000003e8c63d77bcf172c9844423c7a90a790df4b05ed4a0112f6bf8b5d73e6ccfa8f4a0d6dd3a75b39059bbad87facb460e83251a57e374503ea492c90b9c32397e610d62656e63686d61726b73
01004487e8fd7968e7a7668aa18138ef981b00c230964c69d9ee03afbc01f8d03a20f392ece9b182816c402871f5cc92d91f2fba14a0bdabf2a8c60451941f93beab16cb15a124dbc72ce6956dce9655cb33bc6ec60bc318e2c0f0d908c9c9c9c9c900000003e8cc23b1fafe6f3a5778c469c1eec1d6499ac2457697d9a90672779216e6c3b0061045c184f90153fb5991e11b6e51264faf8b0502dcb75ba29e17be5597e69e0462656e63686d61726b73
0100317950a64f596c8d16b82dde2e22ca54009d6aa0e0ef297cde6fa80c13241a448e51afc110d81ff1b5644680a056ff456e1a113d2ee48fd80b2c840345b6bc384298982862d9508ac7807c65e92c6d4d7a6ec60bc318e2c0f0d908cacacacaca00000003e8bc6d5a0bd8514fe8eed96f199b28e81607f9394708b7b7c97d62633823dad9ecdd0aed3d25bdb37c442d850488ed12f26c637d12240d9cd3c2f810f1158eb10d62656e63686d61726b73
0100ed6e30813c3d2a1f4ae289d8aa0f26380027ba4d2ebcd8442f88c8f7e84d1d137f35e38c50fbb9a17a3d1a0341f72b1d5f596e7c0008c93cc4001a676065821f4ec05ef63ec211e672dd4a487a256f3e956ec60bc318e2c0f0d908cbcbcbcbcb00000003e8727a9058c53de78ba89b0f0980cef3ed0308c3150539eb36eecb7167422adf66b3359c1f00cc8cbb2a9b574867c517569a2376901bd539a306114e46d2293e0b62656e63686d61726b73
0100bad8a6d0609df1bfb3e04f1ce95a13b5004eb8aca0bb580c5cdb04bdae81b5a898ccc9d743decf54498bb8b8a463005e190a62da2bfe83c8a91b33c9f6f9ca5f8f274962a0cfc5149ba682734749dddc616ec60bc318e2c0f0d908cccccccccc00000003e8f581f1f8b328a471c4788a01a256c3adef20f375ba46d0196d99d902edfe5b95fa132bd3a92b348fba2270b86b531d5e3533fdd23559aac7656a71aeecdc2b0f62656e63686d61726b73
01005d0677da81e63ac98b3ebd4f4cef999200490099884f3bdb73e616a36c3db85548ccf3748ea5d62e53162322751fc44d087f310a05c2d51983b91548052f4086807fa8cd437158368431bb72b178ec12736ec60bc318e2c0f0d908cdcdcdcdcd00000003e8f1f4dbd27b89e77c720d0a45ded9276d3364ad46f38fff95aa0337e03f3bf2edc145fd2268341c9618e9faafbbaacdddeaf8e9cb1df1c74c8c0968f9c10c250362656e63686d61726b73
0100bd2663e176cf0d19ba33cc9fbe75d0c3005855f8110001f5df6ec165e2bb5d1d4ff06da1cd062422c8e7891b4422e97f0101a89b090cf40d6fd23415636e11f3dba4262758ceeb97b8bc545e6a2c1c72f56ec60bc318e2c0f0d908cecececece00000003e8b951765df76478e3e8f2341e3df17687a7aff0c544fb2813ff1701ab7cf71753b6ca30f9c5285d73ea8247055836bcad021f508e8ceac132fe958c564208b50562656e63686d61726b73
0100e8c0d2fa856e6869f1a7befbe09fb6fa00ef0d4c5d4de2f9a553aacc589cae38256a267d06c963796e7a3684065f80cb001146bd02a2e39694facb94471d18a3b381a1a81e6d9b016fe24f925d0478d4686ec60bc318e2c0f0d908cfcfcfcfcf00000003e889905ad3ffa9a160bfb02aa30e8a08e9cf2d3b4fd6e5c6ded3acb5d879a56fbdd5a859635e2306f5b6205ec0348e63c20e66ab29e93a5f046c31398b1eef7b0962656e63686d61726b73
0100b67518b350d936ab07d08ffcda367a1a00d0bb8ddf095fc260be88b0efa52e042f51f63660493382abb4cbc82fb397fb709fb860ee5d9ad23ba62cc5ddb2fc88d50a2e73006e96041c24465e8de0f66c896ec60bc318e2c0f0d908d0d0d0d0d000000003e82ee5157e306f99d7db07b047fcc6022f98d4369d312ab07aa191032f762ad1dfab6ba90ba8bee1916041db84be20f9afb76c98d7116a51e5f56a87ea8258050662656e63686d61726b73
0100c4a83e25dcc100d8d1b311c0baacd1d800614511fabafd46ba46439eddcf2ef156ba685b95a6b247cc378e50282fedc96a537892b9d01384d07e77c7f85b2bb3f952cc197bcce9267d15e318e5d3416e066ec60bc318e2c0f0d908d1d1d1d1d100000003e89429c3415f36cbb5d270be321e3ad94cf2db2761ae19fb7372782c5763b268f629429ba79138db234f88999adc3dc687c136f8359b9e362e5bf5c99fab1d390362656e63686d61726b73
01001abd6e292a89fd46cacd272444b43f6f003bbd654387d9b4118886c347d9bf33278668b6d1fcbe2955c9b2aa8888668e3e059a88f76ad3741ea2727e1218a45ca0a53153c41b03dd8b033a8c9bac5b70416ec60bc318e2c0f0d908d2d2d2d2d200000003e8ea9e42a9414ed898a3fbf980c97ce5d0e0c719a501fecc97bf3972ec2a49ba46275081d340c097eadd1972d9a43f492dfb4781a685925fc100ff11540242f90d62656e63686d61726b73
01009150b672f8c4ffc8a8a8b1dc6780d8c7005987879d37a5fc5f698b69a367c16b6c5bb247b3999c85bbfa6ba8497c459e31216b22fb14d08555bd3c0d8d7744120bbd9073102e7fff3612cfafacef3944a96ec60bc318e2c0f0d908d3d3d3d3d300000003e8615403ee7a42ca3304d4f2d8f572e1a4729e6a133f1db842c2fee7436915a3390d8d5492e70af9ac296b5752f7ffd64880e8aba3234f82a1e4ac4537a991930362656e63686d61726b73
0100177265e54168543a31e8861b66c43cd70052db2bd59d2c6f5f80acab08895e220b19a2bc156d955a17622bce1895010c6e3af7138cf85d501f98156c5527077bef2bc7fb923f790a2d0f0932f756dbf72c6ec60bc318e2c0f0d908d4d4d4d4d400000003e86d1e2088b8a2ad60502aefec9b6023b824a5e97d6c466502c6445f8a2a1b4c7d4342cd716b82f65d5be0c2bd409acf2df41d4ec7e312c3ae316aecafe37f440262656e63686d61726b73
0100ca69229226e8e1f05158692d46e730ee00a48249852cf06bdfec7738c3445034c2f29be92944fd171d6abffac344c9c8045b97d9aabbd06e8787b23fa5c72fe1f4445a448a81752706fe6ab17f94201e0b6ec60bc318e2c0f0d908d5d5d5d5d500000003e8850ab7c9bd508c167c9f2524585be30e996b6a691e44e9eed67f9f13bea49ae9653a37839d3254ac06296633edf5d2edf995177873c00979178cf9b2afa6720d62656e63686d61726b73
01001d33b84daade68e88cd7b46a956afade0098f7d4a42c4e62d760cadbed8363cc95b757c7454b6c98b0d6b2f65934241a743d26b2c0eb8742b4f895cd93e3539c95f5e60ee3af899eeecfb44ec1b4e229bc6ec60bc318e2c0f0d908d6d6d6d6d600000003e8617567f3d912f6224aad4ecd2e62a94bafc05293cc1ad426859f99fea04df77e84462c014537aac081d412fe06803a4d7dd250f0569f0eacf82834c8153dbd0b62656e63686d61726b73
0100e74a0e0fecda35860ce728603203ef64008502f5b28f32cdae0f40c0c71f67c3ef89c4cc359d416c1025e6186bc5903c6e0ab463a94287a9010ac9497e0c00e1b09d3d9f320e491ae15851a7ee06b062c66ec60bc318e2c0f0d908d7d7d7d7d700000003e8a5170d423c7399f70510a4ccdac82e598e502be9e874b0e48ea5e3c2ffe2f7969d07dfb7813efa862dc253ecabf043dc2ee450904373296e3267f7ac11914a0a62656e63686d61726b73
010076c0369da5264fbe2060633490db1f39000d84cc6135097e860383eb9a3bf82f620feb0c343bb648bb0229f074f9314f565078990201d4dc50d5d335e3918ee37fc0ede9c622b6b2d054d6415396980e3b6ec60bc318e2c0f0d908d8d8d8d8d800000003e850b1b15beb6e4718146af50d8e0aa7ce094c475d626254f1c5f85b30b10282c5b7ba00cbf94eca0c9fd9ace1731abbfb12ed4dea6ef657fec870b6599a8de80762656e63686d61726b73
010039b8f03c84255127d62ebe4ce1260a84008468b91f37450f5f5224e9a787a3069fc8cc7c36754344841e1bbbf5cb55c62a6303bbab6ea979b55a23d099416a2409df4316d0b284c750fe8f726f7d30e2b56ec60bc318e2c0f0d908d9d9d9d9d900000003e8f023bb146860c700141688f712b161b6a9f09f51321a7b6a35e6fa23ace236a48f2d96ecffef7ee0142c6f0dfb4148245d9e8157538c7425d9b0a5891f15ff0762656e63686d61726b73
01007d181ed703983a02c2ed664977027d1f006d96c99acb9ad411248b99a3c53b07cc38c5cb8bef9cb2ef5221d178dca1a21291cda23b273b4e7df362f99a19d57751789c2c65bc628160331e3391e550f2b86ec60bc318e2c0f0d908dadadadada00000003e8fcd9f38686d9ebceec71c88175f688dbf36f7b2bb8726a925f8be2766c8f1b76c666a36c5271eed6a337f278dbc8a7a96efa6711d9778bdbb79bce57698a3e0a62656e63686d61726b73
01001394d9eb5806e1b92275a12531c354200085f0b42be61090135c44c34a6232db74ed842a6927e5477af5610a54aead041952de310e0c1124a2cf4c2ac081a4536fce7936e0dab39cba5dfeb1849a11c6566ec60bc318e2c0f0d908dbdbdbdbdb00000003e83a158bab7e9e86e9339c26151e918545ce11765e179c0d106453bb395e340fff3e7d0826ac8f329fd93fb0b42b7ce529b6c5cbc705a3f55d586a203a03885c0f62656e63686d61726b73
01005598237d1c8c1fe34100487d66f6a9060036b62833e19f92525f80013d7c691099e54213b65b020e26e4c7e18048ca1747ff6c6ed326570409728ff23cdc3f21edec290a8a19aeb5156cc5680add75d7bd6ec60bc318e2c0f0d908dcdcdcdcdc00000003e820306184ba23943519386faf6ca5b9c1066b90d6a6b70d8552f4a3d2c7ee75d47416fad55a551a49d94b52f1aab8f4e603ed253bfa98a507d2172d25f271960962656e63686d61726b73
01009f3b65a59c70ef5c49b8fddba04342a6007b09551c7478cb5298cd83d872d0bd5027760c8d156ae1fb36e019fa92a49e26d41176decaf5bc59a58a84df99aa22ed9e581e3466543b61d7a2feba379fa3956ec60bc318e2c0f0d908dddddddddd00000003e823facb140fcea313372b522a2317f142dba4211ced0e3b106f6f615a15cd86fadcd2a967cf7dad33ebc659c339271269a7bc81324c9861a4940d78cb0bd4f20c62656e63686d61726b73
0100bbd8686675c59dbb7d59de77d538bbf20005f2800d5752d88e70c7e3afbb65c2d054a4e7986036812912ff9202f26f205103cb68b04abf50f498c96411dd54a2ffaa8299f742879e44471c0dbd672da1f46ec60bc318e2c0f0d908dedededede00000003e80f5fe63805f8238128860ca280586742d6c18df2c91729310e573280bcd49076113fbf57e5de6277871bcf435d6a4a74156414d7e8a9ce60390ca6682a1fca0362656e63686d61726b73
010037c94c05642c7e348eb165666ad62bfc00cbf6a3ecc16c4fd9b7e6f54c6804f3a8f9c267ebd7756d8225fb609900be9e029cabed16f01c183e4e119df0d0720c8a35ab0808c5c02ea56bbe7755cfba36ea6ec60bc318e2c0f0d908dfdfdfdfdf00000003e862a1f131e0f61f9c97481f1528519a3c71efc3cc64e7e1a416b10eda737270e209261d463be3cff3406f391fa568d409b56f58751c62587d5ede71823d978c0a62656e63686d61726b73
0100950a4751f9b76fa3b8d652c0d44f8daa0018d34ce1a0dbc2d9f37a5ee6048e49d77c749b1f97832acdc1631a75bcd4d8380ba91f839562e75a15d25dba5533058b2a8d46933515b3f94773685b1b624a9f6ec60bc318e2c0f0d908e0e0e0e0e000000003e8b189e18744d62e37fc1dc4de0680b7bb7b2818243b7692ab9ca21aaa09e670afc9834fe67843bee4bbace26a89e8f4c45a78eb65c19da459c606b93e385d150762656e63686d61726b73
010089a1163f0404138e43dc567f0e5e47b800edf22eef39ad93206787b0c9fbd9de975ea3c3d352ce0d4d1dc0b7c1b7b7c31efeb595241dd362b337291aeadaf8bf577b3b5bc65ac44f67f4c24df23fd061516ec60bc318e2c0f0d908e1e1e1e1e100000003e80f96b851a9f68fff8b0ac5641d8ea2ba8055c830216fbc462e19c8d3a0b88542f6c6fbecaa1ddcc7957a8d5a94c1dcac0f9009500e4f0085ea02425242d4ff0562656e63686d61726b73
010011f274cde39ce042816d3bf5c28c8b7b00c7a6df201ac66062c5d5d3f2fd8f01bf2f345affef7c8b0ba8009eaec3299d140e12d2bdd4054d8cada7ad723e14439c7cdb2aba0c4f15fcdea41ebdfd40aa2b6ec60bc318e2c0f0d908e2e2e2e2e200000003e802a48bbf9d725799888b154bc2d704cc61df5604751817ae4b29225da67f997ac4a41a57e672930d2041872840223390278b43e135fcfabd14d11d00323ca20462656e63686d61726b73
0100771a9ac87e5c54bfbfa7dd7c6edebcae00d53040925ed248022922c6214bfb88e138a3409102305d75fa1ad94b307a4d400a554a581d665ac13db30e1a6e5fd0518ccd3252e3a823f856e224c0b903288c6ec60bc318e2c0f0d908e3e3e3e3e300000003e88aed98ddfef0eb11af9b13febfc6b0de6ac64d48e443486c635a0568c14dfc45afd91db3141a40f90cecb58bc0e1caeb7d2dc032684ffd2df060ac5bd698cc0f62656e63686d61726b73
010080aacb58d8e5f1ecb5448ea96f3815ba0067c24b2c3ccf9ed6bac9426f590b1ad78fa33cf6b8001658318d886bdd6e6c0a55776c53fe9c91fe3e9451ece8aa5b18746f93c66de761a297cee49e1817a3c46ec60bc318e2c0f0d908e4e4e4e4e400000003e84df6435ac1009b1986fc1c48880390b27367103748cd91271496622759754620b2b3c2ad43b2b3d95fec316d4e5047a65825af6b91a5ded3853dea8d55f59f0b62656e63686d61726b73
0100cbf42ac1ec659102e5482b650a2f748400e982a490324117dc62a9b15237fa4c88bf98d71d5aa9aab0b35adac0dc269a37e8cd2ad0de4ce0f73251856afc35af753d364d84bf6bda17559dd3624a4cfede6ec60bc318e2c0f0d908e5e5e5e5e500000003e8012c7d5bdf8f5b087ea038eddcb0bde049f66fcca9c1019dc27c21261e22037c7b523f3a44e1a15e5cd36d4f292cdf3bd0ef6621a0ec933f15c0ef5ddca3b50962656e63686d61726b73
0100dfe2b9adf498509355f0dfc0aad40b0e00e5a73a54827a43caa62c09d120a9a43617904f93e4d2c6a28f27d29bf2a12b6c23480d8f1b33161073bc4c3d1ed8d860bca3b4d9dfd56511631faf3a0f5a67086ec60bc318e2c0f0d908e6e6e6e6e600000003e846981780c2eea4238b5f8faa25dc7950c5a67c9d6a3cd3f7d5dab4f04aee64532078b4c395755a384feace413bd693ab4b6c980b4d311b129d6439147d4aae0862656e63686d61726b73
0100806a952f632443ed0189796dca050c11001e6f2e53cfd64faef733c005734ff9200d46931bc4e03984726cd8780671a65812cc9cb4889dd02bafc3c43b56e95fcbe5b888250d05c49a8cde8a648739180a6ec60bc318e2c0f0d908e7e7e7e7e700000003e80ba688526ae4b726d32e93efe3c5d48a484992f36819d04dc959556ca0813dcbb5a044ed9cc0d77e3c7f18b07365031a3fcb4a2e5043e11a15d926ff83b1640162656e63686d61726b73
0100e4bd9389802cfcff619bb1957877464f004074807a4763122545eb53b4c214fc3855c53e2e7f8415efcfac9706597342790991dd4ea96ff3d0c63a6b717267a3fdadd51760b1fdcf5c385d4511a1e9e5cd6ec60bc318e2c0f0d908e8e8e8e8e800000003e87bede3bcb6149976c25a48bf7d3e15c4bfaa334cb7d9a09c8c6f8e56dbe4f4f69507d804af20a2fdaa3b7df456359bb7cd9603a57f8f8c1872a79490b0edf10862656e63686d61726b73
01002632ebd244fd20ce6b564765ea33175b00e5f428c63aa918dbdf07c2ef363f91a4f94705811b71cab49321feddb85e9903adb1d5b54b75e816a2f31d53c94c991d3edbaccdcfaf30a4c534f740707807126ec60bc318e2c0f0d908e9e9e9e9e900000003e8f91a8489498dd418f30263069ce663b0edc872e7dbd904000667743519d55813af9b2a352bb0ed1dc706e96b84cfb0322ef449e03dcbb10afa731e36daa7950362656e63686d61726b73
0100edd8b2cbec6537122903f70480fa4ab40002480815c28bdfd47909f89f5d42a9f3e48c258637b26604a6e53b8769dcba38ca2d02beafe85c255885f1c14c5cdddaded87060e17f964a43b64f44379293736ec60bc318e2c0f0d908eaeaeaeaea00000003e8d159cd0b539f0aa2996a57858cb34eb493eee4b11f8166758504883be2f55154573a710cd21a125e441503c645acfb27434e67928f7afe17df1e58881154a00362656e63686d61726b73
0100086789b66938780921283504455052b8008f0d0d9593bd522772f8b53e5e5140b77ba19083c988dd8b6e0ad88d91849c7b5bb81f537fde34b72671cf74251327213c25f38533d7f34a568c027f1fd063256ec60bc318e2c0f0d908ebebebebeb00000003e827b3abcd88498837f127eb1a4334ea17429b3d11df6984ffee0728998f94d25609541850e788884408d8106b8cbc0f2c0b3bc87cfc2b72c20e8740b875c2dc0e62656e63686d61726b73
0100a470d2a078cf2bb1a8d1d152e15c6ccd00f3e29485a038cbcc56211001072766524a64cd9f7ed77ef85f0b968938643e468c36fb6fc9ed20fa5f0d06b8e8c7db3e4a59c2788b746a0c516e87623536f46f6ec60bc318e2c0f0d908ececececec00000003e8141bd98af19785a403e3790e25793a7077640431cd61e280563471373d5185d28e31570cfab191943b6c806d3bbff3224769dcfa174828558cbd35277718240f62656e63686d61726b73
0100d77e8377b375129b6ce469076128dd1500d234e205aaea40a6c2be8db1b803dde72a1df6ea541e373f6b6feee58ef5a5276dae25d640f4741c24c0a184f0864d640b209ef7052e989e451798e5f12549346ec60bc318e2c0f0d908ededededed00000003e868c152b886124a557cb760ac87fc9d427ff3abf2858a49a75fb8f1507d4ce70082aa11cc09ab5522379d749ecd673bce5eacd6eddf28bc848622d1b6a124c60662656e63686d61726b73
0100060eea9d9f880acd249af6f791a87b1600839c3857f16759bbe9441a4471ee2a00c1e42292ea5717da1e111892718fc24291b6cb1be67eb65fe177e834b469fc14dfbb961164f634428d010a14937561ef6ec60bc318e2c0f0d908eeeeeeeeee00000003e8d35be90f897d94a2eb3b01d36285be4375814db82d79656abf6633de052cf6590634ef67d2639345096118101974b392ceb1e8aa7489f008ff7a0cc752f3300262656e63686d61726b73
01006d9393dd1839fab94a55c621103f3ba400ee6d4f13bb3cdbef96804bc5f90361d9a8899a9453f0946ee56736c4aa78c775545c1ac02a1a686465cb812ec94b81b9327ed69c1018a62d949ecc99f92defa86ec60bc318e2c0f0d908efefefefef00000003e8107181395a6bb33e331970a0c84d621a4058ae088744aa30594567f3440d5866b3c6be7bd9fe82e007f2ca5162523bac5691752e8783420975f7d8d52eff4a0662656e63686d61726b73
01006845fbfa9958124c231d467972131f4b0074d43c8d065bc7e75219928e329718ef152c5013a3e5c29423a79f03cac43144a2cc8dec5e1c1f2ae7b9aa7a8d5a3555a5579d4cfaecf0a4e26a030cd5ebdbb86ec60bc318e2c0f0d908f0f0f0f0f000000003e8f930b5d1c1ee7f91e41871ece20b97301820e7c1c79dc456bfb55e0f446a23d53f8b7616606201293b1140e2e3b59416bd1381f8be2122e3a649b1cd02e18f0f62656e63686d61726b73
01003a30c58fde7d6ddfdf5ac0f947e990d800311fe0bd9d88e66c4cf92d971a03e86e8198954146ef79b2ab678f924b978f3d1b75c86dca2864273daacbd5c20353b70afad5bfde9dc4ad1510d436edb4af916ec60bc318e2c0f0d908f1f1f1f1f100000003e88e8453d7caa947abd5250942b17549be8992a17383033d2b2e63b5726df46466da62b6b4b0bbc3591810c15313dd92a4800726462a9d6344d574614db7b3d70d62656e63686d61726b73
01006161449e5aace30ce7489960bf84e53700a3c187449fa542437c8b44260d97e83a26d5cbfdaccb792ca95629e0be7a074b1a49b3f60ac25dc270b2295ac66e6b2ee9192ab76a199b2a7960cc3fb0bb69896ec60bc318e2c0f0d908f2f2f2f2f200000003e8a18f16088fd49c1793d3437ac957d0f0514581d36f7300e75fde8f06f2b0d77553bd64e242a59d744238b4a0f5eb156dce07acee97150d017ea7654da552f10d62656e63686d61726b73
01003cc3a1e93d87d160bef3f6dae32bf90b008bb0c9bc6a9a0149a12015dbf1c8176e9d5566b3d13ad297cb14feba3b4ad5374f138da715a02e07fe205736ea6cc16a3eaf39cddf53f3954351fc17e2020a776ec60bc318e2c0f0d908f3f3f3f3f300000003e86c09608192da1ffd1a5d9b2b8969e4635745c2c016a5beb9ba23c1c4830d8abe7ba8740e662c1648bb9fcb75217ea846b9717881bfcd10f3d7f666cb364d7f0d62656e63686d61726b73
01008fccc9da66eeb0f3732b9afa85619c7400ae212ca415b2895f451eb1d371fef94d415408708e303955d1ccbca1e31ebe2eecd94f3ce406b29b53d4c5fcf0a941474b781709c60b7a608d0bea51d867245e6ec60bc318e2c0f0d908f4f4f4f4f400000003e849a335fee5e1d8a5f7d869f4acd378f9c48734a4251fb77912337b6c7641d62606549a5440a5825ecf45b219d5bf33a75f8a6e031e5b1855127e4003ae78c20262656e63686d61726b73
0100cba2b02b7375975a0778c117e7e1e360005acc86d574f726e6cc43d29ccf2918ce7698b0d795e6ee5d8b0ff5a85a9878659757744c488b687bab651300f30f6953deb767573cdc78442883516af4c95a1b6ec60bc318e2c0f0d908f5f5f5f5f500000003e8435470566a4b837ed9eb1586e51e2bbb8933bd2c1f4522e89dd0ae21b8b07798ff1680d6e98bbef6dad379c3a47efee3b8989865ce5e7b6bfca928a585564a0362656e63686d61726b73
01004d0430698cd99a38787c76371e8d938900efa238e3306b65465d8fa655373bb074ccc3b4d3e644d811923dfd0d4ceb3a04c85716cc8387f7c781dea538d06a6aab2cc67bee67d9e15e33cf762f75158afe6ec60bc318e2c0f0d908f6f6f6f6f600000003e8d85b39fcb2b43d0eb65e73041da57256a4ca7ddbb98d38a47e850dc524ff0765dddd5b21bf48d67feec8bcc0cc53402b73a6cc2f351e2fe9767d73d660e0120662656e63686d61726b73
01000bc1110fcc6a66cf3bafa17982ab9c1e00724be81d7fd9a836722e77ff0d87f723ca6b89a1816339ccfe6c33858d61e419d54e98c16e5d7fb77a7baddc354ec5bb04862b10e08e465537ce505dde4d3ded6ec60bc318e2c0f0d908f7f7f7f7f700000003e8edac3d386ec488235eb666a52a024597288c2633cfe6dcd4a15428eec6269cc75559be6c0014626e3a54685e65bc38f660b2817cb545a198e2325d912db3e90a62656e63686d61726b73
0100fa8e56f6d69af962d97cbf7bcd91670800d7659f9a2a78482c39102d87905cbc005a9ef98c5e209dec1f8254631ce0b543fe0ee566f39c11a1ca3b53564e0260d3ec89bfaf0949f9935b58e8c9d132d44c6ec60bc318e2c0f0d908f8f8f8f8f800000003e8a89c23f30958f8e9898653091f330552d53f56b6b1190f0367da1463f2d9814191522216c39c9c83ef76f5d0d85092ce78c3912955451a68a6e058b477a0a50862656e63686d61726b73
010013339362efeaadaa8a6e01d9dabaa50c00a926a6f246a7abd15503c58214558e05a41b71feb8a9258ea1215a463dfdb43f207e44584e598a24fb0c0eaac73737a418d20f083abec1f214445d31f3f5aeb46ec60bc318e2c0f0d908f9f9f9f9f900000003e8fec2265443f88fa1d5cf033c76d06b0f6be1c16561aca9ca9b3607e7d98fe25808482239876954c1ef3432dbfce0c7b929969e3463599ad8ae00b5eb364aa30062656e63686d61726b73
01005084d1fa30ec666bdc271861a962ec9d00a8510111108915e166212aed5715b53b401366980c661dbab78374f67f2da65f78a0da3ed33ba61f7dfe5e96dbc7cf9533e39b3c8f69be6b23dbaa47385e36da6ec60bc318e2c0f0d908fafafafafa00000003e82179585285f3be59516b739d6f7c235a1838b961e0b91ee32b17e88750766f608d9b5fd978f7117500799b0082d512342f2c26ab3aa3a885c5fffb039b5c5c0a62656e63686d61726b73
01004eb54665d0087b05d1855870dee3233e0024d417fc282cfeb7d582b94ec8685c7ad56a5e263a54c942000b470665cd0838f84e3a71a991a463e628a848a68cd1828892ab5cab14e56ac79a268771abcdf16ec60bc318e2c0f0d908fbfbfbfbfb00000003e85a3437c22461d5cb1f906004c873c16f39fcb3efe8097b57876a595c49eb57b89e6280167c94b530c48abc2e699d5a3b6b2b31fa22000b2a934c58a0a94a310e62656e63686d61726b73
010029a6d08eb2f9d8eba6a8f1e906e2b5c20085794eb0922bdb145b5578e328bd557675ac6087b03894b5a201561f2346fb550bdd5dc3a0c137da223fd4bb8182792c88c1f41d8aa2f544f156356cb2000b826ec60bc318e2c0f0d908fcfcfcfcfc00000003e8c35873b755e0824da9b36be45e5c28e5121e2f345c7816435e44e5e45315bc214ebd793cc0c8e4838ef9489baa0ab255d99b904529730a8c7ecca36a6d04660762656e63686d61726b73
01008a58300941f355f799f59957adbeff64008139aa051d4c540ce139cd4b73150866381d8b24c1f8e863de3dc106a8124d48d93d18e21fbbda8260abdded181e13507d04e27fa0b5b59284ba8809cf3a7a666ec60bc318e2c0f0d908fdfdfdfdfd00000003e8bf5248eafbbe32cd416d0309a527e36bec4e8bbca1a8c768b983a77249e8a0c83cbb1b558a64df24ca192d1cb495798e056f53a7710e01dceb57b681cfd7da0762656e63686d61726b73
01006b3a082a144331f5b5154d186d008d3b00c3a5519bc35dc29466184552dd4fe8968e84fc7f8e6ca2d07170bc9f00092f03ade89319d35f654207de3595620116f2d3977c36c0fb20dfcfdec396600b95906ec60bc318e2c0f0d908fefefefefe00000003e85f3ee75094dff951fc179bb410d7b720ff8afbaf8abe52bbdbb03b6ea3bff29aa1a0a9e000f167c660437cbccf92b21fee330f243700691464684dc92294580062656e63686d61726b73
01004d22ddfd215ae0dd6fd16f79b3f716960011b8a28ebe5d044108fc8e0a9cd8ab7a194b1aeba6c18dfeb6077b15699e7364852b2a4a3d9610ba2ea45970e005839ab522566b6c2bdda4560ba5f8e4d147c76ec60bc318e2c0f0d908ffffffffff00000003e85ceb198a539177aae909b5643b590df8f5bb979b4ee7334439faad2f4c8000c878586492a5574c415cd1bb3de8b72ae34f18cf757e07480fd80798667dde540e62656e63686d61726b73
0100afb94b5171c6b64b4baa8aaa0a9cac70001027a6c16318587f44d18c92332b22b990c3e6e4d3517aa209d2e823679a07088f416f26f9f87d0f6540c7f19d2b297bd6d4819223c05701c245c9fb88f80a226ec60bc318e2c0f0d908000000000000000003e88abfd1512d941b6eab02e71c2cd921a6623b0c1fc1bbd09d891c464b761ea9e9df01ae018edc3a61c34ef6c6b40aa3ca517e8d183b1b16b60dc28647e703950262656e63686d61726b73
010037e7e8f6268326e8de9294d102c7f1cd00e0de909dd1e2ae806ad20444cdfe3c7dd889507115e43226392eccc75da49c2e123eef9c9a539d8bf2419789b6d24e1a1a4dea8a8337a35bcc77fd6d761c3a7f6ec60bc318e2c0f0d908010101010100000003e830ec502fcc66cfc66014ea86a0266d3bb6ee6dd2d7a4e70a0941625d961175509f16b9128c683f1be844752c316283f8e6e684dd1e5752ff6be6fad6813bc60662656e63686d61726b73
01005a01825bc980ebb66602f5006ecdb45300da0ec25ffe663edbe078ce2279d9a6e73c0c9b539da2a3527e740c0a55190724242919ed93d04de9a78276d3250bc6aa736fc2e1ec5a83accb36ad450bfcf7c36ec60bc318e2c0f0d908020202020200000003e8cc833958e6adf5d719fa067316bf676c197b72d9df518f461cb2349294559db339970b0e05220e06f503528494d312cb4e3756de586bfa9a16a89f7965225e0b62656e63686d61726b73
01002c154d34cf4ebe5a077c0e33456bd6a200ea32621ffac8e2af6f151b280d6973402b9cbd609a371ce7537179222bf1d14ea3d5f76bbec395985bc89ebc8765ae440143b426963ce5eeecf8670392298de96ec60bc318e2c0f0d908030303030300000003e802f5286636dd6f5eb2bbd3f4eb58dbdda042349f50060a9c735599ca2b8513f9f58d0852eea96f0dbffa7e2fba4e8ab787eeb9ef7524e58e7364aae1aa1f7c0f62656e63686d61726b73
01004f6e9f34e0fca06a83d4c4438974feca0048a1fd29a10e15ac3a8142e2e6d5b1c8362f397dfc84ff81554574db4b9b5a18479830816da81401fb9ed478e1f11a81408db67873826c7842a00203033c79ff6ec60bc318e2c0f0d908040404040400000003e8dac1d66d07352a2877c0b11768f46e9f79dea82cd3b2cb4e326b41bc65fbc8e4b310f2f90c1b918f0055467c92143b06dd50aed7bf8ef02c5a9c681d5859b70f62656e63686d61726b73
01000bf8c0a718fe2ec1d1339450d1b61e660082fdb582174149fccb3baac98600200f8ef8a186d801e394f9d7c00f02cbae2ad3945872f6f217d245ed85fbfa2eefae46e9ecb318a3ac057f2416b7967d5f056ec60bc318e2c0f0d908050505050500000003e8f31ace8273a24b23e31654080065f9220bc86208ea2b6ec430bc8df305e614d533055768840937179806052e61d13e20629e18ea0296e2eed66ded322223dd0062656e63686d61726b73
01006eebce32a1cc79395adb30d2bfab8f880034b82353c1c99693322bb8b5d281dcdc41c7dfec0f4a53df01e2e9689b66253001ce793b52807c7d4349c2c0df36b16cf418d43e6ac99f96ca742b49bcdcb1f86ec60bc318e2c0f0d908060606060600000003e81610d915d12b0737760d77788538f39d711842db38cf9881a8928ff842ed92f9efcef8937463312fe43d9e99706a8be84fd893fd7d61f8e7b3bf0a32c004d80762656e63686d61726b73
0100ba49274422653246bb59b2736a9cb79e00c497ba267f781b14f1ee91667ce202b9ccc89dbff47cc67e4a124c8d4cf11224d25c1c8ecd4f62128a22b0717050d1d333949d4126800e08620cd3b3d9e104b66ec60bc318e2c0f0d908070707070700000003e8ac88c17231549d48c1decb60fc2bda80397a47af511fec5415557999ff30915c7b80c655e11ba9859001e41eb15bca296edb95025245d54344dc0e44fe76760862656e63686d61726b73
01007bd7613925331634d372b6cac829956600b58ff8b89fc7483aec76f8aff1fb7832f00d5898210859d3f91162f5c5c5ef23376af4e2fc43d69b10f6b4601643a27e7b52df71581a3e105d50fcfc250883746ec60bc318e2c0f0d908080808080800000003e8e622b1cf4949848924fe9676b245398fa7908f41d169b0c8567dcf8d853210c524b9c6ee0afe6eee253a236b187143e9fa99e93f806381f71b90bf2e4755c50a62656e63686d61726b73
01004a15574d3f94f08dccaa603cb00bac0300979ecabd3a15014b8c4113f1c8fa58e19ef5e18fdd950c5929c0ac4f0d395452c84a4ff219d276dc12bdd8f778a6d9a1b411e209d96e27bd161cc3cd08adfe896ec60bc318e2c0f0d908090909090900000003e80059afc767685536440804116a0a059cf1676247199cb076123fe3e28c0384c24d19eb2d73c7716b1817fbe9a04863aac590c9bc3aae4a3a2ce3ac86003e530162656e63686d61726b73
01006b468b2fcfbc72cca666f03b1741ea5300a6596eac64dfd05f2c8771ffe32dda7e228a643677ec439c7628c27a92292d272a5b645b688af4bddd46520e06c415b6dc4529e8fd5f79cc0faa784db8cd3f7b6ec60bc318e2c0f0d9080a0a0a0a0a00000003e82ff1c2dd64647263087bf8e65c10b117f9641290a5d4a918281ec4a7215b15da53bc40a3309ad5b33f4fc7886fd33f204456c58dee3baa67ee13a95189e6a40562656e63686d61726b73
0100f6e1cc2e026b395defb46173d689a7d70066db757b774b67bf38a0016c6d48dccea045191dd59f92560595fbbac20eb2030f2002118c0532feaaa1bb5823255db90929a8b3a0b9744224cad66456b0c6956ec60bc318e2c0f0d9080b0b0b0b0b00000003e89130844003462d5c5ef8be56a1c7db825dfa3722d6a965609ca77f6802084f1e93518a0feeae06f79d2374727b5eef5438cd217fbd409a64023ec46f6925160a62656e63686d61726b73
01004259adfd509d4b03d94ca198bd9b2da8006b9606484e999b2839862aff12d516d6dc57002c0c9159db541bae11d36a950dc43a046ecd577d922d7441ce6e5ffa553e41bf0587cb1a634751a10b1f31b5076ec60bc318e2c0f0d9080c0c0c0c0c00000003e893b6beff230e6ec96b1509c77b110a785ca9746ad0e24235fc7ab6481a0bb7be04ef7a566ffc3e90c238e66be2c3c3077ac80afd6f4b0ba651b9c87136c7310662656e63686d61726b73
0100b5a6227cbbf7bd196e13acceb365885c00b51ed069aa31e2570d395bfb7d76e7492b102b4713f659f9c7ffdef553e22316209be18ba6a2885d435416058ea29a63832cdb8d28f678ccc6b3af7dc500ac226ec60bc318e2c0f0d9080d0d0d0d0d00000003e89263801dc1dfa65a3e9d3d0320f7ce524416cd379eab3e5eada272b764e7109ca55c1eaa24ee177e4ab3a8a2fc4fe8fdda92083f7e2ccf824852985fb5e40c0562656e63686d61726b73
010081eecdffc605d47b964bde997ba4044200dfebd07824491bcfaab2f5ea09efdd49cc8a66148de270ebdaf514ec5f622f413ea366520d510dfdb847ad12d35a4239477e34ed287d7a0fc1759ebb7901f7c56ec60bc318e2c0f0d9080e0e0e0e0e00000003e8abd3fc7640e1a75f3381aff99ea5f5f3972068926eb6fc504f18a9643113a8872df84367945c25e8318e85ea9d897dd35fd64bfac51bf53188ea00dc674bf10862656e63686d61726b73
01005d9d12929c939cbe1a41e5d139b7e1a500a083343ee9775d5e449c05eb350733bfb276c43130f956e25dddad7b97f4b204d3953f1812a5e8ca0ce3a2d42e786534a210e10bb3a611d26e8d50b143be7e566ec60bc318e2c0f0d9080f0f0f0f0f00000003e8441fd5bb050aeae274e737491e7a94f810ebd17d0b81c5b965907a70f0929d5505cf83ea0f7c02ca0bbfa75837fcb8ffa0818144067122133cba53e96fcd200862656e63686d61726b73
010098b0fd22e926d1dd7314d2ce53f73f9900ad66576316612ff8bb1d44b48be0242d8c1ac13502e44209782161b839427b3a3454f914f7ee80c508bb1cbe0794ad112b6f375b4efc8eba920ccee79b0155006ec60bc318e2c0f0d908101010101000000003e817ff9e5cf8e640d8d57b4ccd954b7fa9f2453dc35131fa04b1639fba862234aaf1d0686b6b8c1677e5cb03c316401d9f21128077bfe4fac6c6b00e017596f10162656e63686d61726b73
01004c04be0f36d10f173b6136e1a3f3a9330095c7c4aacc27168d366c150401b57af37c0af6fd24ec370faa0915da468c26071fefdd3fdb4664df25766a0b0276bc4f1b74a9b586cf854dad1545e0b84d9f2f6ec60bc318e2c0f0d908111111111100000003e853b3284a534868d4413f0f38e7e34249a8f8da00ada390bbbb3eb2d7d980f48aa26898cdddee2ee846db5799200b00bf4dfc198befa92c5eb1cae54ef416c10462656e63686d61726b73
01009d519f2003b83489bc17eed16f764c3d00feb3c1c4f6cc0db0b599259150166ba4a359f8fe859299da4dc2201ef4bdbc4061b43fbcf1a1fcc6a04b05b112d6cf1ef6ec3f52caac62ee27cf397ac13dcf056ec60bc318e2c0f0d908121212121200000003e8ae2b32ef7af903f4bc89ca15de364349bf3acb3c5f95657e8128601493fd4c8fccc063b3d605be28e2074ee7fe5a98a57cd7fdae17ce05d7e7a97f4dfc5c9f0962656e63686d61726b73
0100ff118814e3090d6cb2ca8ebb31e68871005207366a32acc1053878b8f37061b51d4b074232265b6273b325437c38b7231c4ebd9b94daa9dec4e53e47939e89983e9278d36532042b84be63910d8cd2b68d6ec60bc318e2c0f0d908131313131300000003e890a0cdee07eef62bb4cde3fee55c785bd99c37915db3b56b56649a017874db5fdc58e23de6963a72075d17160ef44fff73cd808f53e6972b0c44aa9cf9a4590962656e63686d61726b73
0100f199841be45670ab316472c7b05a97f400b5d01c3536acef36948c706a6c4322680faa2b75492c7eeee5a783c4bfb6d31f8b2ad91a952769aa7e3dc0d6db7c9747cdade749d6fda01e6d0a31e6b95a4e2c6ec60bc318e2c0f0d908141414141400000003e86521c0895abe677e74a9dab246d5f5a18cac284a1798add8f0ee95c5e891e51a768f60977d1fecac4945fd639cd56dfb911345b1b01b75856019e64122160b0162656e63686d61726b73
01000e60b37f227b595554aab332e18f3dff00b464685c66ef7780a13f3b3ed7d77d8b8be1d78186e69eb5c332b914ecb0be204bf3f22d8f3fe3b6d33f115de9c81897417a9238ddfeb23f94c665e485c823a46ec60bc318e2c0f0d908151515151500000003e881ae93250c980eefcaf4c119355ac6265ccdfe612e9f9662496cebc51a2576f93da2f6b317f3d9f57a8d6f3349c3e7cf9121dc18dd8d231db6e23ec69301f30d62656e63686d61726b73
0100eca753e3d7a30b26d083e8292289a73e008c56795913577e8a7195eb9e276abd4ff494c569ff55b522e7690cedc6d3e86ab539524b29b28baaee4a835d5f1ed6acaf4152b4f153c240d06c510d92ecd25f6ec60bc318e2c0f0d908161616161600000003e82a8ff237f1b3f843fadbcff9bcc1ec9e9cb40c6f1646e73b1c0beef1a46e490bace8f8f8f8b35cdfc168c2d69eaf9cb36e2f374e7e556b1aacfba84fbf301f0e62656e63686d61726b73
0100509b3adf971195974a20d10dade57a5f007fc907566b6c0f10fb71e5ed7eb333847e5a6e9fdead956b22411866398eaf392dd1603f371eb880fbac97e736387e4011950e5aa21a130c7238cdba3b9f0c346ec60bc318e2c0f0d908171717171700000003e894645e351c64f8b53aeb788b789f5ea7bea148b35a534b544f7142a89fdda697499e69c6128603aa2f8771d1facd25129b2ac4e659a5d5d07751353cb833060362656e63686d61726b73
0100efd259b9528e4885cc6ab91e3a0161cf00ae90aa9d426d6d28d502453b9e6efc846249245685a0e3dfdec61d6d2abbc96fdb5eef4146ebce53bde6fbb03344b92f9a13a5912619a34e5cb9c39e082250b66ec60bc318e2c0f0d908181818181800000003e8044593d91f375ec5283ee1fb2ee86a83a8159161992a8b065b46692a887f8f363cdc081a310d90b9acb1679eea14d970006e71fc54929389b5a4b7693c11940962656e63686d61726b73
0100aaa160697332c3c126709eb28f66e20c00e4b3f51d144c04966603ae7e18411196fd72a47991554d163367fa2903edb3649dc9c7e3251a94446cc45509b0618f20aa3640a493c3df727ce91786fbe3ad986ec60bc318e2c0f0d908191919191900000003e8a496e1a86833ee13db06c908d4dd431ccb633f79c3f361d0c2d506dae24e3f5af2c7879759b14807fe3f686c2e6c14d9db195cc0f92e795c9efb15c45bdeaa0062656e63686d61726b73
0100cf817669f5d33a090b4140094433340d00c7960e9cb08a26f5c7b6a68e10795fd64e5921ca86a939fcb1eb8dee3a93590e0ece9842fe9557cb6071112e8912b6daae2b6dcecb7b017d1b78aa5ac6e269a96ec60bc318e2c0f0d9081a1a1a1a1a00000003e85b8f3a2138995a33ac6660c29b2f006f86d5dac59db2a9c6d588ab5a2bc78fbd8e4eb8290361dbbadc2f2b0c643b01c8bdc15213b23c19e14438f33542e8990962656e63686d61726b73
010080d28ac95b196a0ef402a654d55115b6009ce99a7e89676b14f96c346e61790d3071407693acc3531d4b54e42d0391ef5c28ac3b623e6c6e2b6262d9905b25edf7df24b4466b1f54dbfa8235df2a3c9f746ec60bc318e2c0f0d9081b1b1b1b1b00000003e8a93789d37f1bd1d1c583724d95c9fe51f919015bccea755b0fda03a9be2999948e401f5f705221c79f50809138a56321cfb43bb67896039fffe3d6c5e5253d0862656e63686d61726b73
010025c2982db3819b7ceb4947949419a17d00db497817979bdc4a36549a6930a0223e41902c30346902d497d3b5a65312a44aecfab4a0fab85a6c369bbbabb2df7a9811012ee3bb9c290ddf97563b759e14a56ec60bc318e2c0f0d9081c1c1c1c1c00000003e8e0ef87a18c9e88a09de356f9a7f8edb6b1a46b083fcc244c7b43e3dc1c274404c678eb35d3e721db31d240553455b15aa6c8902e1225b4a4fb81738978c2d30862656e63686d61726b73
010046bda5f87b835a3eafb1c852ea90d8cf005cecdd8067fe29a74b652057456df11c12ebc691a10cd3033bc2e8f2a74a495560e8abcfda7011cd9fabb069e251703f23bac431aa53d3fea9dbab1eb2f1cb4f6ec60bc318e2c0f0d9081d1d1d1d1d00000003e81aaf87811b83d9e0c7a15ac0a1e39dda6b04b767233fc929da2c264c19a7de7a50cc3ff6e47a09b9a6fc884a34d046cbaf0edd0b6ede13a2cc3490dac8d0970062656e63686d61726b73
01000a7c26d1cfe1a16aa1c01cbf7c2bee4800365a8f044986f03ff5b82a6aca9a4d1e243b44eda92ed000958f898b6ba27a62a4a886efe447fe04a6bed08f1c6f151acd579f40fe9b19230ed6aca7a44f0d646ec60bc318e2c0f0d9081e1e1e1e1e00000003e82a39b9201cb847e3e3adfcf87885c15e8df0d326bceafbf10f1d5832efe39905b2b8d7785c37cac76e330b6a6ab7d4151f3b18a7cf904c0ca722d240cb5e570c62656e63686d61726b73
0100ee184051f6ffac8760355e858f8fb9d000c210aedb9fa42a5f9156ef8dcfee731b8afa3950d437827b09c1961b96a93c204a198aecf84ec063ce0f8716a457fd3610b6bfbb9ee3bbc695e05f84a0ffaeea6ec60bc318e2c0f0d9081f1f1f1f1f00000003e8060452dc8bf52190e416742cd8893f94e8a0357183fdaa6890275e49113d9bbd7c539a9fa60e4e1274cd0bf55b9d98ccb5c72e2ec1e4587a2527dd0fbfe7b10d62656e63686d61726b73
0100837538876b27790f7d0611727488be9100e65503b9c5bae6bc3f1aae374754f5e23109418984679df15802ef74636e9e147cc194aa8d1a005944c2dff4757a96ed45a3f40c5b163a6a3fb53169437a13f76ec60bc318e2c0f0d908202020202000000003e8f40702869d7bf99d1c64e2321f6eff7b496c07556e1d4991605c3a18e00c7e05f77fc027dd8fdb0363302461b4b80b1c906e280f7b33a62be0ea38e36622ab0e62656e63686d61726b73
01008cc72e7c5e77d855ca41e0172094a57f006670493439772f9dbfa61bdb160159f0af27605de07a9f2675cfff72c4890f0ea84c852c94ffe0281b59250d018faef505d1084f6416459f5118458ce0231c0e6ec60bc318e2c0f0d908212121212100000003e80d53e2ee7e89e085b49b79fd0723f854629e9d099e9f89450c4de7888a27aa9ae94bf69d3e082f88b22d10509d864b0845ef5d7211d1b8ebd35e0611005f6c0c62656e63686d61726b73
01005e642c38a8545142e837d7b65c28fe25008e3d21fb2ebc8d04ab665fe63c1d00491f1f3b00b7cea6d323d2e156d8f0c838c1aab9fa20f63b5262556123fcf4e7a7d127fa5e1419acf7111429ae2d87a7f56ec60bc318e2c0f0d908222222222200000003e8aa763386c286b76051adfedd78310eb4d1c5ef7a16b28915ce16b2d115fe7d00cf8531a6c8e131dcd5df00e7942371adab783b5ed96f7e5d7a587ca4559b5a0262656e63686d61726b73
010069a77b9d1b3212c84897d8ed10232b310024817fbe19ba9cc96fb3ef3db6d3f9d522231e03084975351836cc0320ac50453f7118440d0fee461221fd97b48cfcdd6e72c43f17a27d1adf3ee53f0899ac216ec60bc318e2c0f0d908232323232300000003e83c5adbd91f93fccffea0055c12f42b5339420492102fbdcda7cbd5c3b56d5a6f64c7704328c5f3f540c7f8697f7294fdb440c484805082b349ebcfd7474c100462656e63686d61726b73
0100fb3c9798ca72362bfd3cea31bfb104a4008f86131fae3264ace57b0176b3cdef70476e3b4f7a03adf6da968a5584f3283c8d49271042a9c09b8835f67f3dd3c5a9709d4fe1f773fc57b96058e1aca6570c6ec60bc318e2c0f0d908242424242400000003e822b253c4b4ea1bbd35adc9ad39a9f7626810856698ec4d9b517d154d43d0a5c17222332f99f37a0aa2380e20f91974ddc59fbbea7b9b4750a5ee145a53d5980962656e63686d61726b73
010095e59933d68eb63fda63d79d880b166d002784b2df96e785e36b0509a63095ad2697ec82e08e1daf4883bba7cba47d1d7dc92e2b461372f42a3580f82931025a94c6c2873eb53a2b7f1dc3a9c544a3b09a6ec60bc318e2c0f0d908252525252500000003e8e8c0e33b9581586e1bb73402aba6aab9d70a4fc0f01bca862be1a827a42128a224e764cc209dceda4b43f77b4a98a58613d8913c4476f2bdc84d41e88c68f60762656e63686d61726b73
0100b1a817e718e0d0b6e3ee1c4dcc0cb15d00db6bc101e314ad47bb1654591ae6b32463b1e33fd4a87b52286158277e8cbf0d5ec9fe5ebe188cb50779b1c58b86b226789803864133a988e0339a0ef48effca6ec60bc318e2c0f0d908262626262600000003e8f815bebd6fcadc70c387815afe6317580ba1691e3698adc28b9e75d53964a2c572eb8655c17d03f464a6990c2c50c393b4cfe5f80b0967e42147e009335f8a0262656e63686d61726b73
0100bb41fe34fa75125dd3b95c58e2ae94ec00263aaecb8ac63d9a0ed2418f277f9ca3cf33291f5d17e4f4f1543dd2d9bcbb44b44fa1b28d422b87b87ed7b9ed464163bfcd7f161cb516e03be0150fb733e59a6ec60bc318e2c0f0d908272727272700000003e85f00920f1a86fdded1bcb0c3244c8b4e2e2d93df01fb1bfb8827ba8fbbc17e2ff7ec566615259c7367bebc2824ef52c456d0bdd27fee1a0d07e3045f7a6cac0962656e63686d61726b73
01001f15b86a7f96a696482324879856faef00a475aa0f57eea258d2a605cc39eaa407cf3069ed06ab607d56108e2d8b3557378a4f8c3aa306f5fbd2e7867361e6a6441c93e91c3e972b8fd0fd084d52d03b076ec60bc318e2c0f0d908282828282800000003e820b8bd860721cdab0128c9dbd731544e2f2752ef8cbbe5977879822b199e2689ab115a851795b7fcce631a928f55f4d72bdd89ea23b22c2893023f1ad35ed60a62656e63686d61726b73
0100758f1628a8846b061928fde5b134ce630057109e9c0eb75096407e23b9c49aafa0702a22786cde95fe3d4bcb9a052c6444d7055549f12eed9d8dd0194b22f300a8d01944e31423d66e703eb6e14232726d6ec60bc318e2c0f0d908292929292900000003e839898463c7b25cff51dc528f04f4ac142aa37ee52a0ab8e932cf7288250ad64db50e378652067656207cab4ba4d7ae1e5880a8d17761135de0f3e3792624050b62656e63686d61726b73
0100b229c16124398db65553b356495eb4ab0050564e83361b9bde895cea7f36834776f0986dedf3dc934df3e01f9e6d7ed96a67f2b949dd53e193940aa55b76dbde9d2879877abadf48c347843d765781fe6e6ec60bc318e2c0f0d9082a2a2a2a2a00000003e82cb6b03a14480fc5f45deafb7711e1db603566dcd64a209c5d7a24936bd2c6bdbe5ce907e4a48572c46a38222e7720e23736c0a658a627a0169c2d13db078d0e62656e63686d61726b73
0100f38c9d307b34df4b276860d738e3c030001c6ebf2533db9a27f895c376804baf6eb51b8649264dca0d2882d43a5dc40618cab89890172602c1b211179c5242a2ce76a82e62340e597bf9f8d0cd1430b6156ec60bc318e2c0f0d9082b2b2b2b2b00000003e85aa4032b52fe66c4627c9ddc05a5ef031a7cc7835ca9ef6d1886e1dc2fe1c5e502ebaa1a963245c265543c4dcd0116f8a808171c8a57979f7e71560a04796f0662656e63686d61726b73
01009172067eb09d065fc9cc18c67e06959e00433e44bb4b606cec2a1e6bcefd1f145f0c700fac58784311223fbdcd36afca5ece8a765bd9f0ad52ec1147f306e272918c26c7eda7e079edd26de3186e73389d6ec60bc318e2c0f0d9082c2c2c2c2c00000003e8e0751dabd9d6f018f47acd796be305487d9016f4a4b48966eeb0ba0f3b9d6ca0073062074ade02473cb3bc7637462e2ab29337c532bc55d4a024daf4c2dfce0e62656e63686d61726b73
01005a8597c7d6d404a688854914505d27630025c39636a4555a6d7323c6a4560763d77e58af3d250f89da8d527320d495a31072da059982baff6dbfd5a9205a52cc174ed1b4b8a152a64bc2aa72d10e2d49516ec60bc318e2c0f0d9082d2d2d2d2d00000003e80218f8444265c946b0def584337bd01c134ccee9fed982e697b99dbcd887f05d6e3bd8943b3286154ec5b9289359be208e119031a62addb0d148813f37dcd10a62656e63686d61726b73
01007be607610e52eafb5cd850b75f1244620043fea5a89908803ad259b734b4557d6ecae5f367c00634b8d304b576fe07d359b3ddfff9cd5101b99fe2d2165b116674b354f15db13aadd5a016b76fdfec1c786ec60bc318e2c0f0d9082e2e2e2e2e00000003e8d34d6944de3e0f9ae4ad8c49bb23584c7f310266b4a4f940d6a3ab4a9fc2849494c60c478cb13960c20e05dc6ea69b0f11b33e307a53e8cb9b097575bd854e0c62656e63686d61726b73
01004381fe899cd37ddeeda112efa0f8bfca00a62a1a9d8f50c48983487eea348a5d0a01617e5df20f862b202d386d5589d474f12bb4114adab9f54330788e5ef89baf6ee558cb45a63446009593d12a5fa9166ec60bc318e2c0f0d9082f2f2f2f2f00000003e819b4b1e7a9baf5e109ca169d02145938200141db3acbc9b187b35ee86320dcd15fe5c6fac18c2becf9bdb2282841b7b40c12fca39ec447ce74a745188181f60b62656e63686d61726b73
01007877e6130f6f321a2846bc9131619263000bf9e6beef8691a284b86cf527d4bc83c84d38402023cf56419a857c4cddcc0accb1206e22936d9eea0d15ac115051278656a8eef990d029138ae2868a3291e16ec60bc318e2c0f0d908303030303000000003e85bd46627aaf5395f12130160a8c96a2a22ec43ad63150b64264d3678e9e50755af91ed59e621c9899f39a4b8fc6d87d46c6aebd46ea09d8b794f2713f703c30d62656e63686d61726b73
0100d3ccc008a1871308f5363aea9b2e39a60032abf2d2e150398165613c19a52db878f0ba2f5a899278c9aee246855a83af3682d101000ad0bc2d472d0826c98a68583e03e17c887e588d7a374888f67e70046ec60bc318e2c0f0d908313131313100000003e8a8d709800e8f8e9850b138900cc13c502989ab633de53cd397a051c0ed1aa990b2857da593506dc6960220218370199b787dfc8dc7de30b9a00ab7ac263ea30b62656e63686d61726b73
0100da2cadddb1805f5114367eada86c0861003e80afbfb8826f33f28cb929f392219c0bee518186191f0db470db668d43b23800b38b61788eefa603490832085cfe71f7401bef727e1e1776bed36dab5e741b6ec60bc318e2c0f0d908323232323200000003e874e8eef00fca614d1026bce7eee670dbdc8f76e8ac0e0072bd04960bcabac53c7025a0740a681eb02dd1bf776e4a6aef958bcb95f52bc5eecd84ab7a3eba6f0962656e63686d61726b73
0100b781ced7dd4364fb1ede729f6933b9df007020fcc76cc5a4212f6e49b446998ec86f0b7ed2a6080438011182e6731764086544cfe3d096ebb131d64646697d68dce2430d3f9e5a9c35655c72ee3ab704d46ec60bc318e2c0f0d908333333333300000003e8ebfdac40966137e9675dd118b619946da9afa90b3fcf5ddf76777a7264650a697ced04858a80d394a2ca436d6bc38b1730554bfc8bf012ebae8a27cc1de14b0862656e63686d61726b73
01004d2c87ee0cc1dd8dd095a5742997555f000d4e302e907d331f3b7d586f44338ac685c6ad14f83255f43ffa36fdcc3bac30f76181598bd0eebf84c828f16ddeba33d8671f86ffbfaf23f783551ffcb7e04e6ec60bc318e2c0f0d908343434343400000003e842fb72f8b397c4ff06eed91b57ecdbe6f0123e378fb383ab6f3ad8706f5a844ad5c50527ef6fa60e11da620f5c920b79201e6600bc23b7e10318151f3c964c0362656e63686d61726b73
0100e70ccfa74b15c8a941fb83faa7e3410e0030477742613a99150aa5a1603e201fbd1ae3ab11397ad7b33cce305e479d4b278a12bdc667ed1de73bceaab9bd5f77cbfc7b53cb972b538f552b44f19a0329a36ec60bc318e2c0f0d908353535353500000003e85c94772f80e00546d94b6059be075e4283989d7a97eee24dd243f3acadc9b635fa04d6d5679bf0502295ed8ac72e11c21794217078d01923cf0134972f59310e62656e63686d61726b73
0100138c931198b57b14053e4b854ede3d110072245a33e2651461df1b2efe3f5c49d7f4e5ec86e764a9ed280902eab7903f4fca293085fbc8e059c14c54ad334189d0b5f23b883fdd95ed39ad60477c91b9456ec60bc318e2c0f0d908363636363600000003e8cceae78cf8018113438e8119d63506ab1fd05f90128b0acb63e6b1b34a9f9900b8ed4aff86c4b889cde306a41f99f5f0a2438781f14984bc25d8215c1bd66e0462656e63686d61726b73
0100a578b3b05d12f44df96789f415f677e8008a9d8329977ccc5258c44b36c81a4d4b92d310b84e27e1c817beaa4be44bc20d394f342b8b5c7b3d629078d4c87789d705e3c3a767dcb4f76dfb9c691c4851a86ec60bc318e2c0f0d908373737373700000003e832a3d200e2e4945386242ec135257e9be809bc3d8cf3dd5de045ec14036c9e5014dd047365f0126a2049253680b17e3013e35b6b8eeaa19b8294b7c36de8ba0462656e63686d61726b73
010058f2d54aac70035e00bf70e94bbb601a0074bf8208726bcc364f101ee6ff277c3fdd83a3285d7ece7504bc0b2822de191f8b37fd0f17770b0b83605fcb4b706656544ea3baebc3d52a75172329b7feabfe6ec60bc318e2c0f0d908383838383800000003e84e9a012acb7eced52d6ad430249e5e653492221acb512ca5f84be6a746d891ca555a884ee7525eca1c808805ebbcd4c9ab8efddb9bee7e04cfa2901883fd370762656e63686d61726b73
0100f3bfbb236120e2fb95f5b37cda3b23220058e1677b132d1e0d41680a02676e1bd592450ee79bef3bbad4ec1ede7a26304f7e31a6652683c7189c30144465827243af88363f047390fae0ecf55a49e0d9056ec60bc318e2c0f0d908393939393900000003e82fe0247af7494394c9b53a0f82e9384d12139958983fdbeeb65dc3d528286ab178e9c4d7a3abf849e875140d188ca0a3d9ad36adf5ab9b96f0dc0278a50ad70662656e63686d61726b73
01008459011734194d34341593ffbec6f9fa0044cdff6e629217fa844a39e367db8a6c6758b36fa3bdfc9b97afb20c9a211b605c04ae70db0ac81424f26fc564473bf54e51dbec4ea8e8b0a5bfd3ca170c520e6ec60bc318e2c0f0d9083a3a3a3a3a00000003e83801d62bb9a319a1d5d464d0b274b50b0c9a26f703f04b7bf17429683c41e09a2ac68f1673beca88773d934c7e1222485bb22df5b89b609741deaba141414d0e62656e63686d61726b73
0100aaaab3282f26e46961a0528252ac887b00f30943bcbfc8337f848e46232dc38c2969a364c1a667484a505e8de18190077e8188e6a1abd096566f6199d57ef3fdb9cc06b9430c6baeeed3bee58c0bf865fc6ec60bc318e2c0f0d9083b3b3b3b3b00000003e833fa8f3e05080fd41ccd6fe25401b6d555ada3dc43aa44c6b17336899045ad8fec0f8c0336b688c89d4773d9358e81d1ede80cc47157d2f5f4adecde3955510162656e63686d61726b73
0100c83f5180658962d859db252506cafe5f0044d6c60ed742a0bed080ddfe7856f39ccf49e01689ea7b31c489f5a49ac1230fbb909ee5c1f17f30b27326520581f11464e65cc59e89508e1a23d8a24ef26c156ec60bc318e2c0f0d9083c3c3c3c3c00000003e88bef0fd415868bc13f75825523c5380a6a73f2e68059975ed008e1830920ceefe5947882d93013126dfa8b06e740a983653ac0c641a4b30769d6d2a096eb460962656e63686d61726b73
0100d7e906f03df4e6c339b827ce813deafc00ba74470efb59fd2b34a6776eaab85f62ae982ddd6ca17e571017804b30665f7401447395a8f8448b7c6ca1bba9b3af7253d69ea4f68f7c127cf6e0956d573d786ec60bc318e2c0f0d9083d3d3d3d3d00000003e81752c4b2b4555ac405e9caeda599f6fe2342c83a96e128001110b1e26945c2d6788111e185473c15f5b7705373d526033e8ef930439818afc5700fb1ac7be70c62656e63686d61726b73
01001f81e7e0a934cbe24ec9e95f42645ac200ee5b6ff76fb4e250f30e84cee1863c2016aaa2d9215e63f32648c6a46b61c05fb0e98269ac0fd828614591b89051397b38f004617e61344f1dc52462cde452456ec60bc318e2c0f0d9083e3e3e3e3e00000003e830fb4ff9f2fc96d00338dfe8039324e177e2b6044d873f8e4f903eb216304df84bfb50f8c0b7dedce73aeb59996856c16d047797adca2e37f23b78bdf8905f0862656e63686d61726b73
01004ae667756aa23643d14107b260f916b70014569766a7b3ca2303187e40e442b14567aa385d012daaeeb5ba5d898ff9636de8c78b6234e1ead32426bfb0c17f336d94dc42ff6b4a061871039e3cc2b888d16ec60bc318e2c0f0d9083f3f3f3f3f00000003e8f258b2dfbbd70f6e321a31d2b1be40f3fe961303e6c2a82128295862123538f195dff060e30c518b1fac5c9c23e4a7d3cc202a2f2ce8380ecdbbfdfefb6a5a0262656e63686d61726b73
0100930f6a4fa5e4ed6c814974058c264d8c008c05878e6d5d5d7ca252c7f3a228ce9c4d9bb2589cfbb5e91d6789ae8d24d5706b90e8bf32bcd17e49a95c72e1dd19b4bd4b402990421d6bb2718f244a8d7a766ec60bc318e2c0f0d908404040404000000003e889e9fa8acc6bb7e359373a2e4388c37e5fab283223069d97da6a815101c341fbcbb624627549104725144488a73779c3188b3968a260781d00a7ca516138760262656e63686d61726b73
0100c70632aed505dd4003e2dbf119a5bac1001aa3565d81324db69660363f3e90784288c840bb186c4103cad4c333b00f4a591243a2a2dbef2b40663b1811e3c9ee33f320a8b0e733befc9f2e3401021f8d5e6ec60bc318e2c0f0d908414141414100000003e8bc49da313d68af75e0a5d6fbb82073f7c8e920b76103544a6944d1792c08a2f153080d65163251a51ffd293bac3ba5162636c5bd0e720f83364a17ce31829b0462656e63686d61726b73
0100a5cae5c75b6d2614e813f9d3d6324eb400f74e5bb7515d565274967af75d88497dc6fc7fcd607da9dd91a617db86ad0110ce984dc92ae0b2b7ed01e3cd804c0003c1f459f84b2a00f788c40f2e35092e9c6ec60bc318e2c0f0d908424242424200000003e8cb8d51b20906f5089f22aeb502a78cfe5574785d7f769fe2605e80e0ac8b636344e20bba603d1899114a49f6113e15f64a98c717671f2a25fa37e5d92ed71f0a62656e63686d61726b73
0100fe3d66b215756e3a93e4618d0d6ff27500ee68ed7347f7d3ab675ffce47f31dc98ca749bc1bfd5ebc000719067bbd44972755c4cb9256ca7cdc4acfdc6cfeeda849017e5b9f9514e99191bd67e0b0d42766ec60bc318e2c0f0d908434343434300000003e83544725c03f6c84e3c9163e54a5a0b7904fd69fb78192c605173c8a72c67b9d0cbc41abdc4a583e333623cd1b7716affac3e77235eab392d119e214242f7330262656e63686d61726b73
0100385d5c1a29cf7eba7e79ec255fa6de4000f676b0801cd4bafea80f71854b43a9135ada65b975a13241d4949d962ed87e7b7da038eaae77aafd3f108d20410c016ccf889a08c7381a1e60439682526c97d96ec60bc318e2c0f0d908444444444400000003e8144dc1ef6f2800eef8ab9623b4936bc12fadb106074dfe237810774315671813072e57de7704d4e1d6f557a8b266649259210dfa7ead3cd9561a8163a085a10a62656e63686d61726b73
0100cb53c63b587721284c879b72f24782c800e6503f090a532fdefe0f4c3c61874fcefefbb2157bb1fe3e4a5a704f0584d12316ce7449cf38284a17e85136c14142a475f16aab823008a4205440ba60c0dc006ec60bc318e2c0f0d908454545454500000003e8dfbbaab917f1c1460d2fa638123568a02136410846bab8f8244af2035c593489ec5866d6e0f52c5f884336c550b63efbf07bcacf19cfc61dbc7739a404ac400c62656e63686d61726b73
01001156d96321d60c79af73ad216b58f81c00cd179414145609b711a259146245ee4d9d6c92ae23380fdcd917c21f49809a7ce95985d3f1ad04b11a7797a0cb45324aedd085a6c7175f58780db4e0daf94d0a6ec60bc318e2c0f0d908464646464600000003e8cbf7bcc4e2de48b05e2066b7d0785aa632187497b5b2ce0c6c727bbfef990ed05235f62c80a80cc706eccc036fba6fef392789f39b63c9df9bad3e75f766990962656e63686d61726b73
0100a88b832af006acce6f9b8ca71b09f53a00ab5816a8a46b84705689a9b1dcefa67ec973f6af12a850b5a6100386e8d76f18a40bdd18de64933d66e3152fbbfcb589e201b6794024281f33e12bf9d03d245e6ec60bc318e2c0f0d908474747474700000003e8f7ac84009c19af99a7802c26e951b926bd1dffc4780747796aaf12aa81d4d7f67496165ebc888e740bf78e524f368428d27159a610611d95dbc1eaf4d22b430662656e63686d61726b73
0100a92b6e0c3620ab50f8366a61469411a500e8093936f21ee9daa7309e6c230152820c6bc8fb7c2f553d294a62601cbcd57d33ce17fc43471bea3345712162ccbec64d34461a4a3381e414b1ea9c1efb47f46ec60bc318e2c0f0d908484848484800000003e85cb33304e00b9251c2660f19557de7e8f05f39c50d0504783d5761e2adb3cb31d7d237284660ab2033799a5df60f0fb71f7d14a1d76b25804761f833ad808c0462656e63686d61726b73
0100349399de5223e8ab1d274e2951f1574900a514d909835abce39c0ae2c3f48fbbc222dbbb86d0836105d241372f8b1cb5280a4ca5614ac1b26b6afebea3e9166ef92a5370988dc40ece6d5f167fc6a7378d6ec60bc318e2c0f0d908494949494900000003e8ae685dcc58d9a23413ae36fedb68bcb2583f5964d9f28308871df61123ce4166691ada73df8e5724a6c0f9acc6798d97f38f93d25401b36893cb52f8f6e29e0a62656e63686d61726b73
0100b940bf3b21bb79a9e309a4a4ecc61ee100a8dd071b80e1634be4f9db31f4fba7abf95dc26db3f94e5f5d51b552c835f566c5f2f2649468a7bad35e054aabeaf4efd5b8278a83e234983d3238f733bf68b56ec60bc318e2c0f0d9084a4a4a4a4a00000003e895085a392e11d4a6c874ec2a2298857bf7704a5e08f52e5e5f0805a1880b5e6419fdd080fdc4344c50477f01462d578b99b0b98e7e9eab4260a09d24fca4f60c62656e63686d61726b73
010029391d6ac0a70aece02d44609368b591000b753192af2cd9b0b2e1d0456a08d3152d2f30d74100b23810a55165445bfa2fe4e9702a6dc2fae135432dfdcf9e2abe35e9578324b8236fbf6804b3c5e288036ec60bc318e2c0f0d9084b4b4b4b4b00000003e841972d6aa92fd6a498572d595c5371c63f6b9d5197d93d28089528da4b7285d9456cc13d5d4dabc7d38e2ad2f586b638143b9ff82a6ecb467e59f50f878c750462656e63686d61726b73
010007f0cf83691d196b027edb5f53fe749900ffa75c0c3c5ff9f043c857851c7fa316c04726cfb070e788714fbc71d25c037f089b2bdb24d9991c48229c7cee750176f7ba4b1e4cd49765d579c8fc6e2252936ec60bc318e2c0f0d9084c4c4c4c4c00000003e8bd1c0f4cd3dcf3547ffbf1fecaa0df457fc2561fe83e68da10071c6b0ac3a98019f9940cbf256ef7336db2d69d77095f1fb72035dbc5b815aaf2aad972117f0d62656e63686d61726b73
0100e48d2b3486df3faa562ee72382dc5f9100eaaafe4909b4984c15cc199aa500d959bda0f4ec95a881da092b54b7f6896f2ef8e4e58407756db469ef89eb9d49059c89efe3f3af68af29d9827b83ef064e266ec60bc318e2c0f0d9084d4d4d4d4d00000003e89dfcbc61bee3c92172cdcf3fe77b812347a9317da2bd082abc500c3a398bcd50603ec1b37ffa889d0cedcc653961417431c711a98aafe7cfe6aac6ecf0e37e0062656e63686d61726b73
01005280207b7f57d51dc92611709f045c1e0021e776bf26024e57de964383fa7dd57f70da5fb9fc0957e7e39aae4e6b8282752430ef0bd1ab5449884858b4fc59c8cc7b4a2de72a1ea84e73d4fa013c523d956ec60bc318e2c0f0d9084e4e4e4e4e00000003e88b3d069792edf79a5a5810613338a693d08beb12a8a7e4cbec97cec7cb509108fa6108f438cf7e496f91a82a4c7e3ed20845bf772dd03afe79dafebf3f974c0e62656e63686d61726b73
01008dc5f0423bb29c56cffe166da28b1794005bbde1355fa2d5add84e37b31ea9712948763fa653b413c20a73c942ec403b5b8a5ee73f13bbf562ce86f06ff0b7bf2cc50042916f5cc3d239887b4498a895c36ec60bc318e2c0f0d9084f4f4f4f4f00000003e8a2f73b96e1d53edff913b1c66493197800a1e76b02dc31d99429c7a00ec75ccae78926b3155b47377a5b60c2f3700d0d9cd6c07607ea11f71fb8a12216c7230e62656e63686d61726b73
0100bd573a907d0a283dcdde56fc632a1d570087e3d36f3d9ddfa6356cec7fbb716b3e02b67db126f4d76d3acb7b6ac2e6bf04c6eb427f929079dc453c49eee3ba48579d5bc35908a42f76027fc7f8c3ae98956ec60bc318e2c0f0d908505050505000000003e8bf97f298d89da5147acfd6435a8410a73e8f1c47efdae9664a8483b8c8acece60dbc518fd3fbed74652fe4908a017bfe85e1b4fdfa31de97465b04cdc4d25c0262656e63686d61726b73
01004983352f9669f6103532323ce16e4a3b009a5b404fd22e4d7522d1a8956345bf57dfdd82e9dec84177b94351cfb2b26c67ae50295e73d9a9d37cb5e3e9caeec8a2221e521a05b2a8da3e9594f6463bed826ec60bc318e2c0f0d908515151515100000003e88db8e87133498e9eb69011b4dafad63c5187996334e652370f23d1b76b4904c363dfbbbf1cb23bbc2a07a86a17f842675f320f06b3f4e0a82789fffac5974e0b62656e63686d61726b73
010044a9cf690bfdeb2fbc172aa79607f3a9004abedbcabe57b9c8ccab3f33f57f6d5fc5c749b025ad180d5ecb32798b06f96191f1dc1563c4537afbd316c40648963dea8e519ad2ea5a47fd7db7cff5765bc26ec60bc318e2c0f0d908525252525200000003e84380832663449418922cd06e9959e64b462bbeda895b82ab659195e91051f661bfaf692f26f18d5f7a3022dc68336097f51450d2a6dfd004a7631751b85f820b62656e63686d61726b73
0100a5635355b44582951367203b2f6cf96600c888ba5e24e84b4a85219f6e31068a1e930e83f65cf7d5ae312005268ff7a12d301a3150d746177d36521f402af9a89a7f436cd014c270383a20a36dd29b002d6ec60bc318e2c0f0d908535353535300000003e8e94b820d01ac141b7ba944deb09a60bef3321477dd92431dda86f003271a97b62b248ef38c7e2ff6e8e4707481b47eca8afe1ea09c35accc1819937bc4b8060f62656e63686d61726b73
01000bbbb9ae19456e752b4b4852e03ee40200d0aedccc625b1e68424d072caaed3ed4f14f8a2ae750cd6496d7cef73e0f4c57ff9378acbe596f81368c1f2a54117044ddde27c9e6a7ec3b9697ce510ae0fccf6ec60bc318e2c0f0d908545454545400000003e8f021751709ab9e7cbf089572f1bc3ef20549dc82ef1c3125d6e76bd24b8e92447fef4e67caf4a3932fc29d93127718471b5ee80596f7cffcc64c5beae7fe2d0962656e63686d61726b73
01008f16076e07a9d8b3dc2b651e53005534002f14ad46146e6e91ce8c853245941ea16c2f4392f46dcd5cd68aa6e45daf5836f51ba3e77bdbd6a01bd69d85713a9fb2263e371ded7b4c76d5061a64cd4713596ec60bc318e2c0f0d908555555555500000003e822b47c401c2c738cd80aa2ecea42cc39d56ff8fad4e60676d8946667f564af9bc94fcb8296d9fd8059918c76d37c691c4e60c6279e8e2fd3721fe7946cba1a0c62656e63686d61726b73
0100fb4482f54a0448ea2e5d307e2bc38611004350a0c1dc92fbff7e8d540d3d8477877cf98ff575f82fb2ef765ba28e507d15c6c0a1caaa98c712ed4a9e85f33241cab5199ee323c56ad85e289cfb15cf49296ec60bc318e2c0f0d908565656565600000003e8ba8d6d3cc1b9be87ab06ef68535e583dc152fbd1fb1b6e13a56c708b69b8a1460f89bd4c558de0bed2eb67ab4433b87b9faf6a83529a423cdffa5fe66a2deb0562656e63686d61726b73
01004ac7ec83d1052bd9f56ea5ddc4c91a3f00715682cd8128afda2f4f665aba2b32a9b1788b32fee929e573480096bced8f3216f784c7a84d406a355f81458a7b43a5aa0cc568ea03b7a3f3fdb91944376e516ec60bc318e2c0f0d908575757575700000003e875e5ca67b4edca333847a110d6744a0058494b45395e9d6893746007d81c848d71fec83b8aef4934bc610312ec73e212911dbe5e1597911db34dd2eea273560362656e63686d61726b73
01009cab3a55339da7dc4fba8456c59d88b20030b1e30dd663265838777fada1668ed989ba9028c9f64230b0320dfaba72d6183c34ad55a9327597f47669897c2472c7b6838ccc362bfd7d8dda10f67902c37f6ec60bc318e2c0f0d908585858585800000003e801853a02fdbce481ac2f94cb3dd8b391d957d6bdba1e032c698eec097fd9cf86eaebf3ad49b2bb701c8765e09d5a8b2a0919526346e72594d1fe725078c9fa0a62656e63686d61726b73
01005dd5f6ec2f68f5d4b2ef0b9b40d7c45000c93ca80eb014ac2474bf620eef50d2a3857c93b151639e4347b652308fe0306a44dd21d855ca33c72d91c95a5f47f5f5856ac20485dfbebbd56650d12e873f976ec60bc318e2c0f0d908595959595900000003e81d511ed8a4ea6d4be215ae02831f3c12babae01e95e37bff126c8962ec0b241a308e72dbaa9ff637870bce61b6aff42bbdba7f42eddeabae8184c144bc97a40662656e63686d61726b73
010036aafeb13fad14ca81908623b5a55bfd00b9f16ac533b1f641b3789ac3887f53c15ff3f65ee912cee07dbbcb8588a97b423e789d8a51fe8beaecca37751d8f85e66992d6bb7183913017278151c8fd84cb6ec60bc318e2c0f0d9085a5a5a5a5a00000003e8db26b869efe1e3d15902483fd5dd787d0a2b63e4e53c4826ce1eb07bf9d35a3d60ab831a1320d4271fbf33c9d188b412d9488ca97484bd46f3b810b47177130262656e63686d61726b73
01000f079c091e7d96043b1a0bea66ee3d20001b7903a3a13d581b3157352d7b9c936c95b91e9bade2fa0774d96ef5ac17a135adbbd9453b8362c20d08e092a1ee942d310c701d59d37d4986eed02fb2ed1a436ec60bc318e2c0f0d9085b5b5b5b5b00000003e83cb1b70c16a7cc5fc3a51f76dcd103ba88606e90045066a406a33563def4ba2c6c0ba957e640465ee8e76233eba9a1b84f7f6ca588c4730d1e4eaecc2aa5520462656e63686d61726b73
0100061f0d6938b378331cf0df00a325111900e79b22403832afc4411e2cc9b1b7a51afa108d6b138cfa35b529a6c158adbd00ccae13a8d6017e0f09e1a2f268abff4e0e002ff3aefeb6385ec29afaca70732c6ec60bc318e2c0f0d9085c5c5c5c5c00000003e85d37676f7298d0802b0b106a2faeada6d387e53d1563d244c9b506419fde2a64d1b2c5403e9a6ef151243d27f7ab6d290d38dd16e7a7d128f17c195362be690262656e63686d61726b73
01008f3bd7943d696238d28dd602b69aef28000ef2780d75caea5dd952c407153d3e6f53c5205cafb8158482929243a70f87241a8c34375da61693567c4a7489b18144ac0dd1b1e2abce8c6c885e4b178c91fa6ec60bc318e2c0f0d9085d5d5d5d5d00000003e82b148dea4f5cdb528d9c6e28f7bbf876b167a2f23e8ccc73be863ae0ec0c3b1c16833e4d73485b7679640afd990a655c5d345567ac0a9a65acc82077f97c9d0062656e63686d61726b73
0100d7a0f187bc66322ef46327a09b8d1e80003c795def66d2a507d4b630e5e1602d50b67ba605d1283f25316d14d5df8e001a312f1fbec0a8cd1dfc7da697bb92ff02b6dc3797d17a21ffbb31a2b4e3c4cade6ec60bc318e2c0f0d9085e5e5e5e5e00000003e8e9142bc6c56f1e686e3ca299bc26edc5cbdbfa72c1d5fa5163b09aec7bd41d08282d33cadfdd02426c8049854f637c678f7feb1edf626d7f11a654ad15aff60462656e63686d61726b73
010078698890dd527b403d85fe38b253683e003cf2192e2a763317da815e6260a43c3bf4f00d2c3bac683578d04631ee5283135244260472acb2270d7109cccba3334c9d87645e6359f5038edcd28c922b0b596ec60bc318e2c0f0d9085f5f5f5f5f00000003e886ae0968656218c6f8bce15ae17ef3bd4017d2505228e978b4211f0f8ecbcb2bbe927ac4fde2364843ed8f03517488e0ddc460dddd174e22c3748fcd7a7cf30462656e63686d61726b73
0100a9b2ddfc1591e89c617fe24da1880ccd00145c1b9565de27266b1837a9c31a3baffcf20569c38844113221400b8621e40d0c5068fa35f63e44d8f73ccd12a70fb9d97094859cfae2e6eb90d3c726e3632d6ec60bc318e2c0f0d908606060606000000003e883bcd7c1186850f3f5f2eec96dae164a8dac73da3e12fa0955033afc6304804cae0151b3b71a7297361b65a56e70a493e395d932a37ff75d019afb7ab22eb10462656e63686d61726b73
0100c15a8cc55f2fab439dd340cef84dd48a009c60c13bcf521d810b3c761859048098006c5ef65faa11034e0643b56746e970e60b0d4ec3d01bb2df5b0e72e66abb418646b7ba7ebb2776e7385f5cd8b7638e6ec60bc318e2c0f0d908616161616100000003e82c2525594a2cca53362e873da35607ad8406188c2397dcc33a564a77075beb405a326996e59c9904f1d6c083e8eb9473fdccb3e022e9ef8a0742fbee5523820162656e63686d61726b73
01006906bae3e08c17d0fe5a76df008c3ea3004746507ba8b35d975c19a2abc7b571a591961799a976810591ad7654ff35ec1c9ac4fd1a18bc16df578882d7132a1738b381a0be3b215f7d703356523f97d0686ec60bc318e2c0f0d908626262626200000003e8f3703567ea5764eb4408376f0043f463f49543408f9e0318c4bc037d0b739e4d14f4e36985500caaf01cb100fcb30dc87c3cc54cc055d36658407a206323c30162656e63686d61726b73
01000e5ffc44a060f83f847bf22a914feecd00bb50ff9e82a574cfbf820e97f60fb9c143ec7415cf514f8cfd98eff59e059614747d2b32613decdb4e81303fd3706d764a47ed6b54011fb782e4b0dc5c0790c26ec60bc318e2c0f0d908636363636300000003e879fbcc142934b41efb8e3b2512150b282608aff1c1844afb1db1a89329c70974c0f50a63d4bf0ca38320cf259992ea5c622e9d81371f447a8247da1f0770c30762656e63686d61726b73
0100d5d7fa64d73239ef5806082d9317883500c84d3370d9c8aaa389f0198ae98abb6e2659d9fb61cefe01b0e47e263aae3847ed63130feea84741fa8851b93eadff95eb6cd11db819f8650c1259b4118a30f46ec60bc318e2c0f0d908646464646400000003e81de7c08e825db20d93aeb8c4f0f4e38f1505d7ffa61f5f2f3a4b9aa6531c70b6a7396af292db226a1255b867391bc4f4ceae53f61ea778d3d43423421f36a80c62656e63686d61726b73
01004239628f82fec27a49a8053a4d256138001ea1990d2955df102c0fb87a4378b8037d1a7cc12200535b0f58809ff0518465ea1248f490aaa741bae4039c539bf18cca305c264d533384a4ec3a6a0d04adfd6ec60bc318e2c0f0d908656565656500000003e8239101c8a3a21ce059e4743b66fd2e8a85dac9208b0bdce5d1ad7e3b49dd2b40c596dfe56d76b8848d865abbfe6a65fad7e4a143714c8ee0005e4639254a600862656e63686d61726b73
0100dcbc91f3d78f0c29141d64cf543a35f000262164287dd4b28b2833b6248eddfcd7438793463958855a0b21c87ccb34a35e736c085f92f40f6626e6c9e033a77d4f942cae71e5479d0417cbc562768c7b616ec60bc318e2c0f0d908666666666600000003e88fb82f8e9d071b71ce736bbcdaafa992cf4e18f6f80ca89051987869e98f099ccfccf656d3d95da2e4a3bd50f0f9571447ab7555e8e63f2692ffd3bce91b8b0e62656e63686d61726b73
01000db63ed30cf0aa251058cc000ac4bd3100dd7d93da736e5a03cce68a44bdeed0c17be931a76ca51626b3e65fc72c399a6e0e4b20e425f88d13de5f691b9bd50a1be44847431260fe1bd931998094de892a6ec60bc318e2c0f0d908676767676700000003e8b789becf318b041b00af0ae07a9f2c2b0351372ce01017629b8bf6d60de4e9560b8f1113cb29cc25ed3b411567f4366c6956b94ba634f2a4692c28af8937ab0962656e63686d61726b73
01002b7c1a0a003df98459109fbb52ebe848005ced79d32405e74dde85e731cb48bea3be75bde616ff1d5e74483082779847270641df2088ead7a11b7bd5c9a645ef83a975328f9af658c58f5d843b1a0e79246ec60bc318e2c0f0d908686868686800000003e878a2d4b764eb0533d5264e2bf0a95d93be58a6c64154f24c2f7f8ce20b056ebeed980b5d5c873ed1f17a772fd2b09caefe04fe8c422baf8170e7c6b535e9900062656e63686d61726b73
0100aceae301dd8c43dea4b1dba9577008ae00b52b786c864669fbb4dbb784fe1ea4f2137d0908e4c435730f3886e4b588dd29b7365aacadf274071867ff0ada5a82b30363a4afeaa4d21c3033268dc548f8366ec60bc318e2c0f0d908696969696900000003e8921859a7e56d649d611a0acd03d6dab4c334851593497c54210ecb9b14cd53eb13c5dafe31e0988280859b474e23ef31de316d917fe39e5ab7ea6222226acd0a62656e63686d61726b73
01008a1b1a60b3a944936feea2738017702500f97217c4c43417ae425de653bbf45733c270f8d5772929c3f8fd76c543cdf21c86449e277fce2c230442acb6d568cf94f518f4f065a5f8cba5d5d95394f0cebb6ec60bc318e2c0f0d9086a6a6a6a6a00000003e867e21107a9613bb8ed144880e95b81ef24a01c5fdbd7fa9b020b67f10cbe519679cbe15825c4fa9560578637f3de1caf6f9ff410ad431e6dacbc219227a9d90f62656e63686d61726b73
01000d11d93eb395c8f5f83654264a64cb4c00bbb2f616a3c4af2c5a2bb90e3dca6a0fb510d4c217c8b8440a9c149660d14e5a7f96ff8715e52943a160fcf06de4298a50941cfbfa232d4bd7c30904e7fa57696ec60bc318e2c0f0d9086b6b6b6b6b00000003e83c1caa2749a3806fd285e5b455bf21223c4d6cfbf86b38dc43ae5a5d901e0fdfc3f11fc1c2dee12dcba13406e6c6d9ef6bf67959cfbea3fe9a60b5b517b6c20c62656e63686d61726b73
0100e009c7d747eab4685b5db6b2341c00680049c85cd067512744146fa53ff4dcc3fa119336ea5e2726b46942271497eb4b3bf1d261bf7cc781578aa009a0bc61c84a7aac6c1db778880bb67b49e712848a2a6ec60bc318e2c0f0d9086c6c6c6c6c00000003e8541fceb31d3fbd3fa20c8ab83016c71c14943b46e7b1703bcb4088b43a8deb60c29795e1100181bc6a28c39ca2bd37946b5b502cb83f15f08311490a5485190362656e63686d61726b73
010081939788aeb702772e0f4174c459f6dc0045c7c1e397281f9127fa60004895aa23089586fae0301a101aa37a6120ec0f0f3d818c28ef5e04b5e7e0e484762a625887feb2f23be7e518622aa812c1bafbe26ec60bc318e2c0f0d9086d6d6d6d6d00000003e8bf2bb5e6b91641110b644679ead044750dddc602d87fe86725dd05dd0ad38102589c7e92aac16bf92a43810bd4087d5cdf77b92df922df177ec0944d66c96e0f62656e63686d61726b73
0100948c04eeecd345751179f75b59e277ba004f20d2634c4743ccdb695195ee00803baba319a1e80a19beafdb2750b7e5e847c3dc5af7339e46d8d5928b124fececc5e3905da751485938ed2101362a94639c6ec60bc318e2c0f0d9086e6e6e6e6e00000003e81dc1ec43a88610156b1220ddc2b44f06b00b5f0e204894de986beef4e88b0f7533f385479ddacce7e872b836437a44f51758cfc0aacb52a2794db2d906aa300262656e63686d61726b73
0100e2c3892bbe657937d202e2effb4e461c002917d741b96021e24302c5359c8e6d95a7d11de16abf60d3545df6cda8f2d04ad43b52de10d87faec9169a317c7e3dff8a9eb6df3503191d0f8a3cd3a284b9c46ec60bc318e2c0f0d9086f6f6f6f6f00000003e8b9f8be97d3ad09f408722f433349484f304657f5dfe89c76fe86de7d4ced251af5dc089dae1236ce4cc5ec4373a0668b47aa996ac4d6db929efde8abf957a60c62656e63686d61726b73
010004fc140fa4f6f5319f24283a435dbaa3007890c67126fa46e52c889003250d3c4f988e0c4a29226d208306141fbf2b2832581a6db20c98bb68de4ad34aed2ecd4da631d34ec58ad6cb482a9219dfc5dea66ec60bc318e2c0f0d908707070707000000003e8f93917887b07a65ae463e27c132a3c6fd030c00f1b2544c51b777de3cc727d9231da3f0d91226c7d169cc668195b420dcb4540857f3c658ff1df01b946f5970962656e63686d61726b73
01005ffeea488c613f09c14183eb5e64518900a13143ab80ed33150c404d6df74b418ee8b88b71008eeeddafec8b66a9da6b63fbd0d6d0046098fb8740bcfc2d7c28e8161786e07256849e76f505ff36c9bc616ec60bc318e2c0f0d908717171717100000003e8007e6934a7aecdc61022c3963339f03b81147b38fdc866f60ae07e99014f52206f88e51a926dbd144731b0d07ff88fdb4093f5a7185dd459148fc8ec6725f20a62656e63686d61726b73
01000eecaf0f1e6f06a866efc8acf26c9d21006f9be2a1576c6251ff0eb3d870049e02e39aebdd2bf9b38531442248782afa4284ddf47f1b95e2448c011a46294660f4aa2f5b48ef55d63d9791041e7b81953c6ec60bc318e2c0f0d908727272727200000003e8ec2048e62b11650aa805cdc3c3b1da3de936a971ea48ec799ca4de589c640142aa364e643d2fbe8d83cafe7e75f43706f5c12bd0ba8c424fa1ea97638b39b20462656e63686d61726b73
0100bcf0fd7bc50d28719aa01c9593ff65a0003a7494779aeee32c707c872636808806918b94551628c1ef75a6d68ec1ddc53102fa41c9e483c5ce90f4a47569ec4b9c9cbd17a9ce970785cdb5360e9c2070116ec60bc318e2c0f0d908737373737300000003e81de469915cbd3cd94e11e4767a4012582ff60b075447e683cdd2037e5a6c62600f4ddf5e363370d78def435603af9c153c6f8d118d8feb249c613d511512af0462656e63686d61726b73
0100748e542f3743d0616d441a3f73aa44bb007e648fd8413e1c3f2a4f1e5cd124435cd5eb9d506e39027ef39dc9cb0685eb5718a479ae6bbde954ea636641b285ef733e064a613f08a281189dc17a18610cbc6ec60bc318e2c0f0d908747474747400000003e83df2e82fc431ff503f63436b8d765dc6cd0222310c8a3005eea62103486bdcdcb83bd353aebb49f2cf3bced79637ad8ff5c0e6c94a1cd6597fc1f6b30313500862656e63686d61726b73
0100d77fcfdfa9c422931f248d696ec55f1500b49ea8415fc5df13e0cfbb22e8c1c2c4459094ad393ca32c27bad8964a06be2436a6eb774495578c3dc995a5d1c82ef48ec6fd446174bdcf37c9964709d60f316ec60bc318e2c0f0d908757575757500000003e8e6d94f54d3af05ac64f8fbf3f3349365417d662e282fd23b699e7ce4bea9930452c6b4bb6af42bbf1fe56ef1befec64e3fec4f15c2f18fcf7d28d0a7e290f50e62656e63686d61726b73
010032db4d4a088104718d6bf58f4af616da00677c80d9e677f63351b7a29dce4c62a49c71e5451a3ac5508f8c83f040320634c0c8edb22af1ee33ba4e91d31c745708db8eec5fa152e9e61ca0f37031e614526ec60bc318e2c0f0d908767676767600000003e86cd50dd4c9b2a55d280a937a6370237768d702dde8dba83cb40f5d0679f83e5ca1611bd83cb3c2bc8e5b3396b4aec39625dc090a4fef1b688afd9c0914dcd00b62656e63686d61726b73
01001dd1b5cd08ea13f87e4dc4c3c7d313ea00f6f5c4125cc409d8d38bb3cbadefdbefe6872ffea5fa004dd0be99df8f90151bec1b38085600ea5e525bb015851f37832f67decdda172e6414cac0d0faec64066ec60bc318e2c0f0d908777777777700000003e8ef41ab069cfeec332451b52f217914f90315fe16d37430f156297487f0d1c251e8f78f6661b68ce23f0e9fd3b3b28fc9af3d978bf704fd8af057af86191c9d0462656e63686d61726b73
0100da8e17a9ea043d85b6c48a9e0a0d6f2f0065ca1c8fb1b34abd07d7310ff67128c3a4eb928b8c404d33b33aba14b7a55a423b23e25fdeca17377e7c3af27725bd9e4955f088c5323172306841b91ffcb2436ec60bc318e2c0f0d908787878787800000003e810bfc82b93570db0e6bb082f0aa4e7745fcf92550b704534a8d098de7701aa938386bd28cc92abc26a9b1b97c769e25b23c4989ac349dde62e7740dd58541f0062656e63686d61726b73
010066e958f79a3a007a894ce716d097f077002f380d0ffc5e0a2fcd1003f6ffdf0e040b7e292d0b18ae4732826bbe97b4977e2ab1988321600f3cb02c55dc85209a11359831972b446faa620f36f88e3cfc146ec60bc318e2c0f0d908797979797900000003e8dc23532b121cf9b032f7ca0b2c0ec1d4787e01a75f3a12c9e0fc7a7146c4f76a76cdc0b1f984c1f5ad0ff3db39a58ad56483581e80764ab777b07bde87c8da0762656e63686d61726b73
0100c77a2609b7515193fb02fb2e5414c6700000123c0a82370ecd61da61429aaf1f01e95cf8eff9c4c0258a6662b2e8f8710f6e8997b07073fc634c884314fd9a1a893d9558f0160247eef2ed5630682686156ec60bc318e2c0f0d9087a7a7a7a7a00000003e802307fc4acbe39ddb6da87e34bed7d9d3f79860b8c94f59504d5bd352c4c4bbcfc80f1389e56e0e27077212da9902dcc224fb79b715cd4940c1b37c8d3d1080162656e63686d61726b73
01008398024d3595033db65c611bcaf03a7d002eee213e7933a20911988d11de5bd2f3b8f9cea187ab4b1292ef92045b52e3005d942ce1f0f15f84499dfdaa823383957f01c137e355d02886b5cddd85db626d6ec60bc318e2c0f0d9087b7b7b7b7b00000003e81432c6392d1b288a1670146c632c212c57bdcb9f8f83db5d3510d172e3b89abd73bf0655200a55aa8422ab7ec68a42692cb455d75fb56b965e9132cb6fbf5b0862656e63686d61726b73
0100253559f19a28c83388cbb980f8fb2c410007a58e47362800f467b4429278d6ab788faacb916a9019e4775fba1cc89a651f56fe815082850c5c7d45fe763a1afdfcdb6dcee92e9474beaf062653c54085346ec60bc318e2c0f0d9087c7c7c7c7c00000003e8faaae5abf6d5bc56a365835003878a46174c4b44350081f35cc996f6e927f0199cad66b6b4e26a6b70a1a2edae5be215a3adc584ac5b71c9ac1d5491b368630162656e63686d61726b73
0100f7d0c2e0556e9ea353af0e95b2f57993003cf35a8c6b0ba57d60aeb75a84445c8655f14c5fd0f5a3943c25ecd585d19b505d130de8527df4df802812f4726d29236feb8e22e6a8ae43849fc46a3537045a6ec60bc318e2c0f0d9087d7d7d7d7d00000003e8aa77736b229939ec6c96ac36f1b2adb86a0d7760a41f5c4d8b45a636b412eb9aaa9212b247057a81062a1e242fa42af1287051dad85e17098c8dc4d2ef1d170462656e63686d61726b73
0100a5efd2097f4b6919db89ecd6122756360015aca2743563e7ee6fb1dd6012374a50a227f0f59f98ca274a7e3ce5d58cb7376fc3d36fe9c636c07c31c222e0d00de3debde2448c2f7416ed63173b33f83ba76ec60bc318e2c0f0d9087e7e7e7e7e00000003e882b8d0c8f158799cb549eec47b1451ebe025c34325cefb95d79e35827d60f2c6657106b11d8295c075b17dce206be691def601099dc2c02b857b4f539522660162656e63686d61726b73
01002e1dc8d141a71e3ede7d035e65e56fa400b423806f64a7c98f31d2872e45f4d76e087e50ac34db33021429e9d6fd03337383635910d56c769931f51bc5c22a213e45a3dff3e7f86428a1d83763c76928536ec60bc318e2c0f0d9087f7f7f7f7f00000003e857335fbb212adb728efdfea8275f35182671467b5b535bb1ab82b78aa2192a23760dbeea6e7c03563446fe0d136562445c05ac892de1d09f01af4010b8e0220362656e63686d61726b73
0100dfaa3dc6beea6db8845bcbefb9aaeb140070e5c8a211087ab874d1edac707d509eda9e340ebd0db33d7d3b84ff458627248ed45cc443565b98eadc367ff093f57bd1e406f6bb3803bc80973ea0eb2d23d56ec60bc318e2c0f0d908808080808000000003e886db7e8f946d29397f0498595a5bb6ad49073535c431e5b478c4c373105e490db31255a7faa0de030c46d0d7bbdd9fb4de37d0f906c7d1c5f5e568aa5522960262656e63686d61726b73
01007121c40267d6c3a7d2884d0e425c9ec3000c4e5c57be2e0419096125e552edf2801b5721e56ee815bac4a3581512522562326657897b3c6155cf0676c703eb51681a528fc33ab1852a2ddcba2bdbe8384d6ec60bc318e2c0f0d908818181818100000003e85149a64310adf8195694e7926a6ce5336e3766c84d5df022495a892f1054ae29eff550b561ea72d95c936747f2012124b70652a743c87ec9c706bfc6d61ce70162656e63686d61726b73
0100a2b7126b2bb684741455c46755e55fec00f8de550c7578eaec0b1aad53dae99fd20b225169e6afbe2601dd0f03aaaa2866eb1153487c0f8149cd7a7b370eea94e6d29d0674354807aade14f6ac2a4756e16ec60bc318e2c0f0d908828282828200000003e85c686a984eed64b54d878100a2f4253a6a54729978bcad6e20a4979ada263bafcf6169941f317074a886b885cb428af942af26dfbf91abc6d742b49e9f78990762656e63686d61726b73
0100cc202b6b6a21d686b718b3dd1c3c12af0009b00ab64fba91f6ee73a7e2f85355b3ae395e7ae3b4b83ad68774933c0f162444773c4bac2404d1baa1281569269fcebf3210d780a1f10a970871578edfca626ec60bc318e2c0f0d908838383838300000003e88632da74343dbf5f534728ede04c7194c9b062f26a02a7c6695b6f79f3da32c3966b44117aab9a5273cbe62577849e84007320941dafe32e87fef5e442440b0c62656e63686d61726b73
010072393d02ecfef628a96795ab40e13dcf0073e79971c9110029723632a80b707bf4f62c125763346e1e8718d6c0dcc3aa3a8a5a3ddc1beb48f4e8c8f7e3b3e547965606c0560067368bda5f7d9d1b1c08a86ec60bc318e2c0f0d908848484848400000003e8880d2ca21c83fcc463e92459756a49295f5e9f19072331758db2d9f7502495d5fa16f5247a71474fcdd2eab7b4e8b7a91bad4357cf6ecda6e41451e6c8c1c00562656e63686d61726b73
01009858b243219464f0dc0fc84f8081878600e78c360839ab7dd049acfc051b9ebc3de7e90ed2c597c254088dcaad6db50473e4030998cfd5ad1723c169f956aa0b9eb8619b5992bd612c2af428ebc79f8df06ec60bc318e2c0f0d908858585858500000003e8474e964691d707c55f993280d3f43fa6b3b4811efc7f8990646a814c8a37d7ef34a747169d0dff358ed65b54a3a3521569066a90dee6f009428c5f31d20c1f0762656e63686d61726b73
01007204841310f1f5596347a63dfff7a79800e7a0ed1ad488a5ff884c273c2a17b3d2cee3195f22308326f3845f70a85b5a2b0360edf1a07c2925df03f78df48e545f6d12f64e76a0957bd38d08092e1a04fe6ec60bc318e2c0f0d908868686868600000003e83af9d0f31384bb2a2338e4e20bd5b1ee3dd759f436052349013d047a48f505e43fa1daf9e03d501a818033afa564b5c5ca97a84043d4ddf26fa92d79cdbbe10b62656e63686d61726b73
0100cb290fe5bd814e660d21e5c90c31dee900e6f57c37cfa1887b995dc40b1d96d09124c5f4960f172628dd1b229978f0a913bf530b2238c62b5f2af0f7fd9315320f2817f70bfd4f1b29e0f5d96b68d420c36ec60bc318e2c0f0d908878787878700000003e8962c3341bbcdd09466c66d49f178d58f34e53c33200fe256994a27880ade353f28fa39404c4b739aeca9079d84ba8fa14030df90a8bea6467b0c5c0ca5ccbe0762656e63686d61726b73
0100d56dd4dd3c7a9d70c124e0ff14b2ec6c002a7662cd72e45f79b51c0a4986cda4d41dc1f647dacb7a6c0de068ed2157833ec2301f8e1229aec39d373d5ab91afad238cdccc74a6433024a388a7fb45560046ec60bc318e2c0f0d908888888888800000003e8aa542b72abe6005f2adcab2a57d47bf91aa5bc5134efb88fa106002d411aca50c40b5a44080cbd1d93e856b86ca8d7cecacce3a1f51f034b898837c3bd98a20a62656e63686d61726b73
0100b976b5bc9c6d1fc0d9e24fe30823f470003c2ee2246ff19aada3f0f39122dada679b4a1cf3dcc93213852f8901daa4e24ddd88c22510f0b82f42d2c0a7458be787b5fb7945e4f136df00800196f30adfa76ec60bc318e2c0f0d908898989898900000003e8e08046381f27349d002a8116c7e95a00c4212804f46a2b1d7554755675cd56304dbe1724d6bfd7a6dca47066075bbcc5662dd9bae46911841df60d0a9d56f10b62656e63686d61726b73
0100370024a1955ce78de31fea774f3fb43300fa143daa298aa10fe7d6a093b796d3467a54472d20fe4df6485154e65290602a3c3b290f9f866c466e6f762ec45382e2d92b993075c7c5e1610eafd9dc3e6a8e6ec60bc318e2c0f0d9088a8a8a8a8a00000003e8afdbb22499686d2b2a96a1c41851eec3bbbf609acc5d79123a97f8d654a1e090b50e96bde0be0b32a2a762584831b9d01157823925bcda35d98aa1f79215690962656e63686d61726b73
0100f87ac455d63905028d23bc9ef46f851400f799e4d796312433d0d80741c9beea28eb392dd9e619298a1e85692e9f17230eeb323a8b9e41f4442c17c460cbb6f3b28b33cdb757a457fdc03c457d8502e00b6ec60bc318e2c0f0d9088b8b8b8b8b00000003e87757fbbfe1b0bf0af65adea8b42af664002f1dbb8e5dc50c363a1ee2758a2105d62b782687baa60050b84ba158777be7d6183b8204305d40955260a70b01d90262656e63686d61726b73
01004834ad3d863863ba28f51572e9525d3e003f39ef5e91436fe78d52e11e346c64c254afae6fd39f5860ee9ab0fd6c876669e0c532c43669d187828acafb9f13443c6c999309d533283a453a652e0ae5c52b6ec60bc318e2c0f0d9088c8c8c8c8c00000003e8e12ad04b1e47591e486e4170c811489f17472cac39d720f7a008da3b883ab9b65884d01cd19d528f278f4591bf96cb3d46d6e33849d4644aa4b665bcf8b1310362656e63686d61726b73
0100a017dbb4ed82cb545d33a0f8610e24fd0097a8a4394e14bc30eefd6629534fe99ab668bf53a74c09838c53dfbd1055f90daf1ba529522f1279568971b518ecd84fd2f8f62938464983ddb0d5222cc5cb706ec60bc318e2c0f0d9088d8d8d8d8d00000003e8d54d616efe71ff5c74872d82ef77a43ce567b1d918427db5470f541ffa79bdc634ce061ca99868f01321067c75659384d5759d8d8f318613bbd379b95b6ac30e62656e63686d61726b73
01006f02264e366e28ba8a5fc47a2a9bce0d00ef6924fbdd4db470a3343dac205ed22dfdc9891518449c8e34e5b0d8df2fdc5f26509cc64e7fd17d7caf66878f6312d517b783d2a7b3c97e450e3a13e827421d6ec60bc318e2c0f0d9088e8e8e8e8e00000003e8c9ad39fa82dba53b5da2a990aea93c23cef2cb2fed79443b938931751cbb60f957d914e77c4e2d4823f7989cb98697deb2e49f0f1f7e4b977b75b3f780b85d0a62656e63686d61726b73
010094e52242a9bd4f15be21e630ba803da500523908a8733ebf4b90913909fea3d6a362e626b4f4389ddb4e965cb487113a6c6d791c3acf804bf0bfa1f52848aa47e36ba9294a08908cd3275b3a8410298a1f6ec60bc318e2c0f0d9088f8f8f8f8f00000003e83c0387f29fb10dad59228853670367ddba473743c233902732ff6805ee4be6be9662e3cf4d614cb3814d37bbff882243cdb2e8ed61708faf31fee4f72ede860562656e63686d61726b73
0100c60843d2bf0a9baf638ae02b07c4b51800111180879f353a20e6407bb81e946c5d4c69d3e7837537b3009714b79e1fc763e91abc97a8ff375af47d1809d43c8351ba42e04bb1ced47980610103329660f96ec60bc318e2c0f0d908909090909000000003e840824e60bbbd1a03b0a5f2e70b4e68a55bd43057fda4f4f2a6495fd0c5e19d3dc8f513c35f0575bff4d16e67080754ef61a83647df822769e561c0c99ccaf20862656e63686d61726b73
01001ae91a46ef0f16a1fa81b0a4e5192bf6008885b6b031a6accc10a3dbb6828e4153dd6effbc7ae060ab4c3675b5478b0322f80a8374c4a5911551ec55ce59c9c765c803d6efb08fa681f4592468f0b0dbef6ec60bc318e2c0f0d908919191919100000003e8fe4c1e5dffdef12293080c15aa5643eae89be14c877bf8bf78b047b3adea1608649bfaa2b84e0a624fbd5f598a591c78f0eeb99d85aaa8953b61a818ae7cae0d62656e63686d61726b73
0100138f1e37b1c239dd67a1276548b97bce00d82f0635bc3b8fb441d9b8da67fcc367fb8bab0c5e6cee7f06c3df8e4c77f4440f865bb6f9af0cd359a056500b92522d2181b6000ae0fb6fa4ab100ec09a8bd56ec60bc318e2c0f0d908929292929200000003e8c324f90917aa8eead3a1a578ca672f8bd40aa7500ef640e432783ea82690cc771bc6141a44c26859e15b73fb3857507af0311c3c1e9209bae982fed47b06760362656e63686d61726b73
0100a619bf794dbc7b4f67cb0ae7bfec56ed00a98ea7b8c8baaf18a0ba094b64fef6b5305f361ee115d52fa82ddb9c574d93494cc11eabf6fe048fa7bb3a781b6b2523c79b96a947ba3f4ccec27d6bb8d00c936ec60bc318e2c0f0d908939393939300000003e86ad616286a03e8b63b195658eef925dde83cf1be85fca290a1715e917bc6130e70836021d5417bd65bf6e6e1e7b4deb557e27b4d766b0aeea59d2741f8ca400162656e63686d61726b73
010095c386b176c3182559d0e36015c8fefd00237342b8150a84361a7b5489517ccff444331e69a106ecba87c369af56cea308429106e396d6f59317698cc7a015d0f45e592ff9dc9cd6ae2bdec94b1120faeb6ec60bc318e2c0f0d908949494949400000003e83a05e7041e376dc3f40e0703e6a5a67e9c81ce4a5b9b80019bef9e81a9011a4460db05fd51ef3d621887c512453c81c44dfe4bf5403a08b5c9b93f64608f8e0462656e63686d61726b73
0100feab86453c8321860eab39ac033e580e00e52b940ad182cfed595624daaaa892f68f14d52c49ae9016b6ab870e080e8300ca81099e08e1638f0a93aa9c84a9b11c0ab66e33ab6d368a3bb43c9092cd5f096ec60bc318e2c0f0d908959595959500000003e8c92b1049a49bde6275e9b9463ab836eddd77f398b68bf65dcaf9da87ce3c26f9f9eed441b970d8773a59705b9663fbbf00bdd33b226e1f3bf92a4ef2d424ff0762656e63686d61726b73
0100959d68c97bc6b8f2d02c86ec3a8f3e9f00b90e3d77c78f09ac761970ac862699c9d58c632aea0a8b3d2e7bdd790df13253c8d7b768831f8ddceb36b5a10b3f96cc1bc5531e2ac99f31697560ad5eb64c4e6ec60bc318e2c0f0d908969696969600000003e8b7ae2b8ddd7627adb538a4377776166737f16e038d3281750b43dfa18083dc9ac4903786fa95f30bf706a65b59d28178f139cb826e68d20fa175e82482bb2a0862656e63686d61726b73
0100ef36778825c8ec7737dcbfc78fcd9584007dce57d547d6a5097bcb6e5d48cfd5cd8070fb1b67a1e720bdf14f6fb264d5219f7a43543152c2245bf0a79ad1f5ed323b43e4570dd3661f56e78a11fb5d42d46ec60bc318e2c0f0d908979797979700000003e808b529c375d88878052ca19f5e4caa596fc0300ef27f648861f35462c23c949b1a20c3a07bd7342b4cb873fa2478ae9d0f3f7c8dc2d419dedb32d77fb316d10462656e63686d61726b73
0100de32f7677bac5162da42d3edd834d32c004d9830a426737979e4bca5e8e2c3632eea44c867188be7a00f1709604ff32303e4e65641cf921b4a5934f6435a2634d5f92be1c6e62384780d25ed58cba727166ec60bc318e2c0f0d908989898989800000003e8b81a2ef338bb53b249d630614dd6299d842322887861522f756e7e28b4a97492bf78f19d01d960ea25169e0757bb12a5a3e0ee239ad91263b7fde8c749179b0e62656e63686d61726b73
0100b4701b92d0fbb88014159700346eda5000ac0f7d44802fed5a81052cd079b2d3fb4f9a260612b105883c502801c576bd7af56f10c4d5c433f7fcb23521f1c86fbb99bc517a8ff93a8488296ff731f4df2f6ec60bc318e2c0f0d908999999999900000003e845cedce3bd76b238f3aa6e7ef0f2086fede212c26acce9837962ad869b8ee6defd540da7f144c34ecb61425370925d5bb44310477feb2ff7ef72895ac7d8060f62656e63686d61726b73
0100e3534eb1bef2b69dd432fed1883e8e560096e4fd98574b23102239aaa7c8851a93fc0506260c2c2affd5599733ae1e00567381d88b2104b2f7ddd0e9e6067589300c80c5dfd524ff6c38c4e647636edaef6ec60bc318e2c0f0d9089a9a9a9a9a00000003e8a57cd502fdd5b24be6d7ed53bcd3ab29308cdfa1b9264daa3ce7d4c1e8ebf7e6ea019cdcc3dfcc3f68034ea88ff92e5c49f4f31b89d07adfc6f03f72cd8f560162656e63686d61726b73
0100131a888c69115ed7e399ef11978d727c00ba81e7d5b8d75cd42ca1455754eded6c1ae7dbb7f823608b853cdf84ba83590a6c4a5a357bda4b1987c0efd5876ed1d2092071150bee7dd461035bee4240a6206ec60bc318e2c0f0d9089b9b9b9b9b00000003e85257114cf9c2c393e48061d59c0f840d0e3078ddc9491361adaaff1e8bbda10ed75185b331f20216bd874f019c252594e2fc103c1bd1c784104d892c0685150a62656e63686d61726b73
0100c3df680f767f3b7a1d9cb47599bbe1ad00479e58c07ad1b1afa88baaddc627bc3c0041d307eb0b9dd6cbb73f52ae06e150db7e8f71b01dd5b0721ab19085b722919e95279ae7abfde8cc6bf6649048a8a86ec60bc318e2c0f0d9089c9c9c9c9c00000003e86c4af22f798ee030f4bb31eae8e754808858f625db98a0247ddaeb1b6dd4e46011ee27bbee7ac4b876de51851a6983df7445f9fedf818927ec8fa11fe91a470c62656e63686d61726b73
0100ee9326939e9483d7ef80c62a800fd37800732edfab923aea4d28f187a1120d6b1cd0b2acb33763e450d7dd7913e122604d5d9193332dc7e2eeedd986929dc6f8f3768d00db1ae57942a6ae76552ea86b886ec60bc318e2c0f0d9089d9d9d9d9d00000003e8a5a3b1e0baa3efdb516d9c6b2d1c63fc761e8aadfa3e97bf0e2a9e34cc94063b62e790e3c62cddda34635c65add213fdb0bb76982bf1324d0a7ff6ec360c9a0662656e63686d61726b73
0100824bccd9fcd17f80825581086ce3224d000d753faef7dba7f931eeeaea23bd863718f23ce619fd0034affed0cc9708962f6a7f8ac19b807c1640e3298a0e6d206a886af4c94f540ceb0e4d2b7f50568d626ec60bc318e2c0f0d9089e9e9e9e9e00000003e89b31ca4dc32744eab12d6387bd40d0a41efd26ea4d1983827f44b52320a025c942e0d1f42892f35bbb5deff8bba890341a34dfbdc6a25df62cce15c2b1764a0562656e63686d61726b73
0100a1cc62eed4b343927cc93e6a258a7dd10074f8618e3c3cf77bed37b54795688703cbe09d7dbbf174634f95b6ccfd89fc7640e11c4fcad5afe2801c9541411c67cf1b62b196ea438dffba3ae356a6114ae86ec60bc318e2c0f0d9089f9f9f9f9f00000003e8bdbd2c44028de99f402731a717c581ed55188ed0f4883ac8a53b204f7ad6b9ec01ae9c59b7527f6f506eff7c57c3d9f7d92b2ab46e1b6acc8c1c107457fb9e0c62656e63686d61726b73
0100e6815a1f43258d450781825a3f5faad000e8d0ead4458a53ab36998d65da078da12a713bbcb70f6f2db475a113cb0b17333f2dae9a3ae059c8c5047b05ab916b8dd37bb2b7dcbc340ccbd1e060ca6305a16ec60bc318e2c0f0d908a0a0a0a0a000000003e83f908d4106b19bc85ee6c3588c0c27db471c711fa6e5e9f318363e17d89971f2331e44383a413dd244908d4053b4cf5787a3e7bfe468e2bd38408312473e3b0262656e63686d61726b73
0100c413071487c7f395047b9dfd33c5c75c00428abdd45b71f6c78e84b6cd41b7cff643d2054d28c519f1a9f1c1e4e560e66f61a9f11a4911d1587f75f168e9e959e18bfccf288feaa3414f2ab714f885a47b6ec60bc318e2c0f0d908a1a1a1a1a100000003e8973d0cae1f8a6656e43fd7593d9f251f02228fafe2eeb287b7b6dcb77cd1bce8573c6b3d654dc3f0677c72361de7d31c46cd08dfbad6781aef9a872272ef230862656e63686d61726b73
010015f650fa595b8e4387c0391bdfb463a2004289e980b1d8fd0ad0863c3f044fcb00e31f13a24ceb1f1de2868e8753c07a59456a863b83e31040e95f37af5ab00711a4994551f9c706d9c14c29286f33b2136ec60bc318e2c0f0d908a2a2a2a2a200000003e8151b367ac35d5697ce16c2fc067e4e999d4dd205e7cf19456660fdc29d814fa0f46c16cf978fe093ae7e4b907cc7b5ee50fec184d9582fb65e0019ce3e81b60762656e63686d61726b73
01004670848bea143dfafe7ea0beb91328d900b50ead4a349b09d88fd61f4a1e6cc035c72bc74acaf948969dd4c335ff50b63229ea38bbeacc16263aa23aee0ed0d5f4a7748be548f26b587ef55605d544b7436ec60bc318e2c0f0d908a3a3a3a3a300000003e84704570c8399a8f464d9ff2da18852c0a46d4337ca23f26accf9ebd944284c91af918caecb3372697e4c4129f2881e1323b0a58b411c55e8141b728203da460f62656e63686d61726b73
010020c8dd564d362fb40e2945e41deb0dc600e7b98e386ca8f51f9dffe0260b7eb6cdb292efa022afa302821a23bc8d4ba011a84d9440ea2af8e31d76c2579050ab71a80c35a764c1905e75f397e8d654c8586ec60bc318e2c0f0d908a4a4a4a4a400000003e8539f873f944db197d650da89c0b5f51ba6e4c25cb2db0cf92de50fe0267eec59d8bd1bce2d9e1b3080fa99504fb0b61dde54a31171dc79f21ed58d59e6f8370162656e63686d61726b73
01001fb0849caa980becfa22c636667710b500c8feca81be196cdf2cadeabf13c4903d7632dce4955aa68b6e5d9adef54e26162802e580abed53fbc16538b0b631936c12aaab6b23fd8b9451d7ff63400c3f946ec60bc318e2c0f0d908a5a5a5a5a500000003e880f1fe89397cf220bddb642482db9e9c7679e0d4369df0d29763c6af2bdcb3a617926f2e3922c150b8264066558988d83a6f202d003020fe85ee6e3e5f46a10262656e63686d61726b73
01009fcef481e9c939b4538919d2d0d5eb2200c1c318eeeead11778e566a24a8cb04b9b431eb84cfa623c6a682c7ee56c8e2064d0ec3a0d03fefff93a9bcce2a24b406d46f44aeff1f7787daedb13caafa402c6ec60bc318e2c0f0d908a6a6a6a6a600000003e862a897782d91a8c033de85eee9e2c78df6d5046dd5ff321248af20083e60ec9e873fa9a963458f64f25a309409ba4229890fa3b24b914aa348e7a8d92ef5460662656e63686d61726b73
010048f814ebfc7974d81e4f36c73acbe30e00cbc2e6302e9a1bc8a47304805f3b49a5130d3eb39c527a05a4d258541290f92f0bd36a5d7c258719386b7f307da3904675e3fddf499818d175097a423d3bdccf6ec60bc318e2c0f0d908a7a7a7a7a700000003e8cf7dc725500d11f4c7609cbddd34d98a2d9b8febd662f40500f640a47e0223a94031ab2ad12def022e54db0fdd5549db15f9b4fc9259a536077819146fc0ea0c62656e63686d61726b73
010048732dffb63d6885d25d67b444b5a51600618532d7afd1977f04d3378c6e4ab78ec3509c67acd7019cc2eff507b3bdcd6d6044828b3cfb8abe33c70986a951ffbb4eaefd8764fcc053f96fd5d2bee46e896ec60bc318e2c0f0d908a8a8a8a8a800000003e81af3de30001279300aa7319c152cbb4f1b164578f4c86c31e10f545fbf94878b42c083bc789bd8b9d977c2b409ba5fb6cda9784f053895a0c537e16508701b0262656e63686d61726b73
01000860500d4af03aaac3da69358f88e2b9009aabea0e4855b9261b37e924749f14653f53d3b5c333cca7b57d23d0eb1842068b731a63dd9e407580a54b8e940b6f68d07284d35941a2d03c82cc6df0a6c1846ec60bc318e2c0f0d908a9a9a9a9a900000003e8145ff32e4bf94e4af90d07e56168b9c9164271265026638492ad73452fb02c43c4895554aef6d5edab5224d6b4e5a5945d8f621b1d5f2606fdfa02a501ec430862656e63686d61726b73
01001606439559a85edb5e848cace5d6fc0500b7e2a545692c3d0e022b86919587855c0db99da9f7a729c6c3e39fc98e42bb585e7bb4f5285fee3fc74cc5e274586a1731fdd45807a51492ac0a24a74ef28b456ec60bc318e2c0f0d908aaaaaaaaaa00000003e81d9809545cff53d9be52f8cb48ee6f5b5ee4428c6b00adeec2742cce3ffc765889dc1bf90153860435e8a41952eba8b4c95972dad8beb0d6cc0f2b5ceb56d50662656e63686d61726b73
010067748ad1a90e13522ea64b0e6489aaba00f9a27b3aae5a3ab412fcbf8aaa9f670b4f8b1880fb66c9b4ef53a80e075463799f55b018cebf0c9a11b0aa05c47003b7823bd1ec080d2f8f3a17e0319b1b22c56ec60bc318e2c0f0d908ababababab00000003e8927b907085339c223e03ac1a88d63f42a685f470eb2f585569312548be07f96a692cd88c6bed1be5eab361649e2b0d03f14a23e7d6d3ab1ce91600b6bc6f380762656e63686d61726b73
010090ddd546fcf13726696fe94acfab55ab00905d7319838c7e006a2f61faf3ee128b050b6f1a30ce40f15489b157cd5f756e3ba5794e1f69c5d2b88309d5356e66fb1e630310c9b4729439ecc3fd284f17e96ec60bc318e2c0f0d908acacacacac00000003e8aeb5d9203d19e4134076acac922419e6ce53e13dbefb65eb618b5f80c921c32ec27da3ddbdc574eed7b1142637303468f01533864ff0b953ebb61941e0fee30b62656e63686d61726b73
010065435761785f81bd8c8612f03813be7f005668ad00e0f64f6a243536bf5b0f10e14da6d86a2b3dd165c3a170d0dd21145224dfe716ceea9b78afbe1b6298067cdb9401eaab1f3d7415a1d63e0be2488a976ec60bc318e2c0f0d908adadadadad00000003e89b1f322592d6063a72d06a00367cc106d1526eb344a47adea596bf2f07a5b0bf4a8662c32ac5261bad268b833d877fc2a714e7ff3f2e320df5b8b0924714be0162656e63686d61726b73
01008f83c8ac48a393f63fcc5bbd05f550110074fcd426a206adc7e952e343cbf25787e2d3057a1af3d2ff4690ae428595910834a9a772301d5162e69898f6d854f47bf4c65e2fd744751f923d43f71fbc50a46ec60bc318e2c0f0d908aeaeaeaeae00000003e8fa98268ae45fe6bd7b3fe71d08e8bdd52cfee30d6d914cc524a819a310d2c534b9c686dae583e2f29e4ce1877ae69f07dd6afb83c8f75e0941a1da84db3d9c0e62656e63686d61726b73
0100b0d51cadcd85834e8a1031366334d41700ad32dd2ab49a3fe9950b9f2f81258a21177e1eb0ca076bd4a88731bcffa88d2b2c12e708dfc87a21bb9ade5a7aebb9b71e560525d835d22d00ade08d6bde3e8c6ec60bc318e2c0f0d908afafafafaf00000003e856f1b0513f5fd9bb72c9a8a549c2dd26e97a6c74a3126a87f20b5198345106de859aa0aee1c53f600b1dbea7273a7a47b69b9d4730052625d0edb444b573d30662656e63686d61726b73
010097f859aa6de3710df49cb6b58ff2680d00569b6c800904519f9365a63db77f264ed6f05c1c1cb1235b6d7e283eec24d5258374bfc7653a3514931ed9fa5a5b3e0693b1dee256e1f2740e20f1c9ba325d986ec60bc318e2c0f0d908b0b0b0b0b000000003e849c6684cb2c24c711564003f61a789270f3143e47c3ffe092f239ebbc7bab22bf4ecb0bdc46f91394517ca302103ddcdd8c447e935cd17d2b7a98c8c8b80080162656e63686d61726b73
0100146d909f195b8f49251dd7221e7d631e00eb43d0e9a9f95d352fb97436a569d3dd184ad7f6b19abc4b0c84144302017e4c0433245fb3b1df1f70aecdc604836afbf0ff9c449f43d2b39b2e1946491886196ec60bc318e2c0f0d908b1b1b1b1b100000003e8c438e5bfe303a04a42ed35ce8223e6e7d8b3afad5ff3eb42befac6d87c69b08d0af1d6cc179b3ec952bc283bc8296ef4f24d4a25070d516134deb806d9ea960a62656e63686d61726b73
01001bc506bf68b59f162239db6b026652010036a2961eb32ba9a71a6c7c9a42648f16b1ce9b5179f6e22c0b6b1e2fee669e09d26e357d6b3ad0112d76bbf7ca5d3234dad96e3d633e00afbde83c8c8140b77f6ec60bc318e2c0f0d908b2b2b2b2b200000003e8720dd4eb7de1f11f83908c41f8c91e616e7513ef78917a7edb99d6800b362005b5ef854d7aa64ab9123a12bcb0016b659463ca5c10011e8ad0d526096d363e0262656e63686d61726b73
010030d4629fa7864ad8a4aa49f40e229e5c0066890f7ba0dedcfc23865eda25bf6a403a8892fe3c8ec60a61d85ea2d1979677cbd6d5bc1f92f531b1099628abd2b64d827c64beb278937324401fffc46027956ec60bc318e2c0f0d908b3b3b3b3b300000003e85905afb3fe369a9de352252f0e1b9ca7322aae03c0ae2a540540c59eb09b01ec6735b95bbe5d8f8e1a40fecb5ba32d2079fa6611697dfcd1f156704a40540e0962656e63686d61726b73
01000be2b6badebfbb4d07888e6d8b488ed000bab5d1f59e7cbafd7e9140eab1a6a0c70455851ef4728451b4094822db3f703274fcf4632023c41e7ddb625b8483cda534dc8fd2f41decc61da5aa40612314496ec60bc318e2c0f0d908b4b4b4b4b400000003e8268d751e66a6682a082b0b7f7cbf61250bfd88ab0b46376a41df58ac4c2bbc7039c6b3021cdce64421fa831c2330948dba5a988a33d4ff9f41068ee7e5acf60d62656e63686d61726b73
01002da5b836f64d4d3d3130a508165e4053001621785905ec811b88847ad0f7ba2092826b85574205e10b980ae42096730751416d3c55057fb0f3a4e7d5e63e1a653a1a6ffe5e913af4d2cb4a11bb0f28e9946ec60bc318e2c0f0d908b5b5b5b5b500000003e8f0739693420902ccdecd6ca5494147b81e42319a7e56e53bf988fce9e4311e58876f91d9ad725f706f366346e0bec3a9d10c9d09eaefc54d924db6a119e5250762656e63686d61726b73
01007ea5c702637ae8bee1ab4093967c365900287380ad4da441fac63cbd2fee5027a44fae1703b7460569975e4d8740ccb10751fe47ef8e3b40ba0283e3068343ecc20549eca165b13783668189ae1ee581f06ec60bc318e2c0f0d908b6b6b6b6b600000003e8103dc337583c8989d8f76ddd6d290ee3fcab6c8c6ecd2cf818aad793e76cd6f191383560ea38439f2fcbb3ed652fff01e79c48837b9c9ef0c824447d84816c0c62656e63686d61726b73
0100b91fc7ea2cb3f594b6bbab8697b5e22c00f4c8827aa25bbeef6f56bdb5dfdff2d2f78ab1c7205bb511b4185828fb046a05e5d5c7a1280861f6230a88428daeb519f1d432084fcb783ae915790d3d0bf10c6ec60bc318e2c0f0d908b7b7b7b7b700000003e8a0922bff8b0bf2a021c99cfda6400ae80ba17eddb0d6690264d2e9553fc5a731044e882c78d4a294d10d0530a0d94244d0244fbd6610d6dfaeb84e6606789e0562656e63686d61726b73
0100117cdd3a922ac106d42977466991dc1e00b5adcdf3dfe44b9087902f799dc9f1de314d93e10210b1b034d4b75c5f02b847a13e1cd956594aeb1134c5a51772c4b339017f83e315eabcfe4d27b4b8aea1356ec60bc318e2c0f0d908b8b8b8b8b800000003e83828a0e62c7b7eb8fc699b362627094dcf81c202bb0c4f2cafba0c450417c7606d0be7df0bbe5c5228fa854e657a563703085d81ef2653b996a9f6e9a3afa10962656e63686d61726b73
01005cb294c05af1e559584cb5da0f3ec87000034af831f5f7930850d7baafcaf50a30de90c5526dab06891dc4c1f13106733a0b760ab92ea5fda2f0f38b87996da8b7abc335705b68839e2a3d0467431bdeef6ec60bc318e2c0f0d908b9b9b9b9b900000003e81e9bc734fcfcb61f945bc80942befbc50ff0558dec59a9cf3151cfa90d0b870aca079e5b7fd8cbca4bd1cd940cc75074d1670df7332b2e9ccb9cf09a5a32980762656e63686d61726b73
010046082a75a1f1d781193dcc15fc6cf39d008febdda6c06db4198cbe61ff91f937c1517614c22361086c485aea8b405a811d5e99fb1f7d0eb85af2ee7fd3d0eca67223fd0a800240b25aaedff5761113f53c6ec60bc318e2c0f0d908bababababa00000003e857492cbd99bc8c571f5d4a109192712130c3e95a777143e44ab79325a9df6722d6f445105310558276e10661cac7a3178dec90b4be2145aac4242cfbe7b7b80262656e63686d61726b73
01009d7c92109af21ed2d33d59a84b902079003d3e803ded04c319690b9644b2a339aea3d382f6d1766ed21be6abe8510b3e7994792a65fa15082671b5775ee63b0b74f00cbcfe3479a27b3e28612bc93696806ec60bc318e2c0f0d908bbbbbbbbbb00000003e830b4dc5970f36a490c37b6ab11cc328779e45b388a5bb7f815ddcb858f3003c3dafdb10c29dc397aa36498e7274d03563cad7c79c4a78813ac865ee472fb440f62656e63686d61726b73
0100fd035b98d87ff6383afb47b402a6341600bb48af9f1b06fd418e48618a2d3189f7884023ab30c0ad5be14d466b9425b77a76932b3c970755afd20808baf47b43574a826e1e3019fc299e36e2ff94f48b7a6ec60bc318e2c0f0d908bcbcbcbcbc00000003e8b4ab32dd13c5015a2ffa9d870f17a00f8e2791851597ea446d2e70e0234bf21dbc6a1dc332f5f46f3240b0ed4716cddd009a631d3bd24387b2db149b8a24be0462656e63686d61726b73
0100a5eeabb9a46a7c5e0075e486addd9537009ff1bd5324d1685a004fe4ce3fb5aa17017401eb06cd9cd274e1346713882575c20d4e05af710df4036cf60480b55d69f042a2ad84f0363d9be2f77c23cbc6ad6ec60bc318e2c0f0d908bdbdbdbdbd00000003e8a005a3cba3a5d04ad29dcb31a232019ff1f247d927af4bbf10b7b80c5a7f79eefab0beefbe59462a5f58a4ce1585cdb3573dd8b2daca52698f65ae5b3b1bd80a62656e63686d61726b73
01001e3f67493dba88a3225279bf560a9e7500819195ceedc2b1aac6fa5b0f13b0199d9722bbca56787794f3256e2ee89bfc4776285a7fb911c9306dda8c76e7fbdabde159a4f56ae8beb19a153b8fab45c4536ec60bc318e2c0f0d908bebebebebe00000003e85b71c06597090a15b51d3a1082d1b766aaee6427f34d19854b6b76329d5961ba901782ecdb850fb5485dc51aec0c31950961eafe8c8673e6bb2ca55922bd8c0e62656e63686d61726b73
0100a1b4c178bc829b00b2d02fa0aacc132000518563aba64682a18fda9a840bd67366893a87a5e47a399ad49f878db9c54228d14677734c5b63da629572f3eab9b927babf833c27ff3da13bf0d723281ebe426ec60bc318e2c0f0d908bfbfbfbfbf00000003e8ad7a4ae113b6a1c129eac6d3a61c0fdc8b738aafdc8f8eb3deb999757580a5eea2739944be6eb3ec9a464a3c4cd2e18a26aefa94ad6cfed635e6e9b32d10420662656e63686d61726b73
0100cedd0361d75b084ed7ffd313179e2448007f2182671e9baa30ff8f78830027d25ed2538bc192bb3135966a867862a2a7721d76c48dc1d33fcb146df8430e30be03578d2f8f784eec2c5043d399b65ae1436ec60bc318e2c0f0d908c0c0c0c0c000000003e82bcd84f95017d422c5ea8ec353ebe424efd69a3ad05f32bcce9fa6e035dc6629cd1ee4118e3438903d42276334f16c0745a2ec6395b05c911dc0460d56d6cc0a62656e63686d61726b73
01002829bdc43f89b3f0928c2f21770afd6e0015b60993864de96e8a012b00d4ae5b281f917e5d0e76f6a4d8ab8ed3f831a81af623b8a0b95c8dbf5b164df197cc00f9483c4ec59e46faab7abaab9f6f54a7f76ec60bc318e2c0f0d908c1c1c1c1c100000003e86a6b0d81e7a249a46e7911df7f8ab8c36af02da485178217572e4517aec4b143249deeb2b5ccf50c55c7e888459e13accefc4bc9c18a5e5e057b5acba58a490462656e63686d61726b73
0100dc5a3e57a6defe43103f8c05c1f88d6900569e0803a06cee40da49bce33341cc1d300bf91b4a36fc6733e00cc204cda9416e97550717cdf6ec50c143d6448d5a542c25482242fa5d059f160642fbbf16226ec60bc318e2c0f0d908c2c2c2c2c200000003e83a8ef561e051a5338a9bc0c6bd9e3146e51ef992628be31ca07d6733777731cb82c30f21e91aebfdfccb44ffe5262bd9b64928e58bb557434cb5e413550a6c0862656e63686d61726b73
01000a5eef20d98a917a7573517db303319500d83ef30d462b8d1618485446fe6a06fa21541ce2697aaa55a527459ab37d376336cb680c57a914443c08626895bcab2ed2a7e5b1bd36574bd6831f2945c3917f6ec60bc318e2c0f0d908c3c3c3c3c300000003e8a1d0e233b3e11f8da822c8568c1106bb921190f8aeed63875d90a2950bfec53d43705bb4aa76a847c80ef65a8d7c4dec6268a47cc7e2462c6fb83b553ce1ed0a62656e63686d61726b73
0100f95042318edac840b454a63d8e67a3a800f1d40272468518537a3253556dc8dab9862f71586fad189f747c3bfd5e3610139737cdd6b78098503d7d87ee1c10a7b585d4900e1f16a116c71f87677158668e6ec60bc318e2c0f0d908c4c4c4c4c400000003e844f6844da6202bc4ee7db5f80a3bf02c57b166bc1496b5e409cb327f9f673d6e8cec05dbb17b58e249063c505ecae833099449c9dba4badd640996ac1a7a130562656e63686d61726b73
010061d20496a0be4a3d5f3ff447b0a13c0100aaba8a365019500002313c55eca740a4c620842cbc2d01df5c58354d2c1f30460ef6a6ece882c7ff1444c23cecd40eb2c9390bcaed98b80a8e8270f64b5f7aea6ec60bc318e2c0f0d908c5c5c5c5c500000003e87c959621d2eab8bb89d120ec90fae1932e7dce4764183ba22a3b988c54174898e42f2ae345a7326022480d40295d9578067a154781dab9612ece42a21f45870b62656e63686d61726b73
0100c592b12ad3e8863b360071b868c79f5000177d8f231f6cab89ea03f90d2f2d53dd9ba13c78947d5d85b83d494514e0b71440f5ce25278e89e02f12175bde30a3d3394391de2440d4f13afc394859b0924e6ec60bc318e2c0f0d908c6c6c6c6c600000003e8f943a08d066aadaf1b42b5e942ed1f4bc195fabe73ea49d0e3aded4488543838cdf3e6f63afa85456fd452aa0eb7a53242f87920f42a4561fed2610aaf9a2a0862656e63686d61726b73
01008cffa4a776b00c2ec6b2b460af2ebba100e57c695eb2c613c1be54eb615343e82b6a954f88409aa3ad1fa739d0041f1a26e3b32554e372efa248354da297eef6bddfa2593464f1f0a6a098ae2605d81e6c6ec60bc318e2c0f0d908c7c7c7c7c700000003e8346c94a854af504553ad67af1d47cbf3a14131e9d1413e9e8936e2cbc8d9965e3384cb6aa7235edd4aa403b973b88deafb68fe7d9c1765a6f13355a1c480490762656e63686d61726b73
01007c314d98676ea8004edd5fb938497d5c00b99fe0f4c73a06edee98321e8753ab3e17d483a84b47b426f3d246fd0212920e96fbdfcd27b2872d076a66d69331eb5c62ecbd1a74c65a3b86b58b3fb00e02436ec60bc318e2c0f0d908c8c8c8c8c800000003e817528bea6e19d2c0879bc2a9fe5cd01cd5b3bf67f6396751aac27e05375e683c286ab4b83aada101d24ba75a047a1bc10a621ada31c19e2c32f7e781ab24870362656e63686d61726b73
01006ce98f65e6e8c6c8528514dda1613c9b0057e53fec1db22e1708adc8fa76d7946104d9a5e0be62faaa1be87e77efaf5b22952003124837604ba569e0cbf07cb1b35cd41f98f598c9e0590ce54dacfef0826ec60bc318e2c0f0d908c9c9c9c9c900000003e8773e24ab220e78e18f5adbcc55bdd9067469c50b9b51655a71413404ebfc62ae69f83b9d09a1f6904bf849a461fcb848ecb35f8c66e52706f5c887ecc5dcb20b62656e63686d61726b73
0100a6c8f78ec4a7fb4d8b5612c5296339f500ab4a93b89a41a1fb3c39a5da9fc79769e8aa555adcea2d1fea68c9896565617cfb4f6070fbd6c41fcd6c250a91d73d292df306b6130660b44365f38c7f3d29116ec60bc318e2c0f0d908cacacacaca00000003e803305bda08dbdefdc05a6d5d82333f8eb18fddc67e1a0c60aeac78c4a0b5ba7f946e4130dcbd438659132186caa8389f0456cffdf83aff7fa307508c4c583e0862656e63686d61726b73
010012ab91ffe5d1a94a8fec2f753f9d882c00de89075736a72ef7e13101a94fe69d0a5be07a6009b97bba870347b23cc8000f53c473e674e5c94daea99d50a6ab0f04b4b73f8dbfa5a85682a68efdc0a6e2306ec60bc318e2c0f0d908cbcbcbcbcb00000003e846cfa4a0d4163ba38bb8ef13dc7e50ace334ed6ef0a98c96fbfc0c02f70a84ea50ed4208b64a74395dc2c19fc0437f212e386a9842134f3a25752f31358e110462656e63686d61726b73
0100e9830724814ca04ef8c66a230e557192005d66629a5a111c84dc3b1245c2a43f7c94ec70ee8d5954bec3dee58173975a2ab10795818944af923bc8bc43213ef17816c4106fd5c0e8f805e26fd5ab1975116ec60bc318e2c0f0d908cccccccccc00000003e8a55bd263171dceb2ee6d08be4c470ed0028852d9c3311409b7f9c7afae3f9e3e72f8f858a2e8c916791ea153f3cfcffb1cf3e579e7edd0ab5c44bb45cc79c80862656e63686d61726b73
01003420194c090ce9dd7467043c6084fbfa009185ebe28e94bec8efbdcf2acbe0100a2c33901a71a48b2e178e553aa8888f29a07eb7bcfd72a72099d4e9b6e656016ccb8c1e768d2bfdd1b9f964c69ef75ace6ec60bc318e2c0f0d908cdcdcdcdcd00000003e87bf5c69a642cd438c158a0f3a53a17b0f2959fbef6e93be9f2c86b5f2e1edf0a7203418aa8534b53c865f9277801cb39a88d0d110bbb5f58019efc4d9c09840462656e63686d61726b73
01009952dcb4d8596fca23af39781624f60b00098b8c4a1cb0c626e16c9c778b6809f1e8cd42343c2ba89eca4e1e887c161374c6f7d0973b938433aa34cb70e4e5aa57006580111c190edf17317204225c12fe6ec60bc318e2c0f0d908cecececece00000003e8f575569e44f79f4ae4e8b9dd7e55143bc4c5e713c78192a3cb22c79bc4c137541f4a2f5004c5dbb75bd58c650d1affe3c42b846b6e532ebc8c6097cd1c238a0962656e63686d61726b73
0100a55f57021d7a012b0771d1e56614a36300f0c598791fadf1337568bd13316c2391a020a555688c34ba091dd9f2d0bacc231fff2e951b65283f6d75e8e1fb625623cf7a7341adf6b850125066e0f93c8d0c6ec60bc318e2c0f0d908cfcfcfcfcf00000003e896a2935a4882326fd3a9caf3b720d437b8878189adea3c3df7acbe5cdf7d1205023d0234825e61e070c21411fc6f9afc617511c8345766d44e515342ea40560662656e63686d61726b73
010053acf657397369eb02abf2f597854c9e00f408adb0a3ad9b658549666e1c22505ed8718cb29ab452bdc84d170566aead70b2212c8e355fa99a0d93b5d111daca6e42e58087cdb929087e068a9321e758d66ec60bc318e2c0f0d908d0d0d0d0d000000003e84626d1f5c6329ecea072ea43bd040dff2eb7382140172d32ed215603a533d24add5d4490d6570891196768ab035e35d096aefa5ac33430004f842b0afc7c3d0162656e63686d61726b73
01005b2e052ba90cfd03878099c801cc784200f1339c0908641d2941545b966015ef8bf4dfb85b9f4d303d71ea888dae522902275787bc64ad62563cd0cfa8925af4ef2980a18938648bad9ca08e669e1b23ca6ec60bc318e2c0f0d908d1d1d1d1d100000003e8dc66c3b191d0deb1362192f2e6e4641d616036b06b5c616cf426ae239fd90956b24779c86b858180c2a74e692b72f3fb603210982807bac853f5cdd19cf42e0962656e63686d61726b73
010080618ef0ed57f0374f78367a02867bf400080eb4fb14e43a2da458c52d26662c7b0ee3c6238c62860a3386721be0baa2000d9d8bb50acfb5dc907acbaff35d72c46889dde77ddeb0abd98b242203dc24386ec60bc318e2c0f0d908d2d2d2d2d200000003e86bbf79d28f54036c324e816edd00325d5023dda2007e5b37d4b0469ff6fd70fa0adf75ff9cd3dee54cfcd76b713cc38a6b9cc0a2413869406a3d2f915d3d390362656e63686d61726b73
0100a72a61e5c10eab0ea00074244947cc3a00b581212de1db954ddb11ad97d2f3f7255644971db23e091494f140bced3c5f1ccbadf4de7f7b00a9045fbce9e62793a01e0e8fef381751779e8db5a64947f9fc6ec60bc318e2c0f0d908d3d3d3d3d300000003e8d9ade81d2dbe7b448686a4e6e57b2e13afea92bfea922310afbdfb0a2ec1f214ff48792f386b3b16daebe1dac46068deaef4c99cfdb39bd69863f31c53311c0c62656e63686d61726b73
01004c4459cc43fca6ede750a06bde2dbc23005d2bc966eb248072224fc0b5b309432ab0a00973436424ed1a3701c32e1618461c9a9a2c6133ac5b0a58b583f67d5aaf78e395a4300b5e2773e88c76ef173bb26ec60bc318e2c0f0d908d4d4d4d4d400000003e83a473176167f0783349264fc014a14efdf03a676a0a38a8cd24f0122342623b82140a00684cd502769bb899b235a6366038089ae4649a7103bac7c1b9ebaf10a62656e63686d61726b73
0100b26731cbcd413c42beed01c9fc5c1ae200904ca95053418e30665f9da21fe8affa5a2a9880fefa7d30373552d4179feb56f15f822824cac90b4b2c4eec7d71b7abac0184a4c50e5c5ea640fd2f40f05a026ec60bc318e2c0f0d908d5d5d5d5d500000003e86e0ad1af10dfa87e438f5d7a6bedcec6fb33a088db5718184ce13fd32bfd705ad76dae58da56eb9eaf4355ac550c3cdf3d206756f4536c52f24a746dd8c9ae0a62656e63686d61726b73
01000477e287fb79bbb68c784f0edfd0bfc400f4fc3c0041e99aa60c6077194b6b23b76dbf01ff9919207c4eca2120d933b8101bbd635751a1bf7462778e1a2757f6c277960682a6c717aed13930dbc13d226c6ec60bc318e2c0f0d908d6d6d6d6d600000003e8a80a482628fdbf8a8ced05ec113f450fd8b0ea795a3f86b4adad76971b144455a7c5510e4a729419cfd3058d52b5ac6a55a0184aa6e6163381080919933fd80d62656e63686d61726b73
0100feed9b67fdc979cf8e8d059caa8a1c0900f1bc512ca0a1836fc49700283a2ad5b8c02bd06b10f3df40a99e2a012af9c756dde945412f56e058c5b61e73f82f8066d4f73b15a8df1997a162bf0a14c74f146ec60bc318e2c0f0d908d7d7d7d7d700000003e8a8a42e37c0b221667091b3ae50d0be1379c394585a88eb4fc7bf8f2f1c8fc1039a713f38165517ca5277d008a1e0ada40f4e1c986b0d85b519ee25aedadb010a62656e63686d61726b73
0100eed34438fb642f7e16a9044803110ecc007649b1c2f121719e286d2f52f47f4c30a33a1c0c0badb72e945cdad191b3d87ae26f6fa991ddf37b2e5e9622b6baaf92d81ef89de22980754ff0bcec48d4b46e6ec60bc318e2c0f0d908d8d8d8d8d800000003e8344803cebf3c6124ed57caef1bdb57deea6404a73f68194b59c3f453a4f7022b50990e0e8d7940c59f4727c79a363add57cda4837b4a8224339a2abba127cb0162656e63686d61726b73
01004029485529cb6d4459f970df093a3e0f00401edc5a5f25535a0c47d95dee1be5407dfbba01a9e5ea074e1b5c9e6cfdbf31ac0c2d946cfb2879ca6adcaa37ec6ff366783048fa030512021a5b7261fc6b326ec60bc318e2c0f0d908d9d9d9d9d900000003e8aaa56a1b728a95fe32c248a86f5e3ea441f8035d1c7a11c60ed8b58324409f69ecdf6c2bad8261747a4500bbdbe5a660d5d8934e0f30c12292ffd26ec37a630662656e63686d61726b73
01000d216edf81bb101373b152cb70421cf30008c20d4c8a3e5aea63e9a184c6cafecb413fbd88540ca11d57071325a8f30552f202fd706d9e0d579a5c6018cfb1ceae68f0c2444975d1684f4a66b07dd594176ec60bc318e2c0f0d908dadadadada00000003e8dd6f270cae055ecff1545224d8debf28d6c189254f17502ac26d3ccbf63554ceedb58ef2edb5d8b458641becbd391397d14489802bf6af2fc7a8ea95d132c90262656e63686d61726b73
010060010bdd22eb41cf32cb6be917d3845d006a487380822ca77cdf42a3f2af3e445b48f6646b5fa50beb39c3f5c6b7060f655e6755fb41f45bc2a5c424e4e1b5ac55592bf8f331d7c1a048a7bb89d0ffd8f36ec60bc318e2c0f0d908dbdbdbdbdb00000003e8bde1701d34068196d9d381422ba416fc9cdae14d0af70be3377293f9c3d663bf34c805d2e901450e85294971a4f8274de288cdf23814b64a2a8e66adc0c6670662656e63686d61726b73
01003fcc65379a9709b0350c422ceea36cf200bbad68987e0c2907180ca644ac44b8a760dcd10eb5bd942982cb4c831d59d23549f68f52d22b47492d92dc0e3c708deea18cc303d464549abf5b3d577d449ce76ec60bc318e2c0f0d908dcdcdcdcdc00000003e805f901fa7cfaa1eaa08eb7387ce9dcea9973709b4a08f26b01e24bcc57f45e8fc57d1bc09774a3cb39e0e668e6edc2929bc044ebfee5d998e909c812989cc80a62656e63686d61726b73
010046a3154c4caf6e8281916f07e476451c00957ada7c98d2f25141741f6cc63148f5ab5a603bb679398c7a2147a8f8605f50cd4343815cbc7b2e0eeab8bb1f3cfed4d2240a3eebf5720fbb19c935fb995c896ec60bc318e2c0f0d908dddddddddd00000003e834a63c2d97fd49d3bb2bdfe3e39b88c8304425fc21c3d4b4f0f7bf16ff34b549a912e4d9842cb7203fc4381d59db3d4ede231ef90bc0ade4f1e35ac198c8f90262656e63686d61726b73
010068568489709b032705617cdc7276bc5c007a8d4b4e9fb48b582c9147795033a09392c67e0d8983607fd158f53c0bf98e0980d136fd35ba9ae88eeb7be9186db0bd1a68075e5ad99ad5ca14831301db8b286ec60bc318e2c0f0d908dedededede00000003e81c97feb8ba7a9bd7e0ffdf0e1d50cc622c04057f97b3d9d74f2010cb8eb07d020f7df7de8a272a77042198b38e7e329bb8bbb856dd07b0c248ce3a10fb52ce0662656e63686d61726b73
0100362d12e961cac184910efab7a7bfd1e000ae9d5a093df22f27409be49f96cc0d3598dc677d6a0f51ad1d2b124e7c13597e7087cda9ac49d4922fae075a33c7ecc9ae585f3e796b224211e076dd50027f5d6ec60bc318e2c0f0d908dfdfdfdfdf00000003e84ba73bac56009e97ac967f888fadc63aee2fe686d077e8a4546fd37896c4cc75e7cf0e6a117fceb5afe8c866f4f20c0f9abbf57ecdf698ec8ac101f6add20b0462656e63686d61726b73
010082efdeff984985346564ee62dea0bddd008b5a76f92bd45d2fda03985afa219d49ef8ab1f13999fa1fb66867c22a485470ed8c02c89cd6936cb224f6879fd7fd5515a2f61cfd161216e6a503a148019e356ec60bc318e2c0f0d908e0e0e0e0e000000003e89261162c8a8d58d6bb3bfaaa45539f6b6f0e0c5123b88ae4bd8e52fcff7801af45294164f7fb50692a72813b914ff8a22c60099618a0196ddabca6c0e759b40262656e63686d61726b73
0100df6b8fad96d5732abfeaa8b2a84944e9004727bde650bb1dde313fbb259231f9142663d04b9cceea7709ed151a0ece7e0c64186a6be164f5dfa008151b882fc373faed065cc1e5d793eee36130f9fc01c66ec60bc318e2c0f0d908e1e1e1e1e100000003e82d555acde9c0aa2c3ae867b9ddc599c1371e11f07d6c3a93ac36499bc05531596e506b4d3f0bbf56863ca2405f84b4e31e2290bde63e4c1eb40b0e10177cb00962656e63686d61726b73
01004bd21b8e8333bb536ba252e98a08365a00a2ce93c64b85e78a62d23d888e41770269b04dc5565edd1db54030ae3781ef6e61a014985320af2e4a1d6c59925808feefd1819f26ce290da9f5f42bf4103f216ec60bc318e2c0f0d908e2e2e2e2e200000003e865f61cf5b653e8ec5e539e9589045996f88c64f412ea674d19036e537458e54667c449b502d98dc51c40e9389a2fe4ee19b9b3f52503a5e222ed1ad8a17b1a0362656e63686d61726b73
0100934a31ac5b55dacbe5b51949c71a30ea0018b2b5d3c59d4769d9ce783e117c3665093a471b9bf6803322ea85739428102023fc15b2b0d9e65db752bd6ebf2f5e1c127aa8038f288c0e91b8f1816f72cca26ec60bc318e2c0f0d908e3e3e3e3e300000003e8c979f00c1d53441e87af922b457e820ea7c4f031d37cb287a007cd19a6b0fb5b179ea8ec51ae134512ed3fe854f9d26c3322affc4ee086cce69ea76738fd070262656e63686d61726b73
010077be0f8a3d95c101682c1c8f828dfb17003dbd99c38db6e3d927e98ff714c3479e49756dbb61c0b8df8758e7ddb1b3961a4fab0ba502750e3554a6bbea06cea545be968cb0c94537b1983ee730b9926dc86ec60bc318e2c0f0d908e4e4e4e4e400000003e897cafe658f03dd104a5dba0b7840ae62abcb93720addbc3508394cd8e910ca055961625d8ff340c30ee72cef4742bf5b2ec61f6dd0ab6ad18856a9d971fbdc0262656e63686d61726b73
01006d7431670d55dbf203481ca9192091c800571102d1cece8704ef994cc463f16b92e1ae072cae8167504057cca7d662dd15e2c480fa4211e5159500adf6eb06941790c16f03e6663698f0f46a7c8c020f936ec60bc318e2c0f0d908e5e5e5e5e500000003e8c4ebe97fcfac8a3cc3a33450d37c6a3b001e9254256dacd5d2a9d86c44c760000ee2f96bf4c8d659945bd7aa548fe6edc0e1a33efc7acfee685f9eb0695d8f0862656e63686d61726b73
010005f9d1109920194ba0668247189ed0a800d26a04d1843cacf565e0e4bfac6899883d4a761ad8cc010da1e3a078f093ad634a6954c9f0f449b02d0f5f7f424e90b942e6a4a79fec0ccc8758a62428d59a556ec60bc318e2c0f0d908e6e6e6e6e600000003e821cbe68bbaf6ebb29b3f2a76e524137486268449bb0a6d7843d15a1a8b6349da7e9e26240c3a15ee277deca9ad6a9c07648476f700dab5f1ab4e655817d54c0862656e63686d61726b73
01002bfa6c6785309c9f27c6fc04ed96b49e0063f66ee18fc27da14852d70690e885cf5759158e346a04fa337ac11b8f625f079407c120d4afae4870d6abcd78e179ba0f2681b528464bf71639fbf545547c896ec60bc318e2c0f0d908e7e7e7e7e700000003e8ac6d5b29fcadc29a4e30121357e052b581e0c6b9aca296bcb49567067aa45eb128f754b65aac960312301a45d8f5e6e8610030c435aad0c29490d3ee239c610762656e63686d61726b73
0100a21e936dff7a61edd16ce968febaa752000c99779a4ee996d7d8efac508034dd123f3bc515dd40875294a919d7792ef8660f9644b4377ccb8dd16c1ea7847e94df4fe62f9da7709b0362fc47f63524fe566ec60bc318e2c0f0d908e8e8e8e8e800000003e83992e4b74a84d357cf8256a4df70c9b73a9d7f336d6f125197603c115d123496ff8b492f5faea33e3f4fcb7d66f928289aaacfdfe76330e2c474aa32a5a5a40062656e63686d61726b73
0100833f84debfdab469f76ee39999bca9fc00aec698e884bee711ab35de3a8d8ddfd9b88c7773fc1bbabb908411ebf1b97f010f1b816a8585089261c6fcbbd0654295eb02e64d4a0066b9d089b925afc2fdc76ec60bc318e2c0f0d908e9e9e9e9e900000003e8c75b3952d24ea7ab776020a6c0583c5247ce99865b4df12bc0a4e5711e2fd6e772cd6ebef9b11e6fbc9d05ac75f2b6e3059424679bfb5bfca52780fbe659b10162656e63686d61726b73
0100225addd60585a5782e6db7f04001412e008f87803db53f208f0c5178e8320eff7af97ec4e1cf5051044878b7611d59112a3f4e4bff6a9b7ddcf5ae4769a07d87cabd0648cefb7fd6f7beea8de20747cde46ec60bc318e2c0f0d908eaeaeaeaea00000003e853dc59d79c3cda2c96a0655a430ec492888f4b3f88f0011a700b05db1bc7e6566a056c32facb1bcc9588260216f9071e508cff8881aa0ca74c42ff1f7de3c90362656e63686d61726b73
01007d0e5fc5637d2689da41b7caecb277c5002552e44a34c0b06f73f3739224ef852ee6144d338eb15f3ba1307295246f9765d328987a90e052beed064ce067b53dced7a6c9f2f03364d97492175c2eaff4476ec60bc318e2c0f0d908ebebebebeb00000003e80cfbe42a032b87e538c3b1a8e696919bb1fe5423a1a183d6885e0f4ba113bc4848dc8374a334c9ef5007c668078dc056fb6ef2a1b6204f32653a579ec50c660562656e63686d61726b73
0100f15bb3879aba1900fed8c3170fbb915700d1db4eb6be7e2c2c599570d3f97dea03a98dbe9aa2ca8bf735761fa007714b6d12b3a97303c0517c7146a9552f8f050a16865fa673f502f7e36b3847443dbfa66ec60bc318e2c0f0d908ececececec00000003e865af61a059cc425f9156a1af869aacd0ebe5be4fa03a7f004c2cd19ef565ade8c114df1285a65a82606652787938e7ba6f32acf92094be5995abfa3e5c95060662656e63686d61726b73
010066b0783f98adc84141787d9f713005fc001476ae402e7cd6c65f31241887f79abc4f7a9986aa8167b30506b9c9aea9724b67eff0114e2433001ae95b20813b9e2f31971194645feaedecfe8f479048c42a6ec60bc318e2c0f0d908ededededed00000003e8906534c477c7d7dd7490b31b563f101c15c26b5c3949e2bdbc9f5518dcebb362bb21448f9890aa1e56f7620e4c6dd1cc9fffe268a307145e36f096c55b7e640e62656e63686d61726b73
010026caaf51b722419a66107aba4409a08c00cf1f7c47bd137f4cc214c717b71c3f13b2c751ec51d96890fa32209fdea9620be5b0f168959954a56eaaa1d8cabc81c67696b10c4aa340a1b76481bc27e7c6f86ec60bc318e2c0f0d908eeeeeeeeee00000003e847fb20695f55d16697fd57dc558422bca0ee9b339548607b1679c84626e3f4503f052bc595669d0d05f150951514a91f76a70caddf5fea1229ab27f8fc212f0962656e63686d61726b73
0100b0dbf68a3495977d75440676239d655400a900a1b82569c493f3f022664066d458c04f1af826debcbbea309b0d8eb47a038dd3af50757f5fc677870aa3a1e75051b215ba127e2609c73c4648c04ccd8a636ec60bc318e2c0f0d908efefefefef00000003e83d9b010652879e12c06c43b367fc37096d050fcf663004b77b1224c408dd73c0092ee05346cb530e1a6b01b223396fc746c259da7990a85daa585ce87b0b340162656e63686d61726b73
0100eda6e3e7282c3c712766977aecf0810c00d7151e68108879df31f6ae0cea86cefa92d089725530ec8296c71eec35f6d318b6323b8bc64525aeda0b85d3cfe09846ab6ac3b61c6602c9f56545e134205fb96ec60bc318e2c0f0d908f0f0f0f0f000000003e83dd5a75ed21335461afe2d3baa497675fa035a17cb40c207ebc2310f13de499e907efec11e09bd490279f9e829b975f7a2fbcac830c4672c1cd31300dbdf130062656e63686d61726b73
010027cc72f467ab082a28444f0acad69e4a0068dc614e80773bd0ebe98fa3be0d20661502bd3f7887742c9bc294466ea25177fd6b273957c277b39e5d693f2a3cdbd704aa9a6b44459254a97c816943653db16ec60bc318e2c0f0d908f1f1f1f1f100000003e8d4eea2b78e6f1dcb85972b97744adf6bd7c3d849ab5bf55cb20085f6e375bb8da20dc56dcaf38c676f243458b6e9c303b4a49a1550cf42a2dd8dc254ee82030262656e63686d61726b73
0100353833dcad41f1b861c43bb64b3585ff00e6fc43dc34fc05b90c23081215d2b7d307476c842b610b5e56278dbcb14c600fbf27e30cae941e9c686a4fe07619c79e584a7430ceca4951573e96c277447a656ec60bc318e2c0f0d908f2f2f2f2f200000003e86f109b20fe91f99c544a57f7370f33f45fbef679df9a101c5c9afa587178c09bf19a45e6410907681d915adef5d3464a3febf53b94c9732e441c561c0f96b90362656e63686d61726b73
0100ae8ab0812d2245e644b40df68e904a5600dd3aa01ebea9b65f7759d1ace5eb92561c435f3986856ad84596c96403c69721bde38f8b86523612f73d98f758b4625de040dd0d3c57ae8d8dd5a1184ac2f37f6ec60bc318e2c0f0d908f3f3f3f3f300000003e85096f10c62c61fd3dac1170f3df271601cb2188b9bd579edc8b55a6847cf2d4012861e85c39e14388d11c6efcbcd6f49132be0f34b35bf844d09a2d2943c050262656e63686d61726b73
0100afabfdccf3b3ed6f3a1b04edf449c70800dc8b81d209b5b48450909225087ad968f574480c43b41959e77b9ec28f0f6d2db1c377fc096e7c1cdc5ddae2796db3e992fc44bd8df8f9781bafe78316e728fa6ec60bc318e2c0f0d908f4f4f4f4f400000003e886998193d583ad50e822cd960669f2cbd865fb8fa23d1e081f7384a18c29be2817b72b1f4be1c9a787bdae281e7ebed407014e6cafd677ed4718aad95a3a850062656e63686d61726b73
01005a225cbf5a704d11a9db0f3a7f6c727000b9d8228ce6598b5cfdc6f97b27b6f70ff45782f18c3b64b4448efe9d3c12dc3afaf09bdfb75fb33117d985ea7fc2909375d0d761e0dec0c588d5c2949a8c5b696ec60bc318e2c0f0d908f5f5f5f5f500000003e83b356f172b14b8d89383c7eb3f61faeae3d3c9ee01754e4f2b624d40e2af217e4a698eab537ff2d96c34f30265ce4e0c8bdc8c83db3f90c7b3bb3154bd32440b62656e63686d61726b73
0100ad38ca03bfa65341621eb6c9ea42232f00c5d4bc30d31b6480c057a4ce8321cd10c314b8366c290d872954f988aa49b85650723adec4310c2561fa3c612095198d1ff852b73d1a2833abfaa4867621bb8d6ec60bc318e2c0f0d908f6f6f6f6f600000003e824abdba8c02fdf06d4a65a18c7ff45a7c45947c9809f06800924637159f88573b8c85e2e5b30b4570dd6b52f26f1c9e7b9a414b76912f826630860e83384590e62656e63686d61726b73
0100c407a4c7dbb78269ad249876a3835ad00064bbf3e91034b1f82dd6d46e602661dd5793abd3d823f662b3145e8b18db1b1d2ef834b3611378534ad3fd01347b4d26f172ee319a3a7d23347f6df32ae78fcc6ec60bc318e2c0f0d908f7f7f7f7f700000003e8ad58c475d7c365549c61214fec6e812ecb621856009204bd42e7af8601a28832f86e9a72e084e24468245ce260f5f3f95b8c5b4f6e745680ccaf3906cb1deb0b62656e63686d61726b73
010069b786dafef10629b5e2544bb60de34c007d0c85cb9d79059839640ae51624055acf5f1b1c9480bba37c1d66d8090092178576823452a5f9bf56778a96b6130f153e9459e686541a44367c609d5dad84796ec60bc318e2c0f0d908f8f8f8f8f800000003e8a2f11230bf7616bd4b14b04baff4ae6512dceb7d321a6f61fae86f2b4b85a8efd5dbacf3191be2db360b555efc7ee7f0a01880dd42e090bc93129a79e9be6f0d62656e63686d61726b73
010080d9d353107e49e49045370a110ca96400aebbb70885c8c08c5e45b09d97841b5a2fd64cc4c47174430d260d73b34f282a9c7aba247d4b9a8b79b56eab182574e5f8cd9540289a1f895a069e005b58b3ca6ec60bc318e2c0f0d908f9f9f9f9f900000003e80c159e6b77cc39ff77e534c708e63930098477b4f13e8895653f0586d0179cea862c1a52635e7ba5e36eeecf9e3858cbbe74b65a942d261d93ce0aa69735d80c62656e63686d61726b73
01007252541c7c5cd02228cb4b6ce91fe99100fb2aae74c42ac8a74e75aca344fba016150a95cd3f6616458ea422db99d4ae202c6046c69e9ad97d82c0acc80ef6755555bf8841cdc0eb50935938657918c0516ec60bc318e2c0f0d908fafafafafa00000003e8cb301f7089d54e9d0545df6bfa2f38b8a851aa62ba1c6774c4cda4f5b03ec5d57eb939043eb38f300aebc4ded3e4f1f575e427664989fabd14352e100471220662656e63686d61726b73
01009e20f81ad06dbac3dfcddeacea05a6db005268a89d213469258a1f27905d95b11edcb0a60e9f5521a2ebac7ead58edd91a1a380343ebf41aec491a20984b77b0cf445797de8d6da6574fa504a4724e40096ec60bc318e2c0f0d908fbfbfbfbfb00000003e8a3ab6fb1af9c09d0b1d28e42e37e0ab68982761f54ac0795d9ba294d9bc120f68f570eed4389f112f6ef916e57943f8d7ab9d6be73ecdbcdc12e1cca73217e0e62656e63686d61726b73
01005f0c92cd19b13c182cba0e6288cf513600051e7576f85fdb9a5c9541bc76fcf49567cef06b27e39edcc201fd0cfdb0350ecb3f2e75a70f6267f31ad2f99c4db4f965fdc8eec291e0a8a0305ea32472b1726ec60bc318e2c0f0d908fcfcfcfcfc00000003e8d82df47f1ba5e718ca5027e7dc95e91363bf3d3293496b593ff50cefc342ca6e23471c2aceb9b84a91cf0987eaf6a9c2a05cc0676713e4e0c04b14755428190562656e63686d61726b73
010015b47e2754eb7d35a19c9bcfde17ee32001b3defe6a281c0a049fcc14628e9f7aae71ca49a49ca50cb1f13bcc1ec21c275d530fb4e0ea46d5d00da5fabe588d467dfa51d33c8a28c6dc003d421e20a78a86ec60bc318e2c0f0d908fdfdfdfdfd00000003e8d045a08d7e0e2174ff3fb8aa84cbe61bbc60a5477c43caff57181522e539a52164748bfd887d0e2e80c41ff6bf3f425cc979df9517fd764cfb2041374860840f62656e63686d61726b73
01000954a1360507152eafe100542e9ed1bd00b433b6a3c2bc78a7eb4b9219ba2b737e18ada2562d549c0f52f02dfabded3d72b8f59d61aeabea98b02a20e1c95cc4fbfbe8c77e562429d9421d7676a4f4ac4f6ec60bc318e2c0f0d908fefefefefe00000003e8d5dc11adf66d6a3eef99cab4fd665445f473940fc843dd3151cc7bf15b17bf4ca42c9895652afd2ea5d2c8643e8bdc3f6eac71408d45ee6234c19ff1fcaa090e62656e63686d61726b73
0100cce48589874ba8c6ce43a763cdc01a600018d0c48b16a2a7caeb5d58552f3173a153e985e6e8a89b887f287d2a83bbc1269c68c74785e94473d123d43f6ccf8a62f6c4996adcf2f827c1c8bfa79b6218e56ec60bc318e2c0f0d908ffffffffff00000003e89c5839de31f6c34831b0220e591eac8aa8b7fed637a1a6db670b4d0514312bca2d5e67e12519b665e64e0c07c9a8791b2437326b46de048459e9b5a693d5e80862656e63686d61726b73
0100977f1ec6876fafa7bb5eef040d6b7ddc00a596d3fe605488b6a1f5e88fc69eb8a15fc9d9e75e7b152c66ba6b353e36a2796ccd61f60210960bd5b5139ad0d9737a91764e6947e2974f2cfab1e5c42bace46ec60bc318e2c0f0d908000000000000000003e807eabe45b1d74d56cdee90369b9913657385ccf179d9d4eb69b0cc4c9f63d479f74a63bc059c329b925787115f849e7b6783b007ef0023146f8823b76ef60b0062656e63686d61726b73
01009f4c5cc1aded2e30fff5c0c6300737410017879aa6fee4d800966124e4b3817ad136d6a752751fb35cb86d81e9bada9e501ef7dac4d02588a8225565b1e0efcefeddc4f59f7b2e55493f9b4f307e3474f26ec60bc318e2c0f0d908010101010100000003e8aa2513337052ccee749b0f0eb3d4aa96078c32e3343b4e28fa40a68d5656654fa29288080262230fe84ff35599d9f1ba55e979fc7208764a469f53db7c13560b62656e63686d61726b73
01004c6942b12ba3ebd04e75c2cf023b8219008568e018964674c674a0c4e1d0dd1ae761560ae8442c23d5620c900a1fdcf145d2f70d25bf0015304aef34585075fc044f8d790d0bf86dd5dd52bcf87be5e66b6ec60bc318e2c0f0d908020202020200000003e822360de42e6a5457928a62a98faf40edfcfc1a4fc8179a1ba497c3a3166aafcf95bb85439560aff21a37cd7aef6ccf3598903e239375adbf54c0e48f83bc7c0162656e63686d61726b73
01002ea8b0a371027ce9b59ab0d283118238003b6a4fc4c96d009d6c58e22870096c07b756bbba39cc53d365189ebe3088f558c0107d741faa10e95f536a8d2b0df204229bc94e34e6d54813177931a7259bf26ec60bc318e2c0f0d908030303030300000003e8ce1e9ef70c9dd94623e3b25f8b02e4ec884eb057d145093e552b0ae36bf04826220ac8052cfdc8818ce6d071da93d5607c6258fc980ce131f094af62d9bc1d0562656e63686d61726b73
0100b74d63c6d6522d54e5700b91674817680052b7effc0f6b2013c9edae876bdd1abb146269586b720d719a341e67de46c35889278d6af0d3d05ae0aaee75ebc84e2b97b27b5e4d664567f7c55730353faac46ec60bc318e2c0f0d908040404040400000003e8d81f5da7caa61207e7198bee5e8ff3c2cbe15f017a5011cf01ff1cc67ec8d1bee9fe6a2493979e007eaa56cf1e66de7e723b0b9e20183c60df9f5ab03567f30362656e63686d61726b73
0100f4b5b7754e206a67caa9e5b6e42edc5d0009dd0412af2f37049ba1fc5a3495629d4ab401379067c2364b299ccb86798f0fff4a1623a9b5bb972f3fd66bf91fd4e7590c0ecc3f23b76d74a1a4b0a6ad83506ec60bc318e2c0f0d908050505050500000003e8674850994a96a1cdb6c91b27927928c30575aa2c2d133ba5a38bd73326287b3ea6f6b80009fe0c5cc5bbd73763158ad0fb23d7302db61b33da709289c048af0362656e63686d61726b73
010043c6579e56baab5c3a2d978ec1a680e0004add4730285e269cd7ef3099bd6be5bac72a8547e68413bb86cccd81e491247873b4236f12d692e9c8af6fd7d222985a8d459ff9093abc8a5ccd3145540613b66ec60bc318e2c0f0d908060606060600000003e85d15fbce197916955bdd6fde60802359c5bb385bb9edacd5c9b5f09e41fa928536af2ce915b9b7f41f9953d3a2295b36612082ecf0b0a522150cc9b08caba10062656e63686d61726b73
0100e6a6de722e8bdfe82f1550ff4e625dd9005336cf3a2179eb2d1c7319d8ee0c96d3a28aad2e1bc7a450d15385d24d402253e1cf4b0891a7666fe651cb45e99f6730ff1122d883b079fe7262026a46cf32f56ec60bc318e2c0f0d908070707070700000003e83d8b4d582ec18b237304a84fcd532c2e6d32e3342238a79f07ec9eac2209014020e5186700ebb34ae7cc196a1d51cbf089792c57d871f41545a7bd915139640e62656e63686d61726b73
0100cc50f8f291a083388022475307ceafc4000a246ac0a3fba31c85d011e6aae135d37707819ac94551dda90d2cadc3e45c5d47a0e2fe28a4122bde32908d85691f6c659b50c6ed7b15558d155e84b3707b876ec60bc318e2c0f0d908080808080800000003e86ce2ef8e03afeb28e6f3618d751c1d5a0edf2a4dbbe777fdc2e1e9b3620ab9edfd66cb54589471f0da03679e79dd2759e9d7449176b44764ba214c9da322000062656e63686d61726b73
01001d8689dc4baaa31478bbe3d6d96a062200dacd3ef42235ccb603e11ec9fbcfdbd5dbf534741049e58b812c023f5260530ae7e005dcfe96955f69e93bf9571e631cdaef431eac44f9d0949330a54932742d6ec60bc318e2c0f0d908090909090900000003e8247ff6516a501c25b7868d8b8a0c91a1513ffb3fab0b6b0186987e58fbb016a7a0af0657330d4e635807ab99dcc4f950d75630d1c95a31ef57d24a7f5194930562656e63686d61726b73
010084e01300a7e839ab2eadaa0812b787f50039123c517a20fca70cd7e00b2cb23fb799ff4dd9f18f40b0ed5361f2ef95bd746d02a460c5a464c5551c4ad6914e36967e445952ae4f7f524590287d5fadbaae6ec60bc318e2c0f0d9080a0a0a0a0a00000003e84cbb9d649c92c49b39cbc5c98c9bc2679c3e6dcff85d851fc3b2ecc4d711ca86cd8d8a637adf5ea57f54cdc32cc852ef4a185831d8578a592ee3dbcc5579b70662656e63686d61726b73
0100e8b3bc3a3e01ec4305f1418e7edf610200d636cab59342b983b1e4c0f8e361cee004743a33e90461cff24219171d6a8c344c981a0bbb728aac0aa7a3e46799c849c2591650012f46107b6b0a17bdf2931b6ec60bc318e2c0f0d9080b0b0b0b0b00000003e80760d5f81bbeb28221a14ecd3964e725c68637eced8470c90015cd54271818097f362f7c8d473fff992cb5b6e9448c58b9ef6065ed74d5ec89cf278470b23e0e62656e63686d61726b73
01008a18dda15b2496f01ef7f3019a2d2dee00f57c20e18487c4b37d76bd8949160bff07d187fd2269f1a237342d4f96e5372b99a6f503528e4161898ccf59fa10f713552f7e1b7d2796dd5b6dc60c760b07a46ec60bc318e2c0f0d9080c0c0c0c0c00000003e8ba3f49d6e75cadfcfae558b8728e64771bfd5a0f46c3edd041f623c0a3ab90bf878086c236dcd1ae2d376862c11ddd6174d66244a6fd87eafa0b0ad85630260a62656e63686d61726b73
0100be050cd4e264d4b62e3bc9bd56034371001340ea17f9fd8969ce541905d89a591f7f22503d70418f6d49dcd5086c9905574f35eb0597a6179b5051d38a837762a2e7f01b97c3991a84844b2794e0f830bd6ec60bc318e2c0f0d9080d0d0d0d0d00000003e834bb1b21629e79d8e69e6d875d6585c2c36646d1a7db6ddc6ab9dfceccdbec6e51057fca83640aba9665d5d35000f340e1673c130e3c3bb5561cfc01eef87b0f62656e63686d61726b73
0100a9c71e688c701710a64e34c27d46a970002ea7e7f9e18fddf333c4b2a84efa3cf950f7c217508163f5d2f631c8cb29ba0e5c9c68a69a78d3b45978f28520fbab774eb6c3b5346e318a6e22260f0fcee7b26ec60bc318e2c0f0d9080e0e0e0e0e00000003e87c8bd1c2fbb1fe32f5f7cfec51f5adb2139b65ad5e657a6f04a4a2c1fa17e4231aec003e54e3517628cf4319104314b390e4fec0a29c953b9f6d3f9bf0612d0062656e63686d61726b73
0100993bda83a4ce53d0d729edc43cae3b59001b5e8db6a87433628fce5c24517624bfad1c1510c0d5edb1cf7e31d79de47173e3e2b99d05c17deaab379170408bbc6d244848ddbeba4a50ab15987d44df3ae06ec60bc318e2c0f0d9080f0f0f0f0f00000003e8dd07162dbaa152c3e705ca7d39f0dfe4a565f01e0f03f6ba5a46edf66cc338f7634d46dfad287035bee31ef087382da1dcf8646ea782c059929b419f7146290f62656e63686d61726b73
01000b28701144d9b2562ab6f07414e8b57900dd8f7610379483a3632b939228755ceee95fb628b76118bbf783119be6d0d2357c9c8322b5fdfa2777c4a130bb09a2e3d9985b5ab9e5636dc8f6e6c88fdb598a6ec60bc318e2c0f0d908101010101000000003e87520981bb5cfd1d9fa9d43c1eb474e173760c70ef46901c243172578dd0ee0061c42f94aa76f558d1c83917d3dda0f9c3aa5e18bd822aff842ca02831bb5ff0262656e63686d61726b73
01008960123e762c451d8ef87dc4a062e0b500bfe92a374483517d9c6ba4817c9e23e6e8918d7cc9cebdcbfdbc56504fe0190ee593ad428f9676a22d5c828d778a43d3066418973b88859fc5cdb0cebe8a41eb6ec60bc318e2c0f0d908111111111100000003e8d911f7e60f6812906e6809784299b66dd48ac42ece6abb280357493438c582952ed36246636981c57c5285a614dab9d13a617bc5a310b1cda6103196536d8f0262656e63686d61726b73
0100455155063694cfc86c85df1d021df96d00dc2797000a3b6953bf3991d18ebcb0a06a4ec6e1d9b4ba5bd85920c68502bf77f66f66ab9a54a3109fdd94b931374f0b3049df9a6c559f8e07c90828e449dd656ec60bc318e2c0f0d908121212121200000003e834f5aa01a45e32f7e54141e321828ca379a86a03f1b53ba5c3a0cdc723b967d31641f2d988a30c90246403a7589394e232bb4f977c99c13764ecd48ec8a8f30b62656e63686d61726b73
0100198dcfd0c1b6d01ac6622532c895377900c00a927ed116e931d5a252b60f5ecec742b8f26fa45be8994021bed7723e1b79b5d3ec7bc85725abcf8e8cc7400547b6fc35f4e1fcac4bf85e2d8e693f24c78c6ec60bc318e2c0f0d908131313131300000003e8868ae19e7f5b40c3508c38f395ab5c6072b6b356231a115013b3b4ba802363b182e8aa426ddcd20dfbaf008645371a025c0fb4b0d944c288802a25eeb90e040a62656e63686d61726b73
0100bc7e003d51f2a335038f4aae08814df500b2fb9941f26851b75e9e253545cfa25dda946a8c47f5ee3b5ed2e8460aab72669061489a4f3ce2d62f43fd67d1aabc190d6d5414e963eba1889d4fd614305fce6ec60bc318e2c0f0d908141414141400000003e85ec67ae7eb0157b35f14707ab36b4b317304f79f198a40118287f5d41419ff2b51ec8927ffb4e55b5b5e52286caccf0429f4430b3b64797d86aef9b3742a680a62656e63686d61726b73
0100fe41e8b09982b43425fb1df33f71cca800f0a59e56d868f69fbda9ae951896ed514ed27664148fa14f15270137256efc3cf5373be04a32f3f4c229e92bb102126f474d1bb526cf413243fd9cf0812167996ec60bc318e2c0f0d908151515151500000003e8f335400e684de1e731c900cc7c5d4c5c2d315ec3d987f206a7b8e8ddfcfa2b85f53ea557add6cd175a836c203ce544e9af5fb405906040b1dc2b8d0f6f06cf0562656e63686d61726b73
010058492a5502c89d279fa6737b3633a5f20056817fd55ae340f6e8cd40d01c481029ade144d0b4ac771b53e12a26bd3f80571b70bc599e2f2d53ed1e961a00f18ae29077da6c68b22ad5ebac7c4c788d62e96ec60bc318e2c0f0d908161616161600000003e8fa6eeceef53f1e783323a90b86baac392c4fb8e47da078b2e3e0c54807a5609ad01c90c61c51cf60e5be759f0d65cc9a0d27eb93ca208dfb83b3c47d2a40560662656e63686d61726b73
0100c76ad85207374678bacef3524b012e43008b164d080098f0c38afe00723f408f253331b7c36448b9ccd6c6081922c03e065a645769044541e947c076d7c2fcb1dca0db37d5cd0213e37bfd29b5498748a16ec60bc318e2c0f0d908171717171700000003e81ebc2042af228da8ff626b6d448e7f56ba2b3d81207fb3d5d86fa8c0f307043bdb95e6d050a8aa3c10a85f8d1d2836e90df8911229c75ee0384fa2b1c6541a0962656e63686d61726b73
0100779a67ef98ff09932c7185ebb9bef19400da110be6bc390fe6fe25c9ca97587e15677c1e90979dc299d53b1ab655dcf22014db7113d73a27dfc2fd77224ab7d8f22e719251f663fc2d52299178426921756ec60bc318e2c0f0d908181818181800000003e8d53f5585e2dd03dbfc296cc55942823baebff86a2fe954500ba771b07919b907e1b563f17f0aff433212e94ed49089afee1b4cbc8641f9233b54286fc4899a0362656e63686d61726b73
01009b7f7f9e2f9309d313f2b290a92fc958009f55403a4e8a3fea6bad890add88d6a222e9fcc8009c638091bd81ab2070426311d53782f0f6df3a567130ae88d6acf79c25f75ba2060e194fd759f5395e00ac6ec60bc318e2c0f0d908191919191900000003e859cc404628d2407eca635838bc9808b32e151ca7c93df8401ebbbd6e36b3e97ebf33cfb5a0ecd877291bc731b762ec3035c88f85a8dfb5ee9497f43254f8a30e62656e63686d61726b73
010081109f73f5784c7cbeee4985fd85aef9003f62ac52cd387b1cf36a41ea529351eda1da7b9f4c907cc7cd718fd323ec083a31749a4392cf7d9842121bddbc6106ec6c089b283b6867c59d1eac03b13ef5326ec60bc318e2c0f0d9081a1a1a1a1a00000003e8f9eea9f027506ea6662914fecfbd74c07971fda59f78090a580cab2c0da0ff1bf8212147eeb92bc260a5c6557707784f4fa3316aec38c40274f53946ce99220162656e63686d61726b73
0100ce0b15208b633d57c2f53e29e578177000bdffcad3a1c6d22c82a1aa703feba5dee43dda0471e00aeaa0fe582f01aa8a204404cf3df591409aeb7f38c1c5ab69ad94f9bcd251f4abb47a3221d74c4799286ec60bc318e2c0f0d9081b1b1b1b1b00000003e85bc6ac6cedf38e22d0d0294f97a499cea9ca573b855c34cc4cf88f88ba07ff9062a43a6410e215b7ae63ad12ae3cfe17c0ecb0c0ade0907b43ae5ab789c80d0362656e63686d61726b73
010054a6b3d9e39af63b0c83fd6d50d70b50009d22470032be2bc93917163ff342165585c5a87c680360c39ca3e6b522c70d1022e1b343fa5a9f3d726bbfe3ab1bf0e2c38fb37d171abc0c0cc17293abf9dd946ec60bc318e2c0f0d9081c1c1c1c1c00000003e8bc6dde4640bbeaea32078b68ad130ae45dade11ad32e496c2a9e2b7b065e41310781af70cc431e6bf60bda66fa11ce596a389fc9ab5b73bd46a309253b355d0462656e63686d61726b73
0100c2aa85023dfbc0ffe641724fd9ab1dbf004bd59259449c3727f9f379422f27384d9802ef88935362e7669081e72d472f67daeee7adf5c5fed702e2e1a9598f007a13bff07600562e01f1b8c4947c9091146ec60bc318e2c0f0d9081d1d1d1d1d00000003e80fc1fa13a900ca73fe594ce3732ff6ad1870ce982ac8c43250ba020174157cec03af35e5b42b4207c8fd907c105f85dfe2d003ef52b2cfe5aefa0d6bf8c86e0c62656e63686d61726b73
0100e4d456827f2f95535658e8a2c497acfd00f818f2bd96d145c5577b455d04dbcc2648e273099dd9702720d5f25ea85e1e2be8a9ec353d5f26e7ebd1b81ff0eb7b61f1f54699ecc806a50c9f135596817d256ec60bc318e2c0f0d9081e1e1e1e1e00000003e8cbdb93100c4d506ccc8354a6b9dd32126b53dfbd2cec0e987f040fa18415b115b2c239f804a15a20e451a2aadf85627179feaa5f0aa13b7f26086c9c686abb0262656e63686d61726b73
010094d0091d4ca1df93206d336b24b3234800e2e34f9dcf9924c5bbadc1636933e6558fc3e18f83b934b7170e300fd9d7aa5a750776da84557e1971323da384585264938a97e54e02b4750b7a9c3ebb2204e36ec60bc318e2c0f0d9081f1f1f1f1f00000003e8bf971787667004433b13bc97636cf2d4d11571d0835e9200a019dbf600869b6a703961bed834ff00977e6403dc9ca7dba2c42b4c70bc39c59ee91ebdc963020562656e63686d61726b73
010026f00343c1dbfc9b5ad0c6e1ff9f07ce0085d34a60798b7d38f9f54fe5e69a54f6e49f33c2189bf8b97c7cf3fd62ce3659a3cb67720693879f5eede635d32fc3ce288ecc0293b7f9d5f16fa1fc09a9f9d66ec60bc318e2c0f0d908202020202000000003e86a05cbf4fc4dcb1b84837edab80955da2cc760d7462855817f76a966bbc0a303dbc44e5017d2169a45b6c4b49844f6d58c1e67b6b6e68f42a2bd63bb156cd80f62656e63686d61726b73
01002f047f4854d6e74bca3d538ff9449146000ff8125a05ca7357c68e0b3f7ee6d330ae57a9f398c359af9c4c74aa54184b77e2c13a11f0b20a96582fbef9087d7811c268318ef35ec84f0b5a0285502e8ddd6ec60bc318e2c0f0d908212121212100000003e891e3671a21804aeae0fd245b8c48c7f06692a4f7fc86e7c5c289406b72d785cd00aeba0a19ff4fbb1a5c4e53fe7d50af5b97a2a863ed615deb7256b29bc46b0262656e63686d61726b73
0100e7d0edd51bdb28125d4e6f29daff386100afc8508276866daddb25ed7038f84655e824e84f9e53318ad23d9834fae1ed5ffc1a1a5a21a34c58b446db5f6a90ea48d5d8cdcc2506012f4a513a6c67ff5d8f6ec60bc318e2c0f0d908222222222200000003e886605cc83008224064a6a5707666099ed3dc61b4afbc596a450d18dd68eda317e93a94ffec165291c99db9fff8ff2df87d7e1501ae7918024a7c3a74fdf0be0c62656e63686d61726b73
010081d038fd8f017ec25f74ebc7e8915b7000591394f21142f24062a82fbbc7037dd1eecb97b7f0f43e46691b5a63dc0226514240b002a7d7676143c0e807d52f2c874f172ae43bb54d57bdf2df056fdf73946ec60bc318e2c0f0d908232323232300000003e8ec60d8e58188d1db206aa0ddcd1a2ab92bd7162931d029e6b4f451c041e78f0e5e5a9931313dda2fa0384af9763ee632b58b87ff5a2f3a7b84fa88531dbdd00862656e63686d61726b73
0100f9e01658d3ac9c50cc1e4bcfd652e51b00c8ea2f689948a459c6b17cf3de6db7d89e44e5b5964df9636006b044228d753d4924add6d6ea4ef697ca7a60dbc9adaf3ca54b152150a8dd8b1fd7c85efb98e96ec60bc318e2c0f0d908242424242400000003e8d0aeca2f3043875ef3ff89a316615406b736e2e141a6b73daf2f3b1b39d394b4174af2d52859a1e2ff2091fabb9fa3f3012afbb1fd99999a09e3114f0b73d40662656e63686d61726b73
010021586befbd8e23c2c89f6eb3bba87bbe000be4953a849836fb3a5d1509e0fe4e82e4ff9f17eeaa936588cb7c2e945cf45464d963ddce28c64f34724311783f55a4745ca224347468bd11f2f2ace44903be6ec60bc318e2c0f0d908252525252500000003e8f8784275737eb59d6b9410292a278fae2b2059fbcc2d47a2571dc67980469c76c369bf0d40c8b8db25de806b9f108ebf5547ce73e3eb753e9137e76cc9a93c0a62656e63686d61726b73
0100f2180d3a232e7d906a715c190219e902003e45cee0e77a28fc15e971c59288c5fa1ba562e6630cfa637f26783c20d4763146f8899f8f8072cdba554cb147350f4efb3f3625b447731752cbe7f901aa584a6ec60bc318e2c0f0d908262626262600000003e8e8cfd7f023c20349436091681e23b9527e832631c609c07a7c48e46ac4b69e7846d6f2ce34b4d7fcbb10a71d1cdf0cea4227d0045074811e4a58fe0a284b200062656e63686d61726b73
0100ce690ae20f95515e956eaefeaa11928300df9a4c0631ca82ff6f8bd6ff5733c9b2a829d36cb5f02f7884e234755e80a2510addd11340a0031ce34215382be68b52627ba90e517c26ca68b08116cf8fb9d76ec60bc318e2c0f0d908272727272700000003e8db8ea8124b15ca7a10a6710ae2bfdfd10e7aac1cd4591dd34836d9416416e53579a137beedb0ff8a6e624e18667c8d2715e94aa96d8ed6bf791d05f4868bcc0162656e63686d61726b73
01001c4595471ac7e77689066dc39dfce16a0070689603163f8e57e47b9577e59a502d8ed5c5a66eeca890e145bd3d5c585e63f904a3708d5c7d77ba3154f0cdf84e0ce4af05c5b15b000ae4f4962816a821416ec60bc318e2c0f0d908282828282800000003e8043d5ef4e60fb42cc45e2ad30e089004f3dc8b06c92c2027067dff5023a3e71c07ba74119bc3a63606cb6939903863205f51bc797e20dced6fa14177ac97600d62656e63686d61726b73
0100c50ee1e9504f927d3e0ed657866706f900195f5da98dc3171e2b86edd2286f66516ca3b96610a7dec825d3425cb8e314787a4a45e4a5d7060f634ee781982f7723231052a1e8cbcec79bc7b69891e16e766ec60bc318e2c0f0d908292929292900000003e8d4c4873502d58b9610f5281feee7e93b67d9b10ece1e89a0bbf729d740cd2414cfff449e092508051513fb945c25c1209878804cdad086356452b620fc247e0962656e63686d61726b73
010024e603dc397dd1dbc7316690d6c086f4005ecaf3b287e08a8c1e5c6229ce15653d3e56607cddfcb0e762a8ba30d25ca45ee3ee3b903e6a44c46ef5fa6d7a0f2adb28dfd466c8acf570cf62f1be7717626d6ec60bc318e2c0f0d9082a2a2a2a2a00000003e800572049b3380e3aa5dc13e016ad3fa367dabcc892664bf1102c043245771be1ed1a3621e186ef839bd2a78da09fd921fa51aa387dacb9fe3b8ff9516f988f0f62656e63686d61726b73
01002a9dfee1958b904508c532b7e293fd0000c3328315fd181203e96af0eaf58a6755343e2588d52d56b74dbc1ae852424910af0f30663521a8c7c47d92cc7280bc93ed6b9eb1b4c3854c7725d9a8f3d9ec676ec60bc318e2c0f0d9082b2b2b2b2b00000003e8fc245c52bf72da87cda23852b37aca16174b0950ae9ff80b64ab707327eadee536b1c4fd12495c226fc97484c9a4a94b14eff69b17eb1e770f9df225a7017d0762656e63686d61726b73
0100d422a49119ae2c26d63dbc64e32041d500b709001cacee90feada1ae3d7f491db6e06dc0f02c37cf76319a6dfdcfa6bc0f3302da1b3a82c4d16f6248c508e626e2b53968a4296c0c7ed9bbe4f5976c20ca6ec60bc318e2c0f0d9082c2c2c2c2c00000003e88a75114faa96f06cd399bcb98cbb2dc5a7557d6f675569c210e776fb08e8f8bd576d5e519a6c56784f6ca263f8efb0af99845a3935a3311d977718a1fb726f0062656e63686d61726b73
01003b603396595fe8857c04bd987b39b2db0074f3923784e805613f59ac7532c1dffe912a4bee8152d2bd9bdda5e91b8bc5341d269f5c85bb374e5afb3eec304cf971c366d532f735ba102c5900e4d04a9a026ec60bc318e2c0f0d9082d2d2d2d2d00000003e872789871f93f51b03b00dadce7678a9ea0ce6bd643b532b54d24d5d0b040179e7c158709bc41aced2ac339d57687c9d55b5fbc28e63b7e55ceaaa81588b2d80e62656e63686d61726b73
0100191af59051515099df791290ccb4021f00b5e81558942962106eafeb487fc5444979d270cca1266ba9fd85e820dcd1890109fc443bdf6ae64b197eca58a0cf3262e08ad602ee501510baf3ba7c02c4318e6ec60bc318e2c0f0d9082e2e2e2e2e00000003e8ab3cb5449fdecd66ec440b684ad4055e3f65440b42044ca6faff9d6d408a2bdf55a00d4a9172758871caf8bbc50fe2dae1ca8bc69f2d73fad03d1ad92144c00c62656e63686d61726b73
01006269475cf6451e10b9e3775b443882e200860226db07ad011aa0c80617f50743f74678e80e9b167f3fa071e6986ff93a0c2a38f6affc5c03ef4d5648da73c76304f5a6cb0c5a4a6bbaa9637ef98a6993096ec60bc318e2c0f0d9082f2f2f2f2f00000003e88c6c1a02c51a741476105b5211061eca3a0d2d1607de28784063b6eb6881d817fbb20692f80ffe8640d21b4c31898bdf9e6818a9bbd3dfa2484b5f38f906a40c62656e63686d61726b73
0100fd0f581b464d6be0e3a07c5eea5709bb00811ba3962d9e75aeb072db666e539853d450729b505be60d7d57f4946a0e644f7ddfd912ea94c1521165f0fef585cc9b1430c924ba1faa5caea1a5f5d740c34e6ec60bc318e2c0f0d908303030303000000003e8a3f170e1fd571fe78ec626f5adfcfbb2d7d5fabec6266bb97dd542102c9496fa725a8aa7b0362f053a58af444993c97ca43c53cf1318ee866aaa079f4ed9960862656e63686d61726b73
0100a2d660bfb4490d522e92860afdbfc87e004a01b43dae937aeedb60627406b5f2b72cf67c210f78f0f3480773aed0665d2acfafd7e34f0c60c27cc0eb0e9d7e5607ddf0dbd7fa1cd3b3ca385d0b04437fa96ec60bc318e2c0f0d908313131313100000003e87aae11a9218035e79a5ec7a60441c7c0911138de8b90f8db92845f6b60d41ccf8f16364464c2bbf400588fcd0bf4d53d078ebe27565e27bf0353eaecf2c94d0d62656e63686d61726b73
01003014e286cab9b0d76e14ac1f8a3fe5d600ffe8110d68301924179cb0da335a208d562a866a4f31771c0ba3562844be5114427f627c45a74cd5ee063827520f9c2e217f4c30ca297cdb11ace9a56a5c12356ec60bc318e2c0f0d908323232323200000003e8ee4972c542754b17e07d4ac7c36aaa7935dcc9712b2adeb6b779ca395219b0abf78d0caf4963b51384b23838e0d8fe229d5a0a8a9a8641131e60b8d6b879130062656e63686d61726b73
0100c704de271ea75713a1953f48f600f54800739034ca47db791ad25277c619601febfaac6119c5acd16301017ee7de058255a4cc36332bde7aee34494730dc8545105806b71492e54891e10bc8698e7c2c916ec60bc318e2c0f0d908333333333300000003e87a459ff192703a0db7bab790d478ad47957f868ec947405ece7dceb2e59c99a56d3d8134ea3b013dbcdfbb4afe4204c10ead94037e904f2b4bba7bc594283c0c62656e63686d61726b73
0100f7bc2c58c11eced154e5a7d041fbbbed00746655c656dbc51442507ba6ff2358fa641eefde6fc57c16c4aa488437eb615ffc68d488fafca7fac7d50a4c195f05d343ca42dd0cf49db2f06ca2af8d2b23926ec60bc318e2c0f0d908343434343400000003e81f7e0808a532e5bc05c0b850ad5133f3c817a41266d0720bebec45d309ff06b46845daacbc73178bed55234d2bf94dce5de35e2d7cc056df9c04b9974b44d60062656e63686d61726b73
01008112657ecc6f4357926927b150d969e900c3bb5ee5360277b4280b53d98288322771e5c9ade33d4c28e057bf843d977d238d3450b42af5aae8974a0f6b9a91410ae0fedef301542d8d704f0791772b36a76ec60bc318e2c0f0d908353535353500000003e8da112f47db556975a8b81132fa3aad08600eed74ffd023dcfcbd604eedd45fd6c0a76c037dd5a82a10aec6999a2d5f2adbb69eda508a09ec99c568cf03df960262656e63686d61726b73
01002653dbf1f4557bf7412fa5c8143a828f00313a83f1683e0b81e86e1663a3bc36ea780d354cc80f311ae65edd4984354705af9b2e5a0286b78e012887fe7a15a2c8421c31356f59816499dd02f76b27ef9f6ec60bc318e2c0f0d908363636363600000003e8865a742e212e252664e9ba7042dbb97057721591cf8f331f3f569a5fb12ca77c7ab2948c0559e031937c7bda6e1d5d39f0f5696e788c10fe3c7a809abace9c0662656e63686d61726b73
0100e689f5ea1c6fa9c46f089d0609d156fb00c4c068e27a276fe54d9835a1986b6cae15f41d2574b7f6e57e388da2e112925f00f07ff683f98f82979acf73cd2b9998f3f6b02660775797da10a41dc84490766ec60bc318e2c0f0d908373737373700000003e85cb2d0ff5dedf4a36df8b67920216f5faf756dbb0def8ae6306e73aec1c347e53e138a00baa95f4ae65c27d5c1777d2893f50e37175e1345b9ff53ae12dbd50862656e63686d61726b73
01003bdbc2a7641060c57f85cc7641f3b80d0050897a9b0d63728d36b57742a8107143895fb7827b666636ab0e92b73c805857c02dff39b23720d3783e240af0d7d7bd5d3e0920ec27788fd6996f89a8a415946ec60bc318e2c0f0d908383838383800000003e88fe873ff2678cfdb73f23df9261df06ba4da0ad970d027250a74082e2af16762b3917dd1bf1f141863658e4572bca566e8551c9852a14456c2781b425135ff0762656e63686d61726b73
010085cdc5643e041972e204f15962dcf38a007ea644666fde21670af9ca97cc3507eb1c3e00417717598154e74b7d39b74f3abc841f741a2ab9fe3843e357db35b7f34d5fc8a84e828d64ac9874cb1281b6eb6ec60bc318e2c0f0d908393939393900000003e837493a5615649e0cd5770c99803095fb4a3faf5decd498833c31a1df51aa8e447c5b6560f662361980777d64a4f98e65ae7a6bd70e8e72bd4f33943b8d1fec0562656e63686d61726b73
0100d3fd029354622679884f5f5e9c67fcf900351ebb1aa49c8e09db7c76c1cfa5218313db1bf336bef8e52d633c34b3a0a801d25cd863ebc1488220c708af2d642f610256126af2906599ea0ec96075acb1506ec60bc318e2c0f0d9083a3a3a3a3a00000003e8eb6498577d7a123016f271ab1f33655dc6ec7c12dd852952c937c2dd1e658d6b4a6539e9fefc9bce69c56be5b3d9c9ba0232b66731bc1eb5de79508437c5e90262656e63686d61726b73
010088e503a514edcfe2ea04cccee0fb348800030aa9e3f9c7058319c4005c37b821f1848025a05f092266d852f763991b8664d785b49583ee736c66cf55dc87474f4f337c971bfc3d69cba1e21e67763653af6ec60bc318e2c0f0d9083b3b3b3b3b00000003e8c7bc60b4a904af564d41a28de6ca208b1d3cf6ab3aba17e3dac8645cb44f8b0300a9aed1a8a248da75b8a0ef0bee044fe3a1a1a576cd6d63fd0a57023cb0290762656e63686d61726b73
01002c341bc30cd59da5c41f10c1e1e7b6d50045a79bc9b64c015006f2d474f0416906722f36d70f30046f9e18b2c2c4120120fcf8d3fa3df8db0599ca96f49bfe0c481b05847aebab3a684dedab67d85fd1756ec60bc318e2c0f0d9083c3c3c3c3c00000003e8ef311d647b73b47808fc9c441ec37fec6542d40a3f5234c1b8fc474b45c373315fc737ecc79e35e03d6cfa5a9f0ecc421ed97b44ebade0b3d4ede6d1de413b0a62656e63686d61726b73
01000f4185d3a22e0cb4d18f93b09b3f87fa00f25d005bb344d7ed4a1dfbc530eba256af5fe95ab85dd38a01af313a9d6e055bc7844c9906c7d11c676970156b31b5e480605a21fa5d41c94dc88ca7b93cc7ef6ec60bc318e2c0f0d9083d3d3d3d3d00000003e8a352f8b65c65cbf946c1a66ca34462e4ac12c0628a38d64dccab372711f39bee485ef07a2a316ce6589aa4587b92f6369225dd590923d3178f2a77ce826f410362656e63686d61726b73
01008b46ba4dca76b5a6acb77e52df8263f2008b16515cdd141160d0048430a16bb0db25eef15e6b9cf60599288d61b6e14969dc9aa1b5cc17d43644b8c6f4dd6fd37343a47a7f44a7ff14576231bfef6352936ec60bc318e2c0f0d9083e3e3e3e3e00000003e8a2d006e281a53db431b950877fa92de5d3a76d490dce8ca007286cb2a24d34d7bf6e97a8fdbb76248597be7dffcdadf12a9544cb65e077494e6ad7d5e0ea000562656e63686d61726b73
010042882794f8d676e76a42e9cda45b4b2a00ad8981a05b0a50467a517a4d836e0faf9da4f90ab799af3be7bc7db664cd4849ab569901864ac51fd4497cc78a28cb44c63bbdb76f5e4230c10569f0f683b92e6ec60bc318e2c0f0d9083f3f3f3f3f00000003e8c196d36cafa7d502dda4663876d998942917a4a581bed15cff29fc5baa6137ad2e4aea51864413bb6e019186f0ccf9f6230ca270bb40ad4d78ab065037dac10562656e63686d61726b73
0100782adde0b2b7d5bca6109e992d87e08800f077ff9e9553850431c3a1fd4669118999de8d5936a502437d9b963681c3f2227f14c8c90dd9bf00eb66ea657b463d2e89d7cd39385a3f1b26bf81e9460be96f6ec60bc318e2c0f0d908404040404000000003e8c99bed66596022ece9721cc2c542727a96f9fc45c63542251b3f34b7911a05090f8585e7480739eab7588dfa35f5cf299db1b0e8c698a2c217af5673c7a8ef0062656e63686d61726b73
0100fa765d3fc10ce31c001bd03f604dc531008dd60d0996c04d25d2748342cd746e91bfe53b78e08b9b326869680e7ff1341f16d7fd85fe789a4fda2aed70accdea0de37c53b035c53c39783efdb186f393046ec60bc318e2c0f0d908414141414100000003e8f8e9583e2a27e500d807bbab509968996ec1009b7d779b391bfadda7af4279b64b6762525ed2ce4bbfcfe366c36988007b676a6c8af80de2beaec0404ec3020d62656e63686d61726b73
01003a81aa7950286b207ae4bd1e8686ecde00193da1954391e89608048a0f07058144e676027b3dbbe981349b0898f7b620119a53e4ad762dbdc0e81c110752f63873c76da888c2829d7cb38fef52ceaa39d26ec60bc318e2c0f0d908424242424200000003e842953029c4656f229cf26da7d3734feefb3494909794d9890c85f1b6e20b51c5ea5de9433f198cc7e0d720fed79c56647c23c6a04680fd30b4f9a87e6201480562656e63686d61726b73
0100fd89c0a73906f2609ffc41c0e16850e800015526cf30d9a4066bfb96d730df2dffe20830f38189512f9ca36daa207c0b430da9c57a1801c736d24047baa04395113b31f52bb298adda5b0a332ee504e1346ec60bc318e2c0f0d908434343434300000003e8b4346599232cdffcbe124e8742abd5636a56779c2b1ceba295a094a95fd30cb44ee43f071807ddbe5ca860713e42163c1c0eeab3b8aaff80e646815858938d0562656e63686d61726b73
0100a0088f5035233db956fa6c5a5811a3d70001bd4d7c5a2d26171d424b3057e89decadcfe2660b36a9c5e44392e337ae7a61edc094c649797e7b96979c3d76bb957a5c8c8f7728ccca620a33dc4e4aafb3276ec60bc318e2c0f0d908444444444400000003e8c0d59b091d15ca2efe4054d4eb83699d48de6114201455d5b60fe79dadee73e4f8971654611a5c77f1f5f223b5faa48b23d1314958e81c5b647c50ff9ca5fa0762656e63686d61726b73
0100040f2632c7454033e32957a15764e77b00cf1fe4aba7f9cb23cc2afdce88fa4e27f5231d75f6d66fa7b9beacb211bee3186cb6496fb60acfce95243f1f0047c534cb88c8bab55bd031f569facd590c34126ec60bc318e2c0f0d908454545454500000003e80900e7edac864b2d7c4b061c44a6ce7a7d2b226b783ad04659eeb420d6bc5d21feb63871673ef030f02c992d72ad38783eb2f21ab5062bfc5be2ce608ae1900b62656e63686d61726b73
010091afce06175a9971043b3c6e54b921430072a2236f779fb5bbd998b3ccb4a6258eaaf1e513114124f39eba96e9f448ae59f619f0166ac6ab8496b406ff4f28679eb6449b0d10db7ac8eccd274650cee3176ec60bc318e2c0f0d908464646464600000003e8b9e564981abcae1cb594d8fcf48953484d5866e1b333ece640f187858ec6056e64f6e4ac066955535947f3de54b85fb1a2c904848b2c5345f6927acf0613910a62656e63686d61726b73
0100f3244b6d7d11b43c09d5b8b2935c24810026b47bb829b487a74786672b49c77ed38d60cbf1273358afbcda242ab12c200be5550520b43d0bba0d40274c1cfe4501ad40172965ea95fda5a56e6e21c865206ec60bc318e2c0f0d908474747474700000003e815a11a8e9de8887cd285b43b267df766667e291cc5c7c6befef457c724f3d115cffa126df1a4c924d6af5de2f4c5e9405613257d0f69ca3ba085a8018127440462656e63686d61726b73
01008b6f76a042ec3e3af5960c273a0f5c9f009ff12c7b855759671b22c22f9a28acd14661eac8b30cf9e497784eac74a6113b3ffc6c86c63c5393a223215d42e2f571abcffe0fd53097773926d61bf7b840e46ec60bc318e2c0f0d908484848484800000003e82757a52b91419326a2ec667b9d08b731105cfb355672c33cbaa0cd58fd3016143be5be86e4ec1b470830d49faf9b87dc1735c62e1bff733dccaa086b4e34c50362656e63686d61726b73
0100eae0ac0ed317c867afdce4c1785b01c4004f9aeb51c766ff3bb457aa950c70fae94f55dc998f1b41e06236159a9d07142bbf176d9aa53c0e89cd8787731d5f908d597758231e1a58075dad0a4cbe0e4ec36ec60bc318e2c0f0d908494949494900000003e8fa7a5ff014148da53cbbf5bbd9196f3feef7bfbfcda1908e8056006bbb16bbde46d9920c3c50a1cbdd786bf4065eb39a0b5dc38e8b5e8ab37f20ee788228f10562656e63686d61726b73
0100dd5bcf3dd70533e17cc7bb31c84604e200d662f6dbde0a41815f2c18c8bbfe9cc8085c6abb81aff004613c6157f0caaf2b06ba7b56e46b67ac1614c1f92dfa6f87d8926f9125f6024e97b81e7df37ddff66ec60bc318e2c0f0d9084a4a4a4a4a00000003e8551b148b841298219bd70409352c9fae522ed3c9121c4f11592628d06ce33fde95c74ce2f615cfb4fa0b5ab1f4d0ab7562aa13c6d6f0fefb8a9c638a8d01050362656e63686d61726b73
01006e5d4d349709905b26d838bca70ed822009c0e3e11d4ecacb1351b9137f6ef544fb76490f89738a93d8c70ac18c8e0e74166dabb3b468bbf6ac5aabb8304b82c1224d79b9c599eab211a66e0944c08237b6ec60bc318e2c0f0d9084b4b4b4b4b00000003e841c83962d8d725c095e577b5e6a22f641c4795d3ecbab8472837d16628733f8b82155a5bca02245fa4a471b018e26ecb7177797a12482aba14dd02e25e53610562656e63686d61726b73
010004d988eb37ece66efd8dca627461015100c5c64b74dca9a5032e7c58927203cbedfa551c0cb523f05f4c113fae8171e53c428449010d0ba47bd291e513a70d44ecc90de1911129e80a33826ea508ce72d46ec60bc318e2c0f0d9084c4c4c4c4c00000003e82212caffb770885d274a9b4aaa52b36e2629b7d1e6d0975452139af331c24f60227b81d8b0bc5fe318e74892cfe73a0b054381a009c3839de0ada7c2f649130f62656e63686d61726b73
0100457f04c2f7ef73f60ac976b5c60ea83300c29b1814f6831e78a591d00e0d364f5a57807ac01f1b91632b71733b49983909dee919fd8534595327d72a8460844aa9b9c8bd2f38c07e4c6ec59c6adc92bb246ec60bc318e2c0f0d9084d4d4d4d4d00000003e8eb4bfd9025c045d0d3e24498ae0c2209899f719d91b17433e1eb0ea2ed7d900a467d3616913b3ae6c67fef8a10da4f29e12998884f1285259e5fd5b03e9ff90362656e63686d61726b73
01002fb1b369cd3dba246e8a165bb627c67400918c2a732f1b627a08d1a920e568fd6c43ea4015c42ac6e0976c35b4daa1233846fc86cf2be1f1012999c57a6d478b44259247027bb31edc34b2e1b98aa8ab896ec60bc318e2c0f0d9084e4e4e4e4e00000003e89b5202e9fe5e0e7ef90ebc15a1f20691f6c05dc1ef0d81571f85eaed731fd2f5026a51d92749639021788a89a4885cf1ad631d524d8468846fc66786d24c7c0462656e63686d61726b73
010066242606172b3da401fa87f62f809ac8005eace794b5b97da902e644897334fc6136ea5ea725afa545559ea0c314c0e753c5283f3ea8b70924b4d6fd9009c1c22ad8ea47ef6c82dbb07eec2c8e66a149536ec60bc318e2c0f0d9084f4f4f4f4f00000003e8779b6460a5a4a9b0b876c8150963e18a6a04e7f37525ab36e4a38f2483f780db26ca6860addb4412b0376c68269eafda177a9bf52dcfb25a409d29a3006ddb0762656e63686d61726b73
01004e4dbca16adabf60593337b25c2b1927005d3445a5b09a9d211983ddb5c4ce54e759e1a001cca94518e7dcc9559314c930bdd2b29ea7dd58fd4285e1489fcc8ec8d75f87ef6b239c69a7ee52d2a15d17bf6ec60bc318e2c0f0d908505050505000000003e8258049a23f520519bdb3d7e9128822a8600093025ff203c2c804d9b098186f26e02def03d733128cdf1b1cfd59c32ea4bb6b554a8ee5dfa566755d4deb9c9e0062656e63686d61726b73
0100080b39aa3a12b58fca9059159270b3d90029fc6d712a9c86f0f981d0d0a520b9de7fc48fa10a5890f30fc2aeac4fb0f21bf4bab4dae61e1615972e6daa120595f05d49ed0e23f9c64e983a11f0480c35d66ec60bc318e2c0f0d908515151515100000003e8e2e6787fb13f549c279fcf4546c41e8057d4d1e1bc2db06f88c8317c2283471a63b570fb1ce0ef1129044424754d97df4564f51aef512ba11775994fd382530f62656e63686d61726b73
01001523808e39af1d73e92520bc9ea75208007fe28a629174c54e4dbceba2c63ebd1247dd1357c28a2a60d62e0001fba5d51c56b9cd0f3b925f1c82256aaae7ad0067890ea4870ece76bbfc581ce9e8779cc36ec60bc318e2c0f0d908525252525200000003e8275d517019d666dd7ef84c17a065dd23ee98761507be1dec74d831f514b6edea51256291f829fe9cff7961d01151e20754340ecf6e6c56eb614e911853c6e30662656e63686d61726b73
01004fd1bf24dad0d57d59c771fcf67fdff2005a7e5ced4dcc2d2b1c4de6887a264ecbb71ff155f122ad6ad0035239a3f91173ee475ef8b3d33a0d1e1d1ccc8c3a3fcd098422b1ae52e8da2e5af9c15a9ed88e6ec60bc318e2c0f0d908535353535300000003e8022a95402b2c5959a5d52d7cbb3a8ca8779c85dcfcdcbfa07b7620f06be318b642df4f01568324a3c4131ab2e947c0b5c23bd8fd65e3c88844e5f54b9197780e62656e63686d61726b73
010011258a5cba534fda86c10c444b6a5e1700bede8b30d1b4cfadc3aaf64345e092246808eff2aca27e50c77be4b3b47cb220e67839cc003c4f7ee7a5a742ccde93fad7fe46853e6f91a9ab9b08141c949fbc6ec60bc318e2c0f0d908545454545400000003e8f574bdf1486d89cf77cc32f41be396c7b5750556014ee35b888b5b5580fe9ffeec9966f462f36ae761575adbf3c15b36d552db63f4b5a9331adb4bd614dc980e62656e63686d61726b73
0100fc5032434db80d3f8c55dddaa444c05c00f94fb9802470235cf2c0332bd786cf8c6ae06f609d1054b1ae774bb3a3158a5b9e5a5de713be3eaf2bf11cd7b7ad0eab438383b3fba40e702adf642eefb4f2a26ec60bc318e2c0f0d908555555555500000003e8f600bdbe833fd27569141152f69b3deb9104dabdb7c194687fc14cdff2942208805fbe73ecb9a8299789c6faa6d35f1628cd47fec473da6bb25735d023a0280062656e63686d61726b73
01000378dd69399b7f499d3b51c8e25b393b00d928aa649f1cdb0bee7cf90fdf5dbcdb7de0d23185f1acc77a177db180fccd4e082084402016d3d6814322fa45d81a0729c844e984d25a3f861bbfdbd12ba4bf6ec60bc318e2c0f0d908565656565600000003e82f7298f0210bff7929fc27eb24854e4c8c09c3a0393fb8a276491df501defa49eff49027c52801110f0c7e8e060a568d12d78c8c492ab27f9788d5cb304f590262656e63686d61726b73
01005184923dfbcc85c0868c946e240f074b001d84794043bc9fe6cf64acf92272a06097181908e842b9e406634c4d68a58a6d34292ab4a04706e17b3536a5d3910b74f6332cd6fc59cbb4d24eb1787d6109206ec60bc318e2c0f0d908575757575700000003e88edf8333e961e16bd7a3feaf5fee363e067e01e9e61a1651ee7337593190c7e03e19faadd52218579ddad62b5e86d2fe4a99f08792da55675068e4a94470ca0462656e63686d61726b73
0100c591422e584f63346dfc2769e00b6fd3004ac62f2943698b81e9ad15c9795abb8edf3bcbce50c7b13945fed688376d45476ab88bb7273e9203c493bafcd46c3514d212dc304b4c7a007239c7c0cbb657346ec60bc318e2c0f0d908585858585800000003e84464202aca8fab15930849a351bad4e6e8a3c28f9338ed8e8c6c4f9cee33e93317815f8b3d601ecce1c656179431ab86d1452c616b983fbd06152b81b3ad580562656e63686d61726b73
0100c4bc3edea1aa3c5cbfe9f327dc455fd70032b6187fc55aedac4907937047abbce3a0a9383a82c5812ab65f9e792e8d0b0d21228da9429619f0fee0b79a49cc110e5442b5961820b46d1db9d55f3724bb496ec60bc318e2c0f0d908595959595900000003e8899fa79d99a1b11a6e26dbec5ff721e31d8d46be54a888a8f2818e27581aed520f9302eb008ab9ca3170b4d0ce0b9dfe16112ef88d6f1db7bec638fbc470830062656e63686d61726b73
010008f07ca2bbf6788cc8c007d965687b940000a67f1dd9cfea71853d9e70ad0511dba1eda9141f844e35b357936b65207418b70b0485400c0ea000ae5edfdf48717514c6cb68a217f4799505757eab3dcea16ec60bc318e2c0f0d9085a5a5a5a5a00000003e834d0494d8b43f09bcb054ce883f630b912a4133e353950a4aaddb3e90562bab67dc2fea95c7aed1ada7e837c7a5f16df4229469dc64c2457302082e6d600500962656e63686d61726b73
010083f066501f9fe7488d3190bd2d999973001cd06dff72f1123462288b4df27a92116c6cf227d40cfd49b5287c4794984c096738035d8844bee02c253597bcbf0f00d0f970574370a006244edb185c2841f96ec60bc318e2c0f0d9085b5b5b5b5b00000003e893a8467605075aa0ae98c441770dbabaef1c3053b630f4befa79e21bb3549b4e3450d46f911ed91cb888d3b4a042c409e5b1ccbe0446af2d9a74f4d7f1e7140162656e63686d61726b73
0100780b8c747b1472b55bfdae8b94632b8a00363305b14081295aa08884e7d4909d558861749a3ab249e33da982550b34fc7c359b59caf5fd3e4370d2bed828f642ca309487fddaf1f4377e77f1e3832303426ec60bc318e2c0f0d9085c5c5c5c5c00000003e8a6858ad637968ffcdd7226a6ff39a4fb9eac24e32c1c2b8a34dc67316568c073e1930e8f99d15441483da80930ef3324aab008f6cd5a899885bc20c747d2af0862656e63686d61726b73
01008e0c32d70e86a1fd224ea9b56ddb62c8002da402656f7d884ad0121c291c63e4b2d995198f79b243299710151745988c6a71cb46ab809b6c06d418a565df225efce4cd7dd85ea1111f2fb8343b57d650216ec60bc318e2c0f0d9085d5d5d5d5d00000003e8d6e89bd84b2f388fba4a99d881f570c37047c6bd45076a04d20ddbf53267f725330229937c79924c45b89a88bc95cce50c81a1654b10fcb047e2e4a38cca440462656e63686d61726b73
01001af88a4593158b45c2798182fdcd4d8300ad07f95ff2165e4680003b7134510f8e4ed5eb1d89b76b40321cd457c46cb46c279fa83263af38a9378bc210f8f48a580a4e9b0c9b8635c413e50857750739c66ec60bc318e2c0f0d9085e5e5e5e5e00000003e8246c1bda04c86569e074ae0225cae96425d28732fdb250b5a212e397f7eb345c79637a9f25ea87270aa390af0f92280841f70f9990c05fceb4974203bc578a0c62656e63686d61726b73
01009f6e4712d3d7f46e4f7f42c20b740ddb0032d40de513e68cf98b709b25c3fd8c8d11417f629450e6714ae281336c575839a4ff50e4835444e892a13763aa15e4d67987fa363d5a3d6d27f2ba5b0ce70cea6ec60bc318e2c0f0d9085f5f5f5f5f00000003e85132294d5be61760ab3cdcdfb17b0237e7c270041522239e53807d9655651acbd435dd860c38032e20f2d794965fbabc3744c4fa30f61743613830331e95440662656e63686d61726b73
01009f9e5fce60f0e774385b0fea7abdb48f0027f3e2c2c0303957281df47a66babc5eaae63b71f820fd7dc281dcf594422d0ce5cd677fb220a317db618ea2e206b280002f90cf3dc3da56e9e5641939a30a666ec60bc318e2c0f0d908606060606000000003e81c288570646f534d7b16e9a0871b1df9e9809c5abe3afb2074f0a209c4d3d8d935f6aca0adb9719a75bce9862f930844de6c5d9a9863286141a725f35d65420162656e63686d61726b73
01004d2ca8de47458e271c1de05daa429246007b2302ee2a126eaca34a3b47f7a7c0b7dbd17b4fbf09ab221c2e8d8db91b6c684e654dc7411be05db4061a2e28af06f858b3728d481d0e804f82ba90df9fe91c6ec60bc318e2c0f0d908616161616100000003e8c82806b27e5f592d2cdd9584358dbe1498d04f05e484bde6751ef0a36d89ca97e06eea37f9960a932fc834d54af19fc9528f3f361bd9994ccff0dd294c66d30e62656e63686d61726b73
010061116055c063dc6f38b0981b3e686970006c4ee0f7ce3475dee12d106e638fb1167571280b65b9ceae8e412658630ac9382be06f06035d378849d85b590bb2a5c768d5b5258fc45d2b4babcd809b04b4e36ec60bc318e2c0f0d908626262626200000003e82ac5d2068903940109337b2bef7a44e8b58bac2231aa5f02643c593ebcc0b306577f0f50ae56a96c4e2cbc6c40eacbcfe39222c00189841b7896b4a0a6763e0f62656e63686d61726b73
0100766baac2eb4ebb7f996b109d1ef0f4100041959112d3dc90e0e241d4b8ae1e2e268b2bf93d86496df9c140aeb7cb932504fad9e3671ac7dfc1a6c3dd18651a5efcc8b5211d1506290f59845cf43db77dd06ec60bc318e2c0f0d908636363636300000003e83e1b762bf8da96c405e4ba787e7155847dcf6b94b8f943d3c95ab9e5d29fa4a98d004f9c753549d83ad143c80b14cd35049643b40d1db2d44d12bd5e0fea180562656e63686d61726b73
010098a74729c2d04440792501ffb50d4e02006d96bebaf7ee72786c76cc1b0a43f2d4f909f358a79fd746158e84a003b3e12e0c6768dffaad64b2c53bb90f9ce734fff87ab097ee7572ec11496863e8b66fc06ec60bc318e2c0f0d908646464646400000003e888a27c82eaacd240aedfcd327e5a85ffcb7f4493248a15efebb0582101d8cb1e068ac3e89f861364183c6c20d69538727347ae97b325d37db497fe12c009c50962656e63686d61726b73
010063f43464cfc390e5299d808ec1e868780084193f945111b3626f7ef4187064f41e540a078a2a61c255302a40a39d6ebd35b44b6f9f2085950729c0d6f1d6bca489534f8ef20403fde68ca726ca70fcd5a96ec60bc318e2c0f0d908656565656500000003e896733cb7c52839cf15f837bb1ddc421b0ff8116293c47d7f9814abae9507cf7fcea4a9fc2dd12909de4d4e72c9984ab161366320493ead674997b7fcba20110062656e63686d61726b73
0100f4831c1e530cf951f597624672e7d710000433119ebfe25eaceb9ae4a8d9bc1aa8e33a19a307a28418df4ebf077d5343595137fe276d7669a68d87067602c8d4d56ed395ed7ca5c38d9c8bbacfe027b2ed6ec60bc318e2c0f0d908666666666600000003e892a4fb5d1fd9d55b70808f9dafa55714fa46b98271c691069964d6ba495b0418322bd6db6e66e646559ea1d64b0ca2157680f3cba9ee50f33ecfad09638a4f0c62656e63686d61726b73
0100e1cb19c8cdde5a72f9295ea5319c67d500a895cfb895f696dc4a7407535b4d35faa6ee22c122609b149440389b06b91b2ee18bbf107b457c1d7e93a2dd505b3dfcf69fce478d06bad0227f63e9127b9a4d6ec60bc318e2c0f0d908676767676700000003e8196102bed0e757d6222777695f1f8876cd6d081119380bf22ee59129650063a6f227eedacabd1b29f2f6930f64f3a435890152677ca26a0269d383a56499380b62656e63686d61726b73
0100e0c5ab2dae676db17924b302fc7052c300e715eeff0f06ad0c1c69c8582addbfa7dbe86b47a0c74254b4d1e2f2d9f91203584cdede46dc3c1de3d444ef1d20790b3af5c11e4a29442e40a809345b84811d6ec60bc318e2c0f0d908686868686800000003e8d73ced3ea88ac6100190591a8932b2fbadf6eb4d81b3d990b139dff27b5acc3bead086c78c87e71a58c9e0088c463fb23780ba8fe67f346169a31807ee48ad0762656e63686d61726b73
01007782206a3e063680d23125106ae6f2df00ce4964b9887a7a24e28a101460ac897376f0363f2e78fbd9f4a1e09b475ac858fcce65e3c13b6ddd205dad157221fc30f4d655729f802ddfcdc81cddd7e3fb156ec60bc318e2c0f0d908696969696900000003e8a4c6f4fd447fb5ceb913ca672f7a466f20ab15d1251f89c0a8bd3d2a2811c6b35409790f73e4c635d9d00501885003c5b280942a56940f095c06172728a88d0062656e63686d61726b73
0100828fc136787a39e97670735ba33f35c30043dab69b2230ceea1a31f92f0956831f5e8f3238d737da11b953d5094b36ae67e0cb2945c95fc572bf5ba1c1e8ec8eac02605ec2e5bc7e964df675f5a2f055336ec60bc318e2c0f0d9086a6a6a6a6a00000003e895cddd64646697d73e15a0833619aadce14c2ca9e19f9b31ee1d89fd4fd5a9b93c675ae53f8e1d578afd79d0194628a83dacab519c85f11f014f121d5792dc0e62656e63686d61726b73
01006c46ab1fdba6b9f6b9a941fad135b81400807726498c58dcd9b850474c907917c1c1dfa0c7fd702d11bef812ea4fd6cc405fcc78a779947652c5c883eaa9a8596e5df410932390fe1e84eef3972d2713006ec60bc318e2c0f0d9086b6b6b6b6b00000003e8532014c9ec14c874ec0d1b0474b2d7c3af33065b243941d925d4227ce357f4907c7846094b3259255adc270e8bea049948a7ae369bb33a57833f64eb6849db0b62656e63686d61726b73
0100bae764c59d347bb0ba034a092a39d65300a754d0e6c296fc3356c7db0aaa41ba6f79441989208befd1ac6ee6b4a31155789bdb4f618044ce60a83a4f210ae0496e2d09aa9d0098cf398e792575b4733dca6ec60bc318e2c0f0d9086c6c6c6c6c00000003e88bd98c33d3af393d19671e7b5ebd657972914f930ef7bb98cd93e3f4f0efd97b5143f6de636835a70d6841643bfd8811bf86e964ca4354e413ce53c3586ed40662656e63686d61726b73
0100fef9e757d663d6becf197420f75602cf000d15d97413375b6302d29ea00a04227daf019c3d40efe91d658f1dc2bc5ddb47f8e386cd8790a77752ea41294e05f825742906ef5489a0a5303dab051b32bc8a6ec60bc318e2c0f0d9086d6d6d6d6d00000003e8e0816b555c9c4b962fa831312971bae35d1ad1f7fe51e7670a89d2f412330ae6f63d583edeb0d6603919bd5dfd4e25623487f9014f13c52d18ce1f6d781f820a62656e63686d61726b73
010032c1fa49c3ba9741397d9151aefb0afc00bee3d7ab61eadc3615ceda7a0debd7916a536db86423f773b863fc430959aa7e72755fd772d5511cbb884b6302ef5d8af13c5063df79518539c0313295c3f0a26ec60bc318e2c0f0d9086e6e6e6e6e00000003e89ca843d78392a47f22135f96db5f75150209352dddd7d8b9feb005e927972f1e0c369861f804e19746c75d523396616e607cff1854621e61aec9b535b5bb4c0562656e63686d61726b73
0100d562397ad54e2fc6af7b38ae5529f62500419cc06a5eb1f63b3802570ba1ca31049361a6788b52422aa536a52055c22a0cd1b05cb63625a6bc5d7265de3a399c8ef5e689e5db3cb24b89452ba6d56f5e036ec60bc318e2c0f0d9086f6f6f6f6f00000003e87d12910c40275d65b71e7ac983e21c18f5804a71fae9fec1db28fd5e765745af932a74a0a6774d061aea2741b2295cb534cabfb5abcd9ff0f86ae7578fd9370e62656e63686d61726b73
0100cc6e93dbb2a7979ad98b486ffbf38c7900e2b58acd5eb1a3e3bc2a0cbcd5ea2d22caa9c565b860c1d33251ec9fae3d1c5211be3e104d12fe1507c2b998b1dd2a8bdd4cfa164ad76434d9a9ae72010249576ec60bc318e2c0f0d908707070707000000003e82320924a63189091542e9981cb0152160d98cf4bc8c2374e77bf187a6f6934aab7265fdd496421618cc15518f32826464d3070257448aed78e2db22a1758580362656e63686d61726b73
0100ccb61cf30b17eb066c9913e06d7c69b70052a668dafd4c95455062a49d45b2ea79025386b9942266c8ecb3ebabb9dc340894ddb6a6be42ff882384eabfd2c4ed86ae98498e2bab4d570369ddbf9b78cdd66ec60bc318e2c0f0d908717171717100000003e8da86decb6cf9bd6210b6f72a22db904b4f9b6ee94edb6e62f451fc9ca1eb566c94ba32560294e3e4af163f10f29cdeccee8d6d34491d4ab7940f9e338be2c50962656e63686d61726b73
010054899ca19dac9e85135fbfcf06715b0d001fdfff3616e44603351a1dde9a8105c2d99a54f39cab2026c426c5991016425b8494dc7e36af726dbf62c0ddc4d28dc50a6dd3fa71aebdca83dc75a3f96e91ab6ec60bc318e2c0f0d908727272727200000003e83d9086e37204163358ce03a17ea5dc34ff42e8c1bb07a1b0fa0dad6b759cc565c4cbc41817a75a97efd85fa9eacadb9b551d1ca0a09453acc1900fcaec28d30362656e63686d61726b73
0100e28c62c2e3aca3788c5a2a3f254b102a002c1455a9b6f0fd43147e32d27c460a92cceb192617df0f924c017e408504a32d9a348ef524f7bfa0c97bf44427053bfd388a4bb12467bea03d52a3fdf1e8c3bc6ec60bc318e2c0f0d908737373737300000003e84cb12bf4f94def0a7712f6ac3917036ca317b7c2d8501a043522545e843aa470acd0818fb39079e3e69c7764d50d396afb3447005b0a43ab924024a4278c890962656e63686d61726b73
01002ec0ea663a8b55a5a8f9a52affd95f5d005b949d13ad75a9d7b2afa2dfbef7a64782b5323953d52c1329bc8d5b00d6b727aa22cb5e099eff8e0efaa58e3106b7b20dbe515877781481474dd3436cef27156ec60bc318e2c0f0d908747474747400000003e843d5ace8dbb182657cb502135c3c3d2fbb5c28019a7b77bc599fc4c3efad5fdcc5bf5941cfa049e0018e1edf025cb9e48dc2153bfde72359dbb07f038a8f980962656e63686d61726b73
01006a5f4db8088dd55b38c5788966632e0500e0dc652f8ed028ac8f48bcf638f35095052f33703cafa560cf69e6b882877f7d581ec90412ad0c47d797f4daac2d8687799a9c518d0b2a94f7f41361420fc33c6ec60bc318e2c0f0d908757575757500000003e8f081c257b0c85b5d75a7314aa7faca94632d517bd61887524d59d0373130ce0a13de6773df0e7d2fb0cd161820733221ab273468580a1a138cf6616578df9b0062656e63686d61726b73
0100e244ccc178a98241bd3392e0b771813f006dfd3d2f44306491266f555c4e29c02ab9246b1124eae8ba206c15158a65ee597c41a68fd86f6abd51648723c6a06257867b27db85b52dccbdc5fc1f61bdd8796ec60bc318e2c0f0d908767676767600000003e8b1bc523431d5f28d06d019495246376ec2806818d30806f16ef5c8dbfb1bfbc9e515045541001ebbd9ceacf0233d6100cef035e7bc69b670fbc37f8d4a94140162656e63686d61726b73
0100a1541ab128936c6d5dfbf743518ef7da00f72e603ac0eb4b3756eee2471c6f028c0674168e1ae6c88992c7c91616ad07258f90fd6f7cd6e2b722eac0367c436f195ec551e579b75970ca508985148364e46ec60bc318e2c0f0d908777777777700000003e86baa42d96f33f9796e4c4d30f88c6638684042b0f4c23f10a96874d637bbd4d4cdcd41c1e0d0ac49370db0679ca1a16470da51d8b1843e7ad9159aed0168f70962656e63686d61726b73
010034366d0331b85cdc5979d18fd7d4b2fe00f8e2316c5817167bf4a559089c4c3137e56a91ff69a0d36f58fcd417818dac17d0055590a0ccd5dbfb9bfd486a1ce3ec66edea7b6c40664dc7c3838b966062696ec60bc318e2c0f0d908787878787800000003e81490abe986020606e97ff900cea7f81ec9d3f106f74e7afeaeae7c8f805e433d609ee0184a4e00938c4f747775d69cba10220e3fe60823df58cf231fe83d670462656e63686d61726b73
01004eca23e265ce66befb56ed10e0be1cd900f20787df101ee7618c6539acded9b472bba23af776d98861d4e8d8a89ec8d672db6afead292f0dd8d3e75c181ab11211e9d13c12cd7f29270ce9a4124a758c966ec60bc318e2c0f0d908797979797900000003e80567f111022d5a6e532a7168d57ea7d8af2dbcd174008be99c2356d5a4b07982fc5aab6f815a2f18f04c43a24157a7f1ae54cb1c0e856ae2357739d6f067a20b62656e63686d61726b73
0100c886a5e993aeed36f1764e89f411145a00539cd17155fcbaf8c79a8ff81c78bbce3a96499cbb0d808c094eef865a661907c80823a7c3a9495458d00c3769d3966de0e29ff843bd1e14d7bb3e847ffce7c06ec60bc318e2c0f0d9087a7a7a7a7a00000003e865d412227d75dc24e546a8a003a693d6b9d44d81765d3a1eaf9c2f4724a08a616780e5f1b21fec9afb94f46d178b753304be043bb96a042c628e3034719ccc0562656e63686d61726b73
01008b9c9e17a5d3b3c88fe4fa3f93fb60bd00106907dff8309a5182ed9c16b7fc6c890df1ad3b195c54aa2ef0ccaafec9f1169744e70312c21fe972cd60e90e69b3d71156b6cc3f11593975a7e3725ddfad136ec60bc318e2c0f0d9087b7b7b7b7b00000003e84837f2064a66d5fe7baffe31b61d00c844cd8dfe8602a91cc394ec2c5e2a70043c09606341d4c5ffee582064681f8a5ee4ba2d3d9b6d2aff72a4ee7fadb99c0e62656e63686d61726b73
0100f6d170032fab237cc4f516ea369477b9002cc73efb3902a71b1ac75babb724919d1d54b40d22d9be67bc1204d046fe2e126a31602a41aea7f8eef7ac854fcff434f828854453d443c555c6eeb66b31f6d66ec60bc318e2c0f0d9087c7c7c7c7c00000003e8d456168f39cfb39bb19f2a20c8eeb018e81892c6961246fe7d6d05de2abdc624505581fbab8bb5c70d0658d2d849d980a11c25ee508d3f9f7e0330587b6c100362656e63686d61726b73
0100e74c2410d5e7e9edc30b8c91e098ed9700ac13e8b6c3ad2bc0c85cd4786bc0723d44caa43d159137980f5e7d6947677908b553c8e29ba4973a9514404b8193d6bd912212bdc7d62100c9cd87e64f57ab086ec60bc318e2c0f0d9087d7d7d7d7d00000003e8699f199c83dc05b62a10d35ea83d883fc5ea051ae6199ad404c9747d38d95d4fdf1f06f2976f0b87de232c5fdaf87f28bf7850bab2fc6ed2bee4bf7718e4750b62656e63686d61726b73
010026f95ffa3c6194c1ed5eb72eaebece7d00da25fee7eca23c7354cb8b6c5e2f3bdf5f4282c32863d48aeb83f74432d86f4dc06aedbdbca1458d6c5eee5cb41ffb5b3c3acb98ad7a4957f82c94f5ff2d68ce6ec60bc318e2c0f0d9087e7e7e7e7e00000003e833087c70d5a6bd4d9642296686afaa1ade0651fb987862481d7059a702473fd5dd98b29e3013ed90bc39dc58729cba7ec41d555b08a778a5659b98cc86c17a0762656e63686d61726b73
01009ea1d8deaa5145ecd79a16f6f32ac88e005ce96a89be0ecb013e8988ebee617ad7240dfaff177cf4d2fdf5c6b325ae103e7bdb4bbe16c87e972b588bda4ced1d06b38d0b91e4773624414f35a12e4843466ec60bc318e2c0f0d9087f7f7f7f7f00000003e82f162ffefa6793f3072ce49415ab0eac912aec218cb6b20e21005f2ffd7a7989884bb26bba078a26e4931c1204f674b852408ff373911864f06433836fbc490362656e63686d61726b73
0100b3754c909f5da95baf804d51eda8fc45009513a4a5b1e99ebe3e59e943058c8b25cce9edf718b8fc104ee584877fe4b266674d78ef51ad7f6483fcdc2e53938e36f761e2c1799c565183502acbe2a089516ec60bc318e2c0f0d908808080808000000003e8ce88a76c87db0c21ee35d8a7fef7eb6a3d89d1bc9c32216edfcbde5b31ebf5a72aa6748975cdb5d4ffd0532a56e97519a2b7d766ae0901cd9b5598664720bf0762656e63686d61726b73
01004d308a0453959afa1194be524a5e02a0000ba0b0b3f35997a5feb3f51562d24be745db1099a6eced6edee05b9bc4a997023555b23d31c47522f8060745b11aeb87f2996b20608b54fced5739f349a4ebc66ec60bc318e2c0f0d908818181818100000003e827caebe5bde74ecd0ecc2fd6f22632a8886ebb65a76ab3ea28ada5d91969854144ca54593f4065f20da37c8e5205733143ab6a0a0ec785f0a0a49e6cf113f20c62656e63686d61726b73
0100bdbef5c68cfc02c402cbeb63dc7f278700f77a3b8e43dbd1bbd17c9ea624d80e3f5a84b0909874f7d7105fd9c02d5d766a487ebe04289473201c463c19ae1de391c651187edeb07950cd68078c0c1c367c6ec60bc318e2c0f0d908828282828200000003e87eae3c7dc3ec2b2dc02d9af50b493ffc0feb107f496e5b11085f7e01472d3e5901b5b5f2d3e4de2561f92fbfbeb751f73f88522dc242ce01b709d36d5f1d630a62656e63686d61726b73
0100b318294fa6f9d96f71e01a2ca75c7c280067aee6e500262535f938559028dfe8e0369a90ee2b70c2bc9abe3c8c6601104172d0eb42651e4838e76e707c5f8b515bfe9207342f438dae8415adad0e5f03fd6ec60bc318e2c0f0d908838383838300000003e895ad49a90a4b5b2d4fcf9ba42437a6645da0bd6d9390c991de7031167191870373e60cd427dc6399bccb37a0fb53e863f5683326624aa591d9000b9bfb1db70362656e63686d61726b73
0100a342a4631dfae7c59b1555762452f7fd00173c15783035da163f8f578dc399987d50ccb4e71e4f6968fbe96c6f81e7b41202c9523b23dde619b5a750bc6b61e1fd29abcf8ec247b648f296be6ad45f9a3b6ec60bc318e2c0f0d908848484848400000003e824675e2af6e8c04b3ab28ef2cd500880bf053f898e6de0f2346b3ca04a646ca0c1756f2e9f7599a29d8cd0195f045dbf55e08fa7878afa7ce3f7033df3d1b10462656e63686d61726b73
01006707c6270277380d55fd6dbf0ebcd262008fb7e4e0bac0e6d46faf19e16ef0dabafea496855e93c08219cdff1e1f6ac624c0142a69f2e92584684c592e9569f4b7238a9c46b24b329509d24d76267e952f6ec60bc318e2c0f0d908858585858500000003e8d6c7bc5161879b9377051ff72b31d22553b5f0093d1ac9aa31a18052e740ba59c94c184057ee08e4e6c6e9705f69591f39e025feac922c423c82ce1a7624fa0162656e63686d61726b73
0100ac6b17c5103789bfa2adf825d92e97d200c7e5d52ad63a8d5d72674169dad928109cea12da9f4b0dc48d56c0e32bbb261c09c13ae390e32cb1977d489475d78f75b5ac236ebc9ac8a3dd02c1be890e07066ec60bc318e2c0f0d908868686868600000003e89a4b76199e7f24edf7b4cb226d88ceff0aef351e53086349cbd5806f1fedca9da7b255906b3119cbb0d27cfe1b9f79fd2f5aa2755f555d2f4f3e5eee045f0c0d62656e63686d61726b73
0100bf4d242cf2fc70c56cc24d8c45a37ce800045fe895aa7250396b1ac9c6e3df65e1d3f43f7d996d80921c14f6889dccea1543eaafd2137f08a4bf7beb48c394cba80e6b33e5a7ed865759f59e4458c946f66ec60bc318e2c0f0d908878787878700000003e8af1c8fc4f0897cd1b62068b31ca8ea01599347772869df95ad3f217000d7abdbbe4fee3a6f33dfdf3bad50e05d471e4c9f0126418c5e0be8ba94a402bd78910a62656e63686d61726b73
0100d89d81d7d09dbe8b84cf42e6346bbf840018d8454d7eb8acb7384780a78f08e4229db08fc0cc7707f5fa6c77877f3e946f5fee81dfd178637f1ddefa3bb06a66e930c04dc442231ef577a62b2c2df3723c6ec60bc318e2c0f0d908888888888800000003e89c75d26b8210b2e60a151212ad4104abd84a8c34f62410a52e849ada38ebd5b2c97268a467a20ee9713a4fc8fe03b91e3656124ad64c44a30bd2ba76750beb0062656e63686d61726b73
01005441bc07bdb9f20e8629fe1d7cf5919e00ca7c955e36f8a1f3be5e6fb2f9b149de43ec7bad1d95f78bd3510a52ba4f781994ef02e4aff325e5f360598489280042ddf92643007e4f6bf6822152ceaaac7b6ec60bc318e2c0f0d908898989898900000003e8e6eb6a7eaf3510f92fdba8ff297285126ff368c2ec99b2f85f4b5ceb228132b6c3e79a5141c58ed0a62dc5c1aa69476609e0c828b5bba886c6e47aee543bbf0262656e63686d61726b73
01000efecf467c7bf86d858eb678d74dd295004eeed2175e4b661f2eb8caa5a9552593f9f8c2c4adc73b8872d80becfb2ed63068888de9979c9e44096aa431b294d929958f8e96124a42a45ef536aa33fb78a06ec60bc318e2c0f0d9088a8a8a8a8a00000003e836203ca31574c06357f54bd4b61bc4761b105ba899b4186025d4790e9bc0cc3d9a61708065a497be64f88a76f8a866c41ff4c8e977ddddbc8fe5d21769777d0a62656e63686d61726b73
01005260c826a1e8cdb4b7cce287b1b9e106003936ae9b5a5ae2a1d7abcf33f2b40aec8a639dbe5dae0a48f34f60b190778c41465f5d2c87e7a36ae752d218db6f696a4e3f3b49a74c0e38080d531568c6253e6ec60bc318e2c0f0d9088b8b8b8b8b00000003e8c9c1cbf72abfd1777fb869b56fabbfb34dd56eb2f29f07c8b3ff6a8acc823527b5b0985bdc0f039bf020a3c576317186ed5733f9ba66001f2d25cdd41ce75b0162656e63686d61726b73
0100010ced76b2286be332eefb016a67cc0d00bf91dda61f4a5960e72b075b10c5112fadbb0d0e183b713dc73f7fe2e41ff54e81065d21c0bf05ffe9d012caeb0e9df294dbce29e6f87566bd89a2611cfafc376ec60bc318e2c0f0d9088c8c8c8c8c00000003e8cd80d16deaedfe8b0fbd10e0ca020d28fb7bc729efaf7f657c6e3f39395b142fadd4eef975698c8c14b3f27df5aa6f16b96030cad8e707cec5eafbda75fbf90462656e63686d61726b73
01007596afae962d4b5588c753cff7f4eec00003796edbab540bd5c840af579bdbddc1bac1ce72fc61432aaf2e538dc4f0884f109fb4b337a02baea01272bb33ac38ca988c685eb81da9dd8d28a8068239519f6ec60bc318e2c0f0d9088d8d8d8d8d00000003e8950789cf0006ed363e857aa875e9770bf7d30afeed6edaca920ac5d88feb5345c9048a8a61b96f73ec9fde35db0fa1d534804e52d12939f3743bb49e4e01800562656e63686d61726b73
0100d2f2876ad541250c772582d0b5ee6359000de93f2cad5c106615b4b9d264c616fe34f201c0f5530022e7b5322a8097b04c283686a11c29b1e2bca57b2699a0ed9498b011abecc191b7c28b3004e96963bf6ec60bc318e2c0f0d9088e8e8e8e8e00000003e83694b9469b62fc42ebc42e6b06ddb1349bf8197d28a66fad4d9b6ca4320421b447edfdc28d6d9fb3b049db146b8693f4efb0b14694f43470b1c5cc4a27b6f60362656e63686d61726b73
0100c7d05033b89ad766b729bb359146c6860084863d48ad053fbf64a18d55eaca126660a38e311172de90d64a11f0c623fb0d5d50f6543b559644b77d8a30d3cdcd1c5faa59fd7149abd47bc14ad1ea9fdd0f6ec60bc318e2c0f0d9088f8f8f8f8f00000003e8893d7cd7b929e105ba12b986951d91c74e9b3eb60c024da5262b9474627b87e850ae843dd680c799e763c4402e64719eb9529d43931ae755617f2172e8ecef0c62656e63686d61726b73
0100d3cda68d3158829fa3de966408488fe90050915881d5a5d75185314926841124a743e603d795dd85ecec15d5e843ee023beaa76c168ace8a2bed242e3b63feee6c25320860423a64c9afc6dedd3cdd73a56ec60bc318e2c0f0d908909090909000000003e8c74fa9cea4014046cf6aad80989536a2feb402fe8305827564ec6cb414173f51fee18428c6f0b113ed42b2e5745de87a8ff2ba71f0baef74715931e2d918f20362656e63686d61726b73
01002d11c30b5a1df697b206ff2593ef586900fabcf782ebd0758d31af9745de778e0fc3a26fd76631b5a08b006175d00ea76a39d82464e839b2ec468d72de0c2452b57dc3e57866056be2c3652983d9a2b0126ec60bc318e2c0f0d908919191919100000003e85e8990e37de409717920d2c91c28f4c82257fa2048505216bccd5b15d73ce705938ccb1708202c75c749adc76b3ba9215c9abbcc9a0917c2a403a85f62c9d40662656e63686d61726b73
01004c12ce24f36799d70a4c7481d4bee0f300974f58a2d4f5f4f1ade3860c113efaba73f9db13d6de5e807040e9ef74590a3f5e1c3b4342b8ad560b24473c8d89d91f132a186199c9cc2d3c64fa1d3148e47c6ec60bc318e2c0f0d908929292929200000003e8d175a4aa43bc94fb1110b65d37d8a07f353db266e03a7b61b0d1b998c108397ba8fdd40b9b1497b120c8e2e5b82a26da124c81e7019d2b39f3853711e2db6d0262656e63686d61726b73
0100c6fd8bf2f75593800dbb38704fbe12840001f126b7cbc95c66751b82262a42e48a27b76a8609b2b57248d769fcc23a673aa4d1200dea1a13add8e1f42308df95baf88cd2a74d69228d24c2e4eb53a8782b6ec60bc318e2c0f0d908939393939300000003e8c0421e96a0e385ad6f857a499f4a825644e27664beac4bf38b76979d7ecdfb70b82e94aeb329b68649cad6bb5887465e64fb4d4d901e1656c18b4c902b58bd0062656e63686d61726b73
010040fcfece58f0ac310c261628aaa2f95f00d45539e582d063b0509cafa67b45f11b4eef0df7a993ba6b27d1b9024b2d731a012be02ef89db7bfc8da54a01f407526373f45b4c713db71fa0c16ffdd21075b6ec60bc318e2c0f0d908949494949400000003e81f390947ba5a0a493c0ee81f511b65a83605cc9e0754c07ca31c3778b94b8237a106394ccef8deefb667a96a5965e3fc3ebc10acdb95e53c3bad4b8c6ee5470562656e63686d61726b73
010077d4eed68c0009b92f1bb1b6112615ec000dd85afbc7d39a201abafb7f3b31a46cf753d1a26e42b730c6eccb7fe4c84335c1356aa452d812ba1625a2865fe04b0d9fc1c83ac5dd7c22b62cfc4b463de16a6ec60bc318e2c0f0d908959595959500000003e851d7c72383fbeeb6cd67dcabcba93d0cf93e524ba641178cc615c89d14104a75b50a60a1b0342ac949e7faaee5b7da404c6b595badfed765208ee4d2040dbd0262656e63686d61726b73
010075e644192676510536489d5d9dcde79e00a766086cd5ecdd35d73af8ad11187cbca7ca267b43def73f291caeb7a8169704e44d000c97910f7202bfe803db6f331941e39f9c0010789283e444a0b87c54e16ec60bc318e2c0f0d908969696969600000003e88f857be6c7a5389126838c54b5fd7eec9b236c83b0a6e0476bd8b919a7b1c9993a00cbaa2882ece58b08c191f8f6dfce180590a75e3c0276d22c8a70b06be40362656e63686d61726b73
01002da7afba27eac6080ed432f86618fbd000b3dc298b02601697b955e2cbe425953bc8ef471af9d2515059c7e7e0bf03c31820ade22610807fccca9ecbb6edbf0e00602eb6b165e5eb0c8622fb8c441da8a46ec60bc318e2c0f0d908979797979700000003e8e3a5f58da3e7cb1cc765c49938e5939a0f3a6e41e5520097f670d40ec98fd69e75837eb4a6f1b9ee1864fb463c090985faf10ba969ce52f3b427696f5f71150262656e63686d61726b73
01009f509894a5ca07d57bdd1d454898ef3800bfafc19dc9548911dc332879a66ead84ec9202a9b1dd902154cadfaa6c252f1def5ccd840437a44f218f1bc71f2f691a84de567e6385412a5653eec73104d8a66ec60bc318e2c0f0d908989898989800000003e8316c308812f3948a6ae7cfd05ac26cdaa7865dc5a72c819afbdb04e44a2ae6036da095421a98fd7230f690b3fd3ed4ca1ce599bb0dd152df9d7a2504e5fa640c62656e63686d61726b73
0100222d0ad458b49abd5fca9a210ed5bcab002db749e9fc7eb7312389a5d0b9f6be9e202be5aec41fbaadeea211c08d8806619723dc16917e90ef731b6395f0c7eeb78b160171da73fc4c569db5ac4fc44d856ec60bc318e2c0f0d908999999999900000003e80aa6b7510dcc94ea4a55f3991512560d2f9491a173e0a8248d256617da110da4e33e1434317a84250e0ed604a0be326e8f78ce258fd1d5a6f828168255326c0162656e63686d61726b73
01006be0f8ee64060784998c9fb75baea50600d2d4d0080dd6b1b7b04edb0ea7c08f712d55abf6439cb227b4e6a35019544c1bed2ef358a48040b0d0065dcee197312fc5668bab55806bd749408c0cfffc00f06ec60bc318e2c0f0d9089a9a9a9a9a00000003e8056154041edb38f62d5064780ae42f7dd2a68342c471bac05781dc2a2f9e1349cca9a53afab9ce6be21c2bd114a24fcf714adec4f38b28661fe2d18579c0ae0462656e63686d61726b73
0100cbf2583af0034bc3de1c373dc00a773200b29b8fefa3117cf2d7a9cfc8b4f5a18687164d13f14bc516b840414954c3b47a18a2e67cab994b48eac466c668f909a8251f3a16f3453b876e271d785862569b6ec60bc318e2c0f0d9089b9b9b9b9b00000003e8c2623d302da18adaf4daad4b78473224e5a7f1abf887767bec4c85bd887aca06a16066d3ff6e0509f3da61243c1fab552a536f5a518598334fd3ac5b80f37d0a62656e63686d61726b73
01006c4820338a4d412db1e9e03d86631c3400b565ed8044de5e7ce765d406ec7aafeaa33e2adc34559069f2892233e6603f48f5bbb25d30ad662f0b7c223a04b2bc33a868ecad0cce7bb2d4ab6c09ef32864a6ec60bc318e2c0f0d9089c9c9c9c9c00000003e8c5f9b37e227bda37e68d34812fe13fdb1533078ca7d7be573387b0cfb0bef04b93eab8c5dd07b79987b0d6fce586cc5032116095394efbc11a3c5eec34a9960562656e63686d61726b73
01002fb666e1986003218f5e9687aacdf32600dfcebfcd459b4d1ddd9b636f899a97f5f352f7c1c09ba0f1b659d314f8e0c10c76b2b2b1b9d508f96032c4f8cf2ecd6ebfd14365167e9501370c609312d17b8f6ec60bc318e2c0f0d9089d9d9d9d9d00000003e8faf23f0ff03566354a343dc349c229bfed5c69647605fdda203d1c7c87cb843cbb752a01a38e3859e78f2da691fb36524e94756ea75fcfb87e63209be194dd0362656e63686d61726b73
0100d99515d6b93c58cded040940d6261c200080677979c1f63afc52fe5a56d85604875f22d159ac76500d21bef748eaf33a57152b67d090022bc877f5711b59a0e95b4c9743469b8a03bd176b78f71cdd84f86ec60bc318e2c0f0d9089e9e9e9e9e00000003e8d333331be82603cde96cde73da95b5f03a756c3783aa30035105dd048a11f36f8becfdb61116dd4d68f07d6c6a2c83bac1b6a5da3c27b284b67b1c8b3769270d62656e63686d61726b73
01005eb5d5b3ef8374635e201a31b12db2e500ea75c3c703037112b6df2ef1f44dcbbbe4e60132b773bf17ae43a7c5d62e0175f90f3dbb8326394ca4de96849f8e657b96bf3d80cdea8e6ba3597380084afb556ec60bc318e2c0f0d9089f9f9f9f9f00000003e80426472ee489d25c5ef89028389f55fd51c39aa2c1bcaf5ee11c228d3fcd5eece546e026a7d5cd72d4278637b0dfb223fc45cc622136304c34316235ad72070e62656e63686d61726b73
0100bf62138d0103f1e997cddcf7edbdf5b00024be08ba6225f1c0ceb649bad197ff53c692fbf801e43f94cba77b1e62c76a2f55db72ffff9584665fdc5810b91795f0b0a34eb63fe76b028a50cf1952b97c1e6ec60bc318e2c0f0d908a0a0a0a0a000000003e88984c3ffd05f9a5af2f50647b4fcfd6de9a4cc3a3616a425b4c90fa80a260a8f5482fab6293e7ab1805bc71db2162846dd64ab13bd01b99d17e49013092cb10462656e63686d61726b73
010000e4177a9d83cfd48fc384f162a0722b00b747af0b5912e9da16e4ad7743d96f17f366fb0a8b4f3dbf16bdd2bd67729505bc6ad10876da9ea576dc03eda32033fc3ca7904114d445e8edd9f188629ef6fa6ec60bc318e2c0f0d908a1a1a1a1a100000003e86280baa0e08cd60a5f93edc48bb8a95ea1c68aab75e124b6742e17d59e83bb511af64355b460448d75bb8abd47611bd7647dc3068d4ed9958e70bbf660fd1a0d62656e63686d61726b73
0100161ba4cd7d7e1dc666e4c1b86845412d00aba396aad3471ec0091d8e2060d189dfef5ea19be99700a465d00e34221273197490924029fded9c6b13fd25c3d6ef048046bc32a89e82b74e001e0e5ed646276ec60bc318e2c0f0d908a2a2a2a2a200000003e899173b5e4e402ef57f9f90f87d35af1af747e15451168f879aebf9fce0cda68b6d20b093f63be3991958c9aa760ed59cb1bab19acf476d01e4347b13a1c5ed0b62656e63686d61726b73
0100ac0076a47367e8dccd85263ade4043e4006e83acd92072cf429e4deb992be6d985d04575f00f4b8c87a113e0a82dd43677a8e0414f7d35b22cd22c91fdbad7c74a0f42f4723e35bc508c9ce51f13916b5e6ec60bc318e2c0f0d908a3a3a3a3a300000003e8a5805fc66fb15cfb42b0c70196e37772dfc90e8702f1649871baace9f89a5e4598e21cbb3d8333840b13daf4547d0ad079a9f56a3ac819deac41a069c3fe360a62656e63686d61726b73
01006f23850939417a81c7b04e3eaca30bc600221e3093fafbdf546ba7134938a90faf034bf10fd86b4f9ce07250007732b03908bd61db00624fe3c51827456cf5914a7ea7d3697dbe4103b454e311dcddc8416ec60bc318e2c0f0d908a4a4a4a4a400000003e85935bd831fd5719fc81c3cea1a52ac4cbb25d112691e893b96203f01ed5875981baebca0a0e1867603cc29dcca301459e4656805458d1cab83de2e45bec5c50262656e63686d61726b73
0100587747b234b85852ece21294cc3e8e7e0018220d5bf1ed8af45e74faf3a433e60746c6e18c5e4c80e71433280aac432d4a0de65ddc79b68944b1dfd8620f5b478f00da1a9b1e41f247183c1d35a54edffe6ec60bc318e2c0f0d908a5a5a5a5a500000003e8d7450cf1f5290f12cd268401861754eea498ecf96856d1cfab58e7d6b7dd9ac65322397740c28ca0c149dd4fa1ec9764f7dcbfbd3099cdb140a5210395a43d0f62656e63686d61726b73
010070036c056c7512083d8f42bc490f8df300ec8916d92428ef688c6c23f190c37104507cba3025ce4d057068b6abfd87790019396fe96a615febef49247526b40e9b1e89bae392ecd28b335b2f59ecdd13f16ec60bc318e2c0f0d908a6a6a6a6a600000003e860206bd95ffa1c9404b11d88003f2fd9606f1dd7b31515c716d2993de9d895766545a69fad430d81e7389206da387d76f07f6b3454b7255f34590936b9e57d0f62656e63686d61726b73
0100599f9cfed05411f49f8ab9a38bece645006678997ee3a89b3c1e60fb5690a39841e3a8446158854cc163e8b7d246989d4ae9a65923867bab23da5e7885e80635cbefd3b5066beda8116e2c67a9f1eb65cf6ec60bc318e2c0f0d908a7a7a7a7a700000003e8efecc3f0763b8edbd61d3a35db4186522977354f04b72ce6de0eff3e2b5dab5c52e9c45c395cf382bf1e44c0294e1a0e974cadf5727bf9edb07f365b87778b0b62656e63686d61726b73
0100a16d9c49a9cfe1d1249ead88454787b30044a32cd27e479faec372ea221ddf919fa2e7fb9ef99a770903b3d3358854c00a048dc48bfa1267b3acb569de15251589ec774c8674bcb9f2c55d2131cf51eb9e6ec60bc318e2c0f0d908a8a8a8a8a800000003e8f6176dfc778d8d94508ee703905d0c316d7e4d4c8d96cfec0fbec7b67103a0903ae587e14dbdf4984e1e84168992af6964bf3bd67edbd5ff15b28404b1bbb40362656e63686d61726b73
0100162bb86484888b4b0c8d635ccd5fd540009610a3aae0018db751687eeacb932a39ec29e547ee1bdc3e1ab7127477fd6340431ba423beed227f9e8bf20c1356fa525a3996ce160a1404e512eeb2cbd9e2b66ec60bc318e2c0f0d908a9a9a9a9a900000003e85ed4da15f29eb679a82ae6756020a3e6ff13f798b77b1d31d6b0c7d71c2e6546005270390b6d750269a5e4c3a8b7194354002478001261891d8568637dc24f0562656e63686d61726b73
0100eaf9110b8e4f439f9444048077f6779a00dcf443125a3863215c888b8ea88b4966371dc5817249ce65f6f8c22704a0774b2de06c21e1f540cede48fc4434b4646f8c36c4aadec90fcb720a1b548bcc3e3b6ec60bc318e2c0f0d908aaaaaaaaaa00000003e81f1997b1e444af7a25c2aee39897d470d253d79afb75bce6cc1403fda6383a3dcc8186b91141d442590301d41b3515ff79d92124d1115c883c5229e7845aca0362656e63686d61726b73
01007eddf7b03e6e12a76853f5491870ac9700f4bb7d86b6e376c0e06b5286b0a03a473c9c8b3e6a472c757ddbb64a7e17a1052d4402e22cdc647f1e64bbd1c2a8bc56a2e953ecb3f551ec7cd8c43e1d4147376ec60bc318e2c0f0d908ababababab00000003e89f721a099c40a317c15e4b24fdbe1837d801bda33b7bb184608f50ced7ba9233a4145afea85780ec0638b693ce53ba2bdf3099e77f865a8f687567c42f2c630562656e63686d61726b73
0100298eae45b480ce0ec37c5365f8fd500500fd34ce38183be34f7bf3c8babbd933e1488ed59f5fe969096235a6f5ab63620a1ba6dc8a6835bf224e258bbf17387546026403abcac6b7c2ab1c0d05130452d46ec60bc318e2c0f0d908acacacacac00000003e8dfeee02ce758c3f632d87132ef588eda3602a649c1d5c4267031b80fbca7e8cab21d70c20f1a1092ae952a495429739326d0170afa239678cd311f559265ef0362656e63686d61726b73
01000421cb4df04ef68ce7b28003368c24350035bd4d20dbdbb1b145712f76c8eb3e527c88b7e7cdacf28252fd39f292321a241209e12470b3069f4b2a0bda214ca615250323f2d7e0765a8b209ae36b3918f36ec60bc318e2c0f0d908adadadadad00000003e8c82439f8ad62c642f66bf231fce8841faee86df58d9fe79e23863a009caa5de1617c28225a251244485615043dc02acf2e88fc6a80109d275825976059fbe40162656e63686d61726b73
010075ef9ba9969ce0f549d744c35b31add700593f33e58158f01332723d9bddd4b3e917fa0bb45319766bc5e748410607920d177088d1116c8ab1c7eb049724b64dc9f8c9febcf221129962920f271cee92716ec60bc318e2c0f0d908aeaeaeaeae00000003e834f9d9975f0cdcf7a38c075eab23211959adfabd45fa67722b031b1432ad9a923f666faad9bc79ba349f16be42f40d28e30e71cf71783d677d5d1577d57afd0f62656e63686d61726b73
01005530fab4d6f24a37ded87d57f460e5220004cea4858f705b4ec0336dfade2e107097bb520d50516889272fd88c4aa2614027bec535e9d8c6bd3e803a0f546a0e1154ee83041e991cf97fca724044c5eac06ec60bc318e2c0f0d908afafafafaf00000003e8f7625b8b84446c82296b196f231b37da3d7b12f6cf1ab62e961aede6399e4f68c2474582b5ef3dc7e2160a8c12022a088b4a2d98a893eebfee12bc431fce540962656e63686d61726b73
0100198849fa4d74564ed3cb5ae81d2e2c71005402131cf64be343b63073d97346480b9f21939789cc32e4305607d8c0b22118c144dac06df405c2d0de72e1801779a0e8414edbaa544d3c26a3f2c3707e83a76ec60bc318e2c0f0d908b0b0b0b0b000000003e86137f7fea09e972ceba5414efe9301f07b770c28fb643ca230b0db2001264419891feb62c2e2a268e74e3a0a45c3f6d106f3d7640c024c32c3a4b29f5587690d62656e63686d61726b73
0100214173a2f5b74b5407c3be19291edba300a142e80965e802f25c668e3d3a144d655b89b701f104b6fc1d6791eeaaedab365e2ccb1d70d89e7290030f71367b7cc84d45217f7191eb96d1c785a325bfcfbf6ec60bc318e2c0f0d908b1b1b1b1b100000003e885931d6f15a88dd5fc3601168e142f74ca240564e14480616ebb9cadeaf8f73d992adcd5aedd883cec0c425db2aa85e0c1ccb05d951032c827dd65a324bed40a62656e63686d61726b73
010014f3de24ba99f1c4fbede24fac719221002b2b72e87ca05b2b5caeda40ff7e3dcf95eb60ca5ca0fa2b6a932d8de9242919c4a4b3fba8d992c59cfc840968df5dbcf6a97cbe1114a92427492979c0c472fe6ec60bc318e2c0f0d908b2b2b2b2b200000003e86aa2137c55e24f5148326f0346411b819b858172704837432271cb0d69a4619777057a6a96e3c8e7fba9e68c18fe84f0a829ca353252045a3f2c679de035980262656e63686d61726b73
0100b386c9e77c72de4370a089a29b12b04d0041723d69800d6e4659d714004022af4130a4e6d3f82897d058b4c1cf629f7c5f88254e7ef28b3a2b53cbf190a1426c4c258faa8ff13b9fa27c910f1029d3103a6ec60bc318e2c0f0d908b3b3b3b3b300000003e8fb918ea3b1e87c2e9616acc71d2561bb284d2b89aea999c82f46d777d9cbb6ada16bf43abd7f55f642430794332d202f89fc9c29eee7b6b520fba8d5543adf0b62656e63686d61726b73
0100e655bcfc4b0952d57bade0a594f16687006f6b1eeaf65700df1220eff2ee66cc8939203b28b1aec0b7b0176147724dbd2c672c00d81ece2dd4ef44271d272e10f0519a3a6a7c3017148ef6b3360bbaefb96ec60bc318e2c0f0d908b4b4b4b4b400000003e85bcd59a75c445acc0ac49e8eeee3cb542feb0945881898f039c70270919eafae482e251f48f0cd61b5bd538d74b5809c896a11ca3c32dbe123c54102ca30890962656e63686d61726b73
010019eba4b431ae047f69ebee6934b6507700d7757829bf15c1e52eb64b8bdf681de4f9c9e5acc0075b7f573617ed58f9fc383e855e713b3dec51e0d436493e438c57498a37ba8f847bb31b5e0bb50d90d91c6ec60bc318e2c0f0d908b5b5b5b5b500000003e85a70af7404a094972512bce7fbd72e8a03e0941a02546eb8746a8216c9cdecf9cb9e9e30aa218d79e717ac89e7e682e4bff0c265c237c4fdf199eff02273f70162656e63686d61726b73
0100b4860243ba6ba8ef86af83866019b04500a1d7f28ce22390a23c0c3373943d2ca496bc44525e927fcc7dc69e024eca947a2f7ac50abe4be78e58a9455c3040f138809ed129a37580f079b59d1a41b6e7ac6ec60bc318e2c0f0d908b6b6b6b6b600000003e8a289f794ab2cccc88605657cfb087c47ad109e5ff294b93f674e5bbf24ab6035571e3fa34f93b8e98ea67dd81bd7044cf84e74d8c84db7e824c6ef013ff8a20e62656e63686d61726b73
010054848911bd21336b9dbd40f0e883d4a000b47535de0f570876ce8863580cb4c6287d0fda9502fbba1256129ffcdc3ba3246b213ff99aaec42ac7399ff771f5d553e0d59ae63f6c3fdb909a7a28df9b2a606ec60bc318e2c0f0d908b7b7b7b7b700000003e85be7f503581c4479b758714f4f512c6c0092be513094a99fb73c867851bde5a4be00a71002e13c52c13263b27384bb23298f8bd590240d325d0a055d2292a90f62656e63686d61726b73
0100e2efa818b576e2c3f14f96b595847cbd0036f69820a74f578fa41a1d9ddaf073bdd11d35f737b178279b133abd0250fd4d34fbc6519544be158aaf1460c3f3265d07a8bd2033675c5ac1c72c7abbf534e66ec60bc318e2c0f0d908b8b8b8b8b800000003e850426c8326b139bd51ff90341713dc9cbddbd61daee128e5019491588f2d0eba9a0f0cde53a76d7a6c3bcd1a423159417270dbdbd4e9cc2018a7265c4ca4a20062656e63686d61726b73
010086929046d516db46358805c65602ee6c00853078f461c0fb8861257543efea579d4dc8469f88fa0f402aa6fd01bb13a25c90a27617fdc5055beaf2a0cf389744c03d34e86ec3d6baaea37fa346c1e5975f6ec60bc318e2c0f0d908b9b9b9b9b900000003e8e7cec21f63fd112f3742d9aae29ed2c9296035a87cd02dd280315da08a468114f0de5f28d5b86b20a74f6b32c33d6ac3bf2b3b19cfcf04946c40e6fbaad3b00e62656e63686d61726b73
0100b25081396206f7c148ae3c545aebfb6f00c1fb772189308c3562232ca441565e63f4a32164ffb1020f3cc49d5d404a7b10272aa3d0a6845f5b21ee24dd29b07cc905933f4e6df0729e1c2eb2bc9dc54bb46ec60bc318e2c0f0d908bababababa00000003e8f3098b4f7d6ae1bd2cf7e3d0e579e4217f1c5f533044c302d2612b3e6a45c9aced5b6c0823bcfd0d2f8406cc77d417679cf090d2e42e17f9a8ad584d711e670562656e63686d61726b73
0100082d0268b93d6bb355d8f10eeed6f5650097336a59bec7a9f8695cbf37c0d63286153526bdfb67d9f050419097db3553387036ff0f86676dc91eab3b846c160852b86834317aaedbf53122aeb7b33142d26ec60bc318e2c0f0d908bbbbbbbbbb00000003e825220ceaadbe6a05479e3521908e564d44dad9af81f06d22203301658e4e8e1e9af4c140a4a359ca3e83bde0aafb5234ba5972b985c1cf3bb8560e37726d230a62656e63686d61726b73
01000980e5a9be38b1f72dbb585c75f19df1008b9cb29fcb6f8f5622f33f784f21bf06ea043f660b5c14fe43a68ad5432a482824318de640b35643a07491cf458ea18158cd1e112b2ed1ebd84790d99328a30a6ec60bc318e2c0f0d908bcbcbcbcbc00000003e8a1a76458dbd5d9994b3cd9e9882bf5ed2894e4c637e6ac67d80d5d6c9849b97943947ba544405f69c67c1f48070114a3bfdd638223fcd0fa0da36531de83410e62656e63686d61726b73
010090c42650b95fd2b7f9677ca6263c44e700ae864fd7b89f86ab94cee038102f58cacbf7e603f30dffceffbcb4c86a41ad30455d9979905c4ac4de5959ac77ba9c8ef1e5a4cccb14d3ba2a33b7ae5333c2e16ec60bc318e2c0f0d908bdbdbdbdbd00000003e81c4bde9229a7f2a4bbc3220ad1bfea8808583f3990fe7d252875df3ddddba9603efec8fccbbf448e75906d776cdbb992db96c6cead807b43b8267f824192a20a62656e63686d61726b73
010090e71e905210c763a2938971ad8c891300396d0eedb169be172faa957ff07b2bf93fb50a278e260bfc2ab4b9d9ad7c4f0f98811a596851c9d076f5d57c77b5a0e1bb0d65f159b76a949752ccdcd9a25db76ec60bc318e2c0f0d908bebebebebe00000003e8e9cb289374c0d1836a9a3d337633243c72e5a35f1a67ad550da362932eb38bc9ab8e3cdf8750d6f8b07bb22ab134b0dc94a98773429fbc64bc55c16d2afd550162656e63686d61726b73
0100a69127a9cccc50f74b120e18eaa6747800211213eb63f3bdb1d9475ba9ab8770959eff2e2d6521243ab433abed1f916a0ee918a82357b7da3d37e631c36ee617c028a99658adea77b5e981ed03d32c3a6b6ec60bc318e2c0f0d908bfbfbfbfbf00000003e89c9a2067bbf072c26fba64e5744911d998d5600f1ea68d40598fad59d281a8a0bb738cb77addc3560ea1a6c8ff73bb14d893152dfb4c8113d676a3a2c2f0b60362656e63686d61726b73
01001f57e993aa1ee0ef63b2ee1f6006611f00ba0e0f4570fdf50386d579bc82c98e21f8fc671456e62dd093fb11fe61aa8c133f91bd253888447e6b09785a018e1d74467825c45664bfa76289a0827ab8d63d6ec60bc318e2c0f0d908c0c0c0c0c000000003e8ec945798359145e7180957b7be8b58a85cb15ab9c64614b80b71c2bdc2e02385fb78349646a1f067c29cb6ed7adabbfc882a01588cd09ba46c333395b77a160662656e63686d61726b73
01009436ae806b58cbfea0871b097870682f002d91001aa59bf0fef65dcd18ca488bc9d682f5e0cb6ba48331a89ee2b188c527d15e63ce426d4bdbf9253181d34da2afdcc1f8109488202de5acdce11ba99a0f6ec60bc318e2c0f0d908c1c1c1c1c100000003e8eaf179b6ecac1612f730d584ceb4368427469d2d36a5dfefcb6b039f470d73e5e468ceb778f915d78dcc6a56392da61811a446b6ffeb90468924c6650834ec0a62656e63686d61726b73
010094fa73571861638dc4a66e974bf7921000a1c4e553ff69c3ccc61fcb24220144f4f5de3633d3101ccb5b5175fd5daf200613f467496b01f719cc61357ff3130466c54bff0e5f74c435f86e8117df4730be6ec60bc318e2c0f0d908c2c2c2c2c200000003e8b18be19f41814d20844e8fa75cf0de17ac5572dfaa94b025907fa0f33d116cd0e07540633e115bbcac88194cdfe7e165d42ef69d8704e7e7ff81e10e7534db0c62656e63686d61726b73
010021d81d0827df8b19c7c70f9898f7af9600a6e3c805e0b94a57b4a86f75b651a5398b203529a6b90eaf85d998aa33b3d308e93e2cf0b27a87052c72d3bea6f7795aa6ac1a4954cee2fd76b8f94ef22242be6ec60bc318e2c0f0d908c3c3c3c3c300000003e888f84d6afdf13b8e29ffb79dd1a3c0375ba339a1a9fe7b46a698e1e7f055d7db382ba2f65d2ceda6631650ac728fefe1c98bbf03a9a3c526bb5ceba92acbf70562656e63686d61726b73
0100e5ca1335dcc2d381b6217b3b39c717d9004d5572380b165cd89628d38ffaf539ac6ebfb583c4146aa63c581f9840053f6db2ddaab021957c25ade9697af440aea4da041b22ab502f5bba69e9c376c2e9306ec60bc318e2c0f0d908c4c4c4c4c400000003e80514e10b0995ec6f324478b84fdf355a227adf4b332e7ccd6b23514530228c102a2708b5c5c07a91cf28490d627b4ef678f90537723a566eb79a95cab211940f62656e63686d61726b73
01005354325db4d50cccf5b5cc96db7396ae00999dc69c528b321f6c9f1dabc90765bbe2f81d36b8ea190d79239c826c048d03f047cad3aa72b1fd23861702738c19e004168ff2b88f38137022ea2f9c2df5906ec60bc318e2c0f0d908c5c5c5c5c500000003e878c5a8786365e47ee26c6aa3e493c3330dc4fabb497b155079abfa529f6a741247438ab7df556e8a2408c0ddd8d0ec35d4c5cde6266f9ebc679404e6b8a0580562656e63686d61726b73
0100d6df83927383120008ae375f4be983ca003b5093f46d66998daed5ffd576a4d6eb2ebf63bcb6abaeb398ec92b0c1184e77a104f31ac28b4b03150753f2c982212c2092fd92b9d48a03154c0f76d057df5b6ec60bc318e2c0f0d908c6c6c6c6c600000003e8e5e8df5024f46e59ce03bdeb296d0ade1444889daf8624b694bb59288990076951d34afaebeacc44e166d69cd81c726ff54d31d5a50b0af579baefe6a758400a62656e63686d61726b73
0100bf7d549b8e8e172a12b59b55b90fc0d100f27ec09f918e4fcc90419a7c08e23dd5322923cdaf81808bf91fd074f7656c6897588cd9fcf07579b96af1869e383e7836cd5abf04e8f26693642958dfb488736ec60bc318e2c0f0d908c7c7c7c7c700000003e84c878466ff3fd21898161c10d9a613882a407c36136c96e4d671d140f11603ca779bab0e7bf5a8621ccf1ecd40282036513439e3ef07bdfe3cb7d4e01128f10d62656e63686d61726b73
010079201d9d8d39cb168b9641fea772b77b006ef63c361152f28d79ada1e6e5632661ac389b58cdf1b502022b80bf8bd9b20342dc1b4b15f497c84dba095b23df5dba5e45f2c28d2ff0c72685bb838368f7f06ec60bc318e2c0f0d908c8c8c8c8c800000003e8251ca49abe1cc934a4484c1e84593a0ca63507451835430436d1cc6e828ca609c190985150d1cdecc0893ffca8f55827d2124673f7bd691a42e6b2bb53a4040c62656e63686d61726b73
0100974853c51260a21ef72c2d524477997c000efb58364f88c68bc37010cce9c8097ea0101251c0674f2db21c7ba5aa7ab259cb53ce2b4c85333ecf0cd774ec44713ebe06d3e3be1d468824ca4fddcd4dae586ec60bc318e2c0f0d908c9c9c9c9c900000003e89d2a7f56c489678ff28e65a7d893ecce2aa6a09a2216d187004f002863ded3d0c161aed8f7bb1c776a97bd7350b80574afcf8426af39c5111b0ebc1d6c350e0562656e63686d61726b73
01007152929fc79b9cbace79ed02d7d5d6a0000faf543cf6604ccc5a590575da2eec52479c0c1028940a997414712ed24b8b041b5acd7fb52959ed11cc09218020b30b5faa8b5f7d7cec1f92a3d7f842dea11f6ec60bc318e2c0f0d908cacacacaca00000003e8ed5eebd492d0d5ac8bdeeb1a28526c2edad491d0de98922582ac5202fc63a7c4e339ed422a04c777f210e70619466331b5da1695db9b3e1ea818432842edbb0562656e63686d61726b73
0100fd539e6996031b24ecae71a2abe0e22f0084321526123fc347278176a795cdcdfcf8de965fd1df78a29d5ca4dc0d95ca40fc96afefade6f9e94412f0c1bc85cb49a5ceb7ade55ad6dcfdfc737a220703196ec60bc318e2c0f0d908cbcbcbcbcb00000003e880a33c9fd16c92ff4aa9d39985170cdc7f4dc8d9061357e661cdfe1f28ba13b72218669c179b0f804b2b21112c6d9a5047d3c22d17f0f831e2b33cd4e85dc40362656e63686d61726b73
0100800b87b863fd19f1695dd00a2fbad5920003cad9c826eb756f5de93ae88995ca75679a5540c79854dce5f6ef8f567fb40b9903197c0accf0630a769bdd3b173a9e6efefd719814a57f2160dfb73e422c986ec60bc318e2c0f0d908cccccccccc00000003e846d9de85c2ff1c5d32411fd5d3aacd41149edd936d40d008c4efc2a4a08a44c1c968306b244da6a2a4f5c883cb13d932b5379997da6d131b35f61ee7fad41e0e62656e63686d61726b73
0100429190d184e11dedd5b8f2a42802d4b400646b8211d5fec9f485e4064c1f732b9d86b4fb6106392972f7ed1a3e6f8f472956acded68b07373d0230ac834d21988216b430aabd95c690cfc860ba30d669966ec60bc318e2c0f0d908cdcdcdcdcd00000003e87fa3add2660b1340a478d0fa1d57a8492b4a0aa8c3a2a30dc267fd2cdf864adbcff618cc26f56cf9b5b88b231c5adff91607f26cb1dcb1d97da46a0b6080ac0a62656e63686d61726b73
01008e6f47880d443461588c07b52a5723e100efdaeebac7c89490875f730d894bfe1c95f7a6d6c7afaf9aab8683e185412c04714e53b20b80d4fa03b01f3c734b0fde7a022e76492980bdd1a8dd38496033786ec60bc318e2c0f0d908cecececece00000003e8ad43c87c6b5ae63d6d67addb44573348e0ee94a995185fff8c34247b261b889f3ce9af10c82f12d78dbf621d5a58dadc2183ad005eae6aca956dfc2d7dc5d20062656e63686d61726b73
0100849b33c999608d5931062835863f592100825614ef46d54f44206e6cb056d4aa7c01b9e927faefc9b0c1a6f3ca63ffbc1984a72abd78331235b808bd1c4c42e370d78827c815c74d5c8bef4adee78534cf6ec60bc318e2c0f0d908cfcfcfcfcf00000003e853c3442562d1404b38a5aa121bb0230bc530cec0233d2d41acc749c63e1f94bc57825c60c36ba21c7d5c6008f9f40af578c56bd44f957273304d75c54f2b280062656e63686d61726b73
01005c68c4494ff784ed5c7afcf8e9e503bc001ba6d6fc5b34168305a5db8184872b3fa64d763157ea55757e92d77885fc6b76d5c9e0b1c31f359aafb9a8be6daaa38134c1f251d3159fb9fb3a2602761f1ab46ec60bc318e2c0f0d908d0d0d0d0d000000003e8d0f7e85c164c954649cc10f97df0461529767ecf1cc02a0c547c6666d934826eed00ffca7cab3a4f7879b0b0f7f0e533a147bae09411bf015c5fe9af0a840c0c62656e63686d61726b73
0100e74bcb9f96f4f62a53102af62203e4c300fd0032092da4bee523c8c24de5aa5a06ed579567627417c75e7c8f472c813233ef111783657e51d80bbbaca41ec1f0ecefe20901ea143a62fe904d56b66476b36ec60bc318e2c0f0d908d1d1d1d1d100000003e8b8b3790d2c882a326192929c3ee9655e2f70f97b6fb9a3aed6825295b80c2f44da3f6cb57ff70fea66e9718e2d3c83ce7f61d358ad5d0e5b18b68b62a139a60762656e63686d61726b73
0100300adc96ba9d3edd89ce9b7ee07a50af0038e61036660308cf6e38f86a431e49c568cea028d158fdb7ac4b243de454a93abe150b7c2a15e99d2596b067b16d9f85a8575f11ba5ba16b28a4e9f95c73b6d66ec60bc318e2c0f0d908d2d2d2d2d200000003e8b5f118b0703fb0c03d09900edd8c2ef4c9f2f810460ad8a3df82861fa6a34909073a43be3e4e67b32eb9da1f96fb5b9b978c6628bb4e258bbf7009284631300962656e63686d61726b73
01008ad958271655dab84b4d341382ac85c100cb9d5ffb514b39172233bc1cbeeac4760975cec5bc54270339fa5efdb517cf4f2bace57cde379ca66fc6374e03d384768df6cf43b2aeb31c38999a66e3b157f16ec60bc318e2c0f0d908d3d3d3d3d300000003e883802dbc6a63b5e9a1327edddc1aeff213202ae4c6879a1aaa09077c033762185068a170893a74cbdba3757529a338b9b4b7fcd307ae16a43554f08e6f3e6b0462656e63686d61726b73
0100a75a83ed7e8562d4bf291aba655e3caf004bff0eca0e6118c29980c68f584267fd7027049d57419370a8563df3731e0a7a0aeffade5654ab56aea8987579eb3eaf10117393194f5208b3c01de78bfd39606ec60bc318e2c0f0d908d4d4d4d4d400000003e8ecb894c1832a30513c666a437ca432d94e86c5012f735ebf784b41b227b485d3cb64583dec4156134c2fe7771307227f5c35f82e7b12060d83725b2596dd6d0f62656e63686d61726b73
0100d6e023d59694d881b545c5e02bc7954a00f593f5e73ad3563b88be609226c81c2641c8d66bcefcbf59c65271c20a101c5f600f56b10baf79f697ff596dcaa44e909237ff1276e9f8755135e828e2b147596ec60bc318e2c0f0d908d5d5d5d5d500000003e820ca5f1eb7b8a68c83b3111e1473ad4310df6391dfeee96df63f8354dcc94d392f6329af6106105319fe032d0a724d7a3fe7775428fccb49ce446a0a9a241d0362656e63686d61726b73
01001f1c23cf4c5953ede4dd47cfae61b61400de99836a66cb8f086361d2bc8d62d91edc811492fea540492f27089518ce342a77807d62ab4f4448710cc24ef5e295dab72974741213155d8a5990d4c53b07566ec60bc318e2c0f0d908d6d6d6d6d600000003e8f26afeb82a8b4ca7d7de7a4e4f5c1ea2495df46e622b219b1c57e837dfc2a11e3b41886ecc0c444b3010b1c081857505b3c8c78addcca8e868b5309dca4b1e0862656e63686d61726b73
01008b29e2bc228ffd89008add416768d9dd008989b865cc7f820b5c5a6f0b7c56fdc9b449d71a28b6ff709479158f3fcb781a464dfe54177470d839062eee9edfeb862f2f7e8320812bb7350b9f8178d3c06b6ec60bc318e2c0f0d908d7d7d7d7d700000003e8969fb28de18b1bc5132e8ee3b59f5fa36db933b858177d91e07f7d9966a1be966fa4304f43e7380ac99c4e3dc145caad379abcab5b9ab3402b1ad65396ee990262656e63686d61726b73
01007132933df60fa0182e39fca4eb5e0ac200bc6443f4fed4275b0ce0311a4d350448050029722dee025ca885f04030ab3852d0b3922ab299c10e4c1a24f0dd17edb10f0263345f7faefaf038f8080e7bf9836ec60bc318e2c0f0d908d8d8d8d8d800000003e8843ddb6f60973130bff50d5e21b12aef12ba2090cac4eb7a4f275c1c8b5e5fcd0e558b1539a00f45f0f74209a72fd1f4f738d3655ad51bffdccb2163b3fe7b0c62656e63686d61726b73
010062973c6109bf871233c56e9b8e8d51a5003196a3a8732340eb94bef76cb1f3706faa182a1b3489d8905abb6a4f1ab0f80202ab90b51dafb6619a335f73f6345c3e3bf850a518b609a9a8ce674d9157b1dd6ec60bc318e2c0f0d908d9d9d9d9d900000003e8c5321b77e88aeffe1c8fa6851f6329a70034d405da0f70627881a7803c684e6c362b9a8cbb7a9e0a1f1334ed705a61d2e23ce64640e8eb624dd6da0a6545a50762656e63686d61726b73
01009d5dece8ac497f5201f95c3bccebf81700abba26bf52a176ffbc6dde735830d399ef1cd827fd621ad48e1893f8f43bab3cb94a6777255d5203e4f2ac335819886227f38f1986f87c85f77e6fe2155054526ec60bc318e2c0f0d908dadadadada00000003e859cf920c3b139fc3f08b44f4e80b48a18ae0211cfb1d145cdc16c38b45e46f9b919a398c293879911734214123a5f0d23f020709c301484ffc6932afc09ba40662656e63686d61726b73
01002694a2e7a48ff1fcd82d3f9bf3675fbb00012ffafcfeef6037021cd57dea1749f299020779afa120e2a19813946d312742f630118ccaefe30d52c002b6ffda1059855566de72265132349856f211f975e96ec60bc318e2c0f0d908dbdbdbdbdb00000003e81f081c8aa0d64f0648b46b14f7032d4bc865230e7b48d5108d2a2a930be07920f1d51a6b1ef1f25fc1c634318252bca4d77afaa297f8b431af60ec9204a8560d62656e63686d61726b73
01006b09dbb1e59b2cbbfe6a026bbefd46a40061c10aca6b19670556771a128e7d97fb08458f433476d12a48b275b382408b2a18c95f4a5bbc052da732b14c4701e957dec8fae1afa410392fc190d9622e6b5d6ec60bc318e2c0f0d908dcdcdcdcdc00000003e87ebaae42b7db66c8cd57339b64a7e17f89f76d710072af333b79d2594b14f05c9fae0b75c5014c157f5dbf74595fe674fc0f79dc5b7ae626991fe30d76a3090c62656e63686d61726b73
0100dc3b5f6eaa3ac63ea98d3375c17db2d5004891cd0e14e1d604b4128cc7fc7ae326738de7e607504ffb0536cd1d6b78bc75b8b3280c5a332240589c8667989c1892865cdf63abd70af15b9485e0df2d59e86ec60bc318e2c0f0d908dddddddddd00000003e88497dfc82ee0e33f3e3ea0809092199282bfcd3fab7df25b5555d2e0141dda71e5f59cf56c2aeab8620faa8af87fd04a1baa6a557346f0691525d7097e0b730f62656e63686d61726b73
0100c335f1cc3478a7ef334183f1e66e718c00df5ae804efa0611fe8504b3e069afe7b1d73d241781033eef55cc6fe94369508786cd8bd729c91486823acc9b45e311627d09c74e7fda126fbad523421d469416ec60bc318e2c0f0d908dedededede00000003e883f568ac5a64edd0e2f9454b04790ce6e4fd1679c69334e18e69a288a0ed6b248b0f51da3248a11960ee426dafe046ca8623c981e91e9f2e9117959ab8ab2d0162656e63686d61726b73
010099f0068a852576f1c03e75eb7d8a784a0018c2035a4faaf0699b3cfb57adc86b0e4ee9bd0ededbd9e11becbd673e7d247b0a5355be4d503fee23d9dcd833ab4cbab3b7df70c9c00f96b77804bc09254e956ec60bc318e2c0f0d908dfdfdfdfdf00000003e8ff2054734fddda6d119db3df478cd9b93cb4231c9d8a507b3b94e7b3705298eda1d7a96290b291844d5c0f092628fa89d714b11782751f8bc744e8525b06350562656e63686d61726b73
010078ba74427b91684165e3374fd64a582600ccef2ccd316085ec1724488c959fbbf315610b19c66c979eb3c3ea3624c9d82076a086a967f41796a21126d9dafe2d6f4c5ffea6b9e6bf1423e79ba8d93dc3b36ec60bc318e2c0f0d908e0e0e0e0e000000003e81e545750372df77c8ab7831b55c93e23ccc9a553ac95630065a0ecf7b5678626d7d9be2585eea87ab6ac01373199484a2b7fcd8366ecbf7329cdefcf432b990762656e63686d61726b73
0100c7454dc27e6c75f2080ae658f95c196d0056722b956a775e7ca293913f2efadc063f20b81fd87db04567e2e60169f5d555f030d162afcf137f2019734d38025a4641b36bf1f5f968e26b212bdd98b07e846ec60bc318e2c0f0d908e1e1e1e1e100000003e852da2356c357c6af273b72d890932ca284243122b7074c3bf1c0d87529640d37cd7235a226368cb5fa2c099d1924048b750e4d624a4caf125f6180d3cbfdb60962656e63686d61726b73
01004184daa32c2d35117fca8ace867d2cf0006c011a738bb6454657ac602d530605402c65e64eed53f963c6e3514560a096395e92325127d93c00822b1c0ce2e7acca1748271e38a5696bade33400dabe504d6ec60bc318e2c0f0d908e2e2e2e2e200000003e862484c47fd081f023d284c2a6e5f7fe2df954928d8b525c6a3d5ef42e6b2631b7d948ca4639249ad0c9acdf3f2e0e75b888156a83d62e4ef287cbaf3e6b85d0b62656e63686d61726b73
01000d520546546c47f558d6f3ed1032ef2c00f0a8ef4d5f060e974075c5fab13934c48c7461f65cfe5b6a3f5f959099cde777a7e39cf3c56a87e1a6a12902a62aa6add3b3d674c961908f887eb35b46df113c6ec60bc318e2c0f0d908e3e3e3e3e300000003e80858527d8a0d87a49b20f207496c257bdaf9c705bc9c466c58daf6b917f01c5a37b75f48b3654bcf901f00660b389f76e97a878040ed1da0ce9c2256e71e370062656e63686d61726b73
0100f8f9248abc091b275d40da58f3d964e600b70d24610fb50722e3a76e884289cbf9387fa32c9036c28a639ebda15b79e350d241fc87e05b0330954dc7ae905f287095196867370ce084898835673d1319466ec60bc318e2c0f0d908e4e4e4e4e400000003e8fd3b28de703f93427f7af4588f69a5ad55cfadc659039e196bea5f0c3f9c556639ab68b560d8c08225e1916fe256aceb968b50f0a1df970238965e033fbf620b62656e63686d61726b73
0100793a28306fb90899d774a4b760c80e5900c9a2820bd696830f07efd223f5d2f7309d4f966dd3b0bfcf39724e7f712dce0aec980b0bc160ec985dd72c4c3ecbb4d8c2e12c5b4dd67dd49682315379b727e06ec60bc318e2c0f0d908e5e5e5e5e500000003e89898b0c9a666417707af973ae0381596fb16692d840a3522d393f4e2479387c8a7461731b745edbc91b4d7446c38a501f4e7801ae76119ae2c2ffa32cec9d00c62656e63686d61726b73
010092a5bfda2f671a3c61b270cbed46c1070075e8adc6950c7f91424ca42aa3d1c4caceea535b0b3dca4286be860b8cdbf45c7d2b510d1fe56bcd95a691f2e6f1cd4860da4ebdbc16c1517e84b1f6006ecb396ec60bc318e2c0f0d908e6e6e6e6e600000003e83ae408d29564a28e0a8ec6b97858d38c73ddb24b7bc8953d6e5f42173288c0237015495bee26ee7a502d73332041f40fb69e1d5fcebe46ea3ea2667d8703eb0662656e63686d61726b73
01004db277f462f7cc5fd5b06574c7b9f7d900aa86b833683620792ed372e422119f75cbde47cd543d5894f163f37df60e0b4683983fff96719460cc36b56ab8616479acc1c3085ff42a6587e8e4f308e468076ec60bc318e2c0f0d908e7e7e7e7e700000003e8ef34cdb4f815219fb7f509ebc1da729f74e63d752048dddb39dae6846341b6207d62e33f0a77973add201e4046a3810dfb827654149b1b126f95ca5dde4dc50462656e63686d61726b73
0100ac7ea1177bf6b43cdccf158ce6facd4900dc84fccdba47000491550e9370dd0895630784af39fa1f41cd12f3dd1f9187423a5a73b9cf54cf583d2c0f61c1492996655974ba4af105cf6a2ea923682785346ec60bc318e2c0f0d908e8e8e8e8e800000003e8425cd7653ccd27d0f14b725fdb8d109205ea17884b0f0d69590a11513c9bab937f6191dbb802cfd328891d92c2cfcd94c14488d18bbafd8fb6102b14ea172f0b62656e63686d61726b73
0100fdd07336ff65914f4dfc38dec343ab080036691d7505df23ffa0ad6c120038676a7d05e2b212bff17af95e3b4642c41305862b0dabdd98466b660966393dceda0fcdc4cb6fd6883dc5d9ab6545f9449b496ec60bc318e2c0f0d908e9e9e9e9e900000003e8caa98650c53a6f9356c865f4ef7c30af03c6ffcd79a1b40310d9a44b94a83c5ec15a3023bdaef9e612e6255fdc08e29cadd541c20ea08cf1ccdd739daa5e7d0262656e63686d61726b73
01007b02fdf879ff78ea8a76aaeb2b046da10035cad58375e2ea21524f8ca7f7311c3124b5a1d69b7b93727c4aba764a4117110323a4d502d7ff2b77ae39e1fedc4c071dc2d067c943e7cfad3720f6424e25f06ec60bc318e2c0f0d908eaeaeaeaea00000003e8a76d5b9dcb7f3ce5e4cf5498743feac63a69401429032f9aee497b63f8a4500dd0a56539306f3a54e92bbbe086aef57722ff6564f0c32f33f6b432344b57db0c62656e63686d61726b73
0100f798edab124515ef3a20a124b3082a2100a1dfca27f03bff0ca067998bd4763efe1bdc512fd10eae125d8d64ea20fc2464eb4673ce086cbcafdf49b36961a9ea6b304ae280e6cb812255290c19da8573256ec60bc318e2c0f0d908ebebebebeb00000003e8a12c05567a4ff366daf41d15d6773a5ef60982c47793a370504f8ee4c1a620b5aaa7c181241c827141a4cabd45ec9f32f186f070fd9f396c53f79e74e2d0c70862656e63686d61726b73
010071440cbbb4440c9a0d802cc37d8b12f6002c165df172316ce0ab64fe985c86ea5f92e6ce6b3c81145fa01bbf204f94a13fc72464f68882e400fcab6c62369ee3602387a87ad6f82ffbe5042706c91d1fae6ec60bc318e2c0f0d908ececececec00000003e885afdcd4690cf699cb8acf27acb3a812bd95654052e6afbf0f4514a441efe41f97983ba7f29da0569238e131d4b79d286c558d39965b3f994cb64a36fa4dda0d62656e63686d61726b73
0100c11823ff99948ce8b0877b393ec1c68d007c672798a585140a0be5c3edb945c9ff0f5c4173289a4239442e2734775b11587a95d5acdfa71c43a329de40f40032fd26b8c53ee8dcaa1c5652e25033f32fc96ec60bc318e2c0f0d908ededededed00000003e8dcbcaab9ba987c2e0d0c0c18d7a2d3b15e487e897e847d389002309cd7f303c8c6c9de2d358eec3ecda5d736920effa223b8e800e92a94852cc7f568325a170562656e63686d61726b73
0100a6893651abfa421d440bbae5ab0841ce00778a753a75b06be65a19aa9fe9b060fe1244bd6608a2dd9a91ebead555c5a907092dad6fb70635d2d9d7736a09d0f87fd81ec70f9107d37b12d39c6026514b9a6ec60bc318e2c0f0d908eeeeeeeeee00000003e8ea0f643775410400b7ae113828f281403686db7319042ce392b74e40c0079f5c9fff06fa073e4d2801515c118f1a447eaf0deff1dc6ce5c48d97c9f428ca540462656e63686d61726b73
0100ee6db6c2ebaac3e431d330bba2ca135b0073808b8a4125376790e7baf0034e9cf14207ff170fc05df552c71acb56b20e12b411e4cd77f29ba51f03399aee3197c4414d40389c1445a432edff13e24777876ec60bc318e2c0f0d908efefefefef00000003e89869ae08d9fdf68ac0550e22a2822207032480bf7742261ef44ac1e26d43e6131aaffd69d49fc902830e1672f6b88903f53933f6932b8aaec8f3ccb90eda970d62656e63686d61726b73
010039e5cf769f9293f993b42eea75a6772c0060548ddf1e7f46befeedf00e55648980b2c6e3de819b0061ff16af1b1c6822105aa0d3d6bbbc775dd48c9c0b14cff17ff9143afe54da2f845d0a8b18ce1086cf6ec60bc318e2c0f0d908f0f0f0f0f000000003e86869b8fbde602f39e29f9bedf693617f1b3660361cc57a29cd7fb24b394f7778af427b82bbcf02407d73740d3b26f97d7a2532620e97500a6e75303baaf5460462656e63686d61726b73
0100b2c81a20287536c29ac2151ccb509e9c00d77d262ec98658bbd746a058f4253fe9bcb5a5fa9da56a373d51fd18c0ca9f5f6686cb53fba46425c363085d192feb613a5e1996cd8b0686b52d3867ef52f1216ec60bc318e2c0f0d908f1f1f1f1f100000003e89e5bbfca4554024f829c246ef9e0cfbe93f01afc2874953a2995c44b264dcb1b37c26f6a771df4a5cae4e72fc444932aeb113de3084f09c821b49ccc436a620262656e63686d61726b73
010035030956937fa3ecc90a94c1848560db00661df286d54247f7d8dda313b8141b03c9caa533a6ba7b877b349f992c68ef2a446ca9ea806b1ef05efaf0c99542865f2573b9e2788f998e2a4de9cd0668866f6ec60bc318e2c0f0d908f2f2f2f2f200000003e84e87c3fae88974a8d99171505e09e30f1a8bb19e231f25f18143b0f4d2fdb021af074008a600131249d733add9aca8227837d4de813dbcb3497c48ffa139570062656e63686d61726b73
0100360c582dc9ccce090c5fbcc615baab680071167ba85916dad8e6937ad40b7e3c725845e5cb71aeaa9a75ef7ffef768665a45099194e0947f54b96dc49d3905aa9ad197b681db4195272c92c94b474f2b7c6ec60bc318e2c0f0d908f3f3f3f3f300000003e8312cbbd4d03dbc51fba161f38dac876661b2b14bce6ca3cb9b9523ccfcc58c81121c2bf1beeae66607becdd4bab28c0c58bbe0291a7ee3998adf9f4843bfc80162656e63686d61726b73
01007249ea0da057d499eb5d841a8d34aec600b2703ab1453b1c7d73f7f6f4e1a7dcb616bee3ab0fb6faeffb7977f1d8a8eb251336d76f21f1eab5f5543f2ede9cfe0a686ebf3dc069c64f886fd3b4a774de0e6ec60bc318e2c0f0d908f4f4f4f4f400000003e8dc02102ba0c2e318af53d94ce9c59b31afd2bfdd93a7a4f8eda327a653596b93aecbe6665f596cfba9a3ccec1f1a0b772e695ff60a1e29dfc507a39fe67ca90062656e63686d61726b73
0100c485f24ffb1aa4d0df13acffe7bc043f007399783473ec2c904681a79c18a92216b90f39d713ede089610ff60bf879df3052b9f18aae964c36df0f3b63586e8101791ea2d193e739ba051f270dcaee7d4d6ec60bc318e2c0f0d908f5f5f5f5f500000003e8afa6ced1496adbe78273baf71d0415cf74e9781c02a0f04bb6bdbdcb5fdc554dff4d2be267d1f3c3955e9b1aa05a3c7de8841ce1288be00ce8825f73a990e70b62656e63686d61726b73
0100894460eed860666fbf3c55bde2cb1cfa00b9772765f7081c78c908cac31f293a001758159c717d5e32d315f19bfa5b7e0830903026e12be2e7c1355f24fd8bf0082088a044d57ca0e7077347075d2c3d6a6ec60bc318e2c0f0d908f6f6f6f6f600000003e856d5a335ad58401030d48befc9303b0cf69b507933342db11b3a093764785b234db9c05f9dfd41e738ce75f86e51ffd90008eae584ffc40c4e0adc6df666a80862656e63686d61726b73
01003b97f2ebc1767666d30d780dce6d916d000d7fa5127c742f98630885670fcceabda6ced09e07acb1e88ecc58afc6518426bc04eb6dc882c44cd48bbccafa100a6e6ee4ea806b33c2c4396c7086e979ae8a6ec60bc318e2c0f0d908f7f7f7f7f700000003e89965d7128e824ffa8e74e512bb854f8af4b458bf80210f9faa9a24038fc37055a299b030f73930a3cd4621d10bf23bdf566f09f6aafef5c632a70e5cf2c36f0762656e63686d61726b73
0100b1cb94a36644dbfc59b44cabc71e7e7f003986ed2f1f201059919c5c64dcb1659438c389b4a14af46962bf111aa1e7b777eaad444a7c5fdc8fb4cb071a47f226262c3dbc8214ce37c99c922660d4672a116ec60bc318e2c0f0d908f8f8f8f8f800000003e8d8d0a0f0538ce0b89058def5096d9e7afbe608732ef45203cb7fe1f57684ccda142db4b7b4ca7e9b0f218f23dc04eedf9c330d49db504884c235d976df5e230e62656e63686d61726b73
01006e23d4118f700eba7b4a2e784c8ad198001a798b9b901b7db7e711262991d910b2b620d6c2a2b6b1362cf572553752273215841b87e77308802c21edfe4a55ea6f7676aa4a23be8041e0fd4c856dd62af46ec60bc318e2c0f0d908f9f9f9f9f900000003e883fdb73a81035cc502e07dc573a0bab5af5372b4508f62f5ef1abd0fcfcfdb80bba27bd7df8a9abcef0e43a04f5376fdb0d9e67d84fd22588a4d5e6fa0a3c70962656e63686d61726b73
010064fa6b7d40928c508d4ba6f034c803fd00ac295f1f313ffc8baf6409cfc2b1ede04d7a977aceb3368b3e3ae42e13d70c20a7e24a209c02b260d32e2833f779366293f687e3948cc42458044ec28aa779a66ec60bc318e2c0f0d908fafafafafa00000003e867bccfb79bd7826cc52a6b0aba86ff0932918c3e1352b06c8faa2850b7df6e0f6d06df2e042036de0ac44c9b42b94f084ca18442fffbb77b6fd277bf9288d10362656e63686d61726b73
01007cdfeceae5040342bc7d5f8f3e6d2f3c00aed264dacb6fc4a2866e57f1447220013510a220d836f1b32d51f224ddc91451f6463b594b2986795af2e0f963175e240427647bfe99cd107ae930c195f3f7376ec60bc318e2c0f0d908fbfbfbfbfb00000003e805477ae7b11b1c859aba380679e2a5fb404477e149f5c79251e1b3706eb42c7a2317f8e868aa91ba6451b15583e8f75baa32a3a9d156671f881ce6eb59cfb10e62656e63686d61726b73
0100cd0a008d600947e3967ad909a9775898006e31ff5861b11d46e0975488e4adc91b235c71e4a61d7948fbf4ddf2a941b26c2e0e036132fc732e593733f2c0c50a7d1e16ee00a975968654df080a56345fa56ec60bc318e2c0f0d908fcfcfcfcfc00000003e813c2613330e24a587a00a90638454560a38d3957536a771b84556873644299ea1a296909befee526fee1a7ec1274c6fad7e7de8156e7c4603cf66d058421bf0562656e63686d61726b73
01007b00133ae4ef034b360dc974b2d40ac3003e9a02d6079d823996839e528a39cd2c3055299646d195f0dcf9aa2d66d160578f2b204dcf880985a86a3e0ed9c3f4d2299e319346bffbc9199091b835cc05fe6ec60bc318e2c0f0d908fdfdfdfdfd00000003e855b1cb154084b127890b0a93b39cf0ce882499b10f0515b6e1c9f06120aba1a2aab423c033a368486d04e3a4d8f2a9edacd13b25f9da9cbc45dc00c58a671f0862656e63686d61726b73
0100beb1a16c7358bfcf5b3255f381c87727004653eaa8b78fe8ce6fe4e558d35066b371c743c2b6f1b01617d0cfe2c38245358150be22f212da9c5cc531db4c4445bc2da582f005803bba3dad054f551823196ec60bc318e2c0f0d908fefefefefe00000003e892ba8b8572503f28daf5b14d96c849afb433af8eec57be4b5385ce3a808ef04db2a03016d8db9b7080fa2ee1b72d49ef7a4310043a2695bbb41f139e1fcf840b62656e63686d61726b73
0100c68d3eeca08b6243b5ddd7eeb54d7a9d001ab37104546b9afd2e262bbf45f11c55b199e63e4b7e843f6395dd38fa14f638939b34d8481ba0c83d04bee94f96ac576a128631803af2cf27a36213aa24adce6ec60bc318e2c0f0d908ffffffffff00000003e8b91860fa00ec18f3da66829f3824f1c57505e60707ff3de8b345227bacb0912efe9f73de904a01a693aa17bf62f53fe266c6f2fd333ddb142c52601d4e136c0162656e63686d61726b73
01000678fcc242de7ba6e615a272b7da9622007409e68c8e6b78009aa8bc10df48b32712cbc60efb014688d9cd55ae7cbaf17fd4bd1f5c762510278e180ebe29d6c9fd5c59f03d5dd4aa4b71d1500da254e1916ec60bc318e2c0f0d908000000000000000003e8d2903782cfacdd69bf6d84a0e43f1842b83dc1e68d593427e4ea800e0ff2e7aabcb005b3d398a0df1c4265e8a2b333bf31dd8c91e407605dce666215eea9d60662656e63686d61726b73
01000b2626f90cf058c040a13b778b36e1c300f8cf383f12e72e4a57650447f82aa3592e5e48bab26b5b54f21745b5137e4b5db233b9e267e2f7a6fd9c80825c25caeb06792a60094fbea55fda7a67c75c53b16ec60bc318e2c0f0d908010101010100000003e8d50d588b5ecf34c2b498b6dfef1e233f089eb962c1a3d601bc7ac9aa7add4ea36bdcf0a6c53f958f570f36315dfb638339a37bd58e82cd7cbbb6ca49a495ac0162656e63686d61726b73
0100f587a9432d5af852e835c2cbe45b1658003154867358230f34a9b7e5a42d2ab3d71af158690874df131a8b792d9518713eac17e1ce239d0f5befb3e729ae33f9ff9a1005e58666c794314a5aa803798aba6ec60bc318e2c0f0d908020202020200000003e8586afc5e122718f0e2ab2e5fc7da6cdfc1ed0c82aadccd0c6ace66ad96faf44335d5c8e37b0a1cf36128985f416fc00b3f7e4e1f360dba1d6ea2ebdc24c9790862656e63686d61726b73
0100c258272eb41b559563699af382beae2900cc30a3d66c8656b5d38bd9b7cbbb388a63af9c1bac3bcb22de4dacdc69ce0250456c50dd314515d8e40ad324b149ff2122ef4ef1f783458bc4aaeabdf45cc8716ec60bc318e2c0f0d908030303030300000003e85b970e844ccb3ae715c099764c8bd1215d01739d17193ae722877b56cf38e0257d027b23c10e02873ac8467a99f445d9b00cb1f08df62a008fcc4449d3de880a62656e63686d61726b73
01006455b9d05b03f7ce298498a92e90366c00e29c9ffefb17357a384c446d225f233c76d3f62f3f3f6cb6f1b3b4507a304059240e005a8e9b93dcd06e8d59cb27d2feebf29042c31b5fd626f556b0067a76196ec60bc318e2c0f0d908040404040400000003e81b1ee180f72ca20054d9c92ab2dab5bd2c27e774e7c117e401dff3cf4e3fcdfa5993d067b792cab1ef9cf41686dc315505e80ef8fd04c673f00ca8dfea8fcb0262656e63686d61726b73
010058504774e395e220803efdfb1cb8e88e000f73a6628bd8110ba0045be69724a8fd87cac9d46e8e780eba31fb02d5288a15e43468be2160b1ea35746f35d5025abe7880817bfcf16174bfc50a236a36222a6ec60bc318e2c0f0d908050505050500000003e8dadf717343868e588af614ac66b8c8d9b25eaf369a7d2a216ab0cebd914148389b8c05d11e0a7976e3df35ec5d0f375c86808c132ac94921056f6cafeac7e80362656e63686d61726b73
0100bd63d6a2ce6e0eae6d29534f065ba2b30073df9fa8786040bebc82a65a2fd6accc1c2b8de58a5e9d2cf52ea45efffbb62455cd48a7469db3a7cd27afff1b4fffbf3d36ca1448c078d3bb508eef33bd23e46ec60bc318e2c0f0d908060606060600000003e82aa9b65fe1f06bdc9fe9d12e099a7dbc80c802584fad7bbd47569a267032c64f7b34cc156f0f22e01323b81fa85d08a583f4e09a0ed7c74f65ad8c961a1b950162656e63686d61726b73
0100aac836ba39719b764d3fd8dfe245759b002d0a71b207cb1af1b1d953f4864182ae03337df35ae1f90b555c44275c36d84d429d2c59a9ee179be42ba8aff9dfba5db5fe3344e446aadbb83f0c730528705a6ec60bc318e2c0f0d908070707070700000003e86fd3df32f54799b660bcff7a198ee5fbbb1876d8608d6e15a575b25b1c5b7681279106c50dfa0e353d80e1668327075eb091be9eb8b2b41fb9d36bfabc82390862656e63686d61726b73
0100dba09cc8ae367c08427460dfb9c228b20049bcc5f904da7dde34a3a52a1531cc409eb1f286b1786024c6fafbea38a6f10caa2c36d1f3c811a162eeac12750fccede172bc4e2010b7753cba7f7c9616a3356ec60bc318e2c0f0d908080808080800000003e87b86b176a852a3e25c6711757d21fdcc9f69aab3c116072f05aab572952372bc8ed9010ddf7ab92b5a34c64d11a7b3ef05e32dacb27cbf6d815a5e336c748e0662656e63686d61726b73
01006df485b09b35caf873880feb7eeb8a810080a643694e56c26be6f23f25e592fcca25e27f43acb097694de46a3d0c63a44cdc4d721d90763762ef8691dc7185a6b10a392ac729da959ba6a1867d0ec5e6c06ec60bc318e2c0f0d908090909090900000003e8c5ba2eec10f5cf2547d8f8fce13ae9280c42084eb1f47f8d53873f0b1fb05b2a46d8317b69d69ad343f2d28202b8f2959ce0e735ca8177889206fed220251a0062656e63686d61726b73
010092430847d37cddd35927e23d3b71595b0023286e8a652761903376826f7281d70ca9c48e1d3c24a182d112729437e61000428d5a25d61d0c3bcec62c3cbeed1180e0b1cd9f568c2e55485f47641bc6f8926ec60bc318e2c0f0d9080a0a0a0a0a00000003e89f0b69242525a0d2c31180d3db7d40d4cffaef9971d1fe4f9f68154ae3a02f5a3c0931196cf892309f29e0968a1cc850b10c092405b84a01b154a7e67150560562656e63686d61726b73
01001bc260f05290acf50039a211a385ff4e004c927375ac725a41b6aa4b44504607d58021d7dd7a27ffc24a8cc7e0d7216f2473718c1380161de77784f25c278cf0b163ff31cee14965a1f877b4195a5346e26ec60bc318e2c0f0d9080b0b0b0b0b00000003e8f5fd5778e944dd8a5b0f29de180895fccdd9860ed4e15be48c80777f4a674d6f8f43ccad30190d40bd43a19c1f4553553f5539e87630e509f5dc8b2c0a9dfd0362656e63686d61726b73
010011cb23597dd6d76588b23e817839a91600c0515307be1591d8ed78f913311d500c12c57defc5e7b082b0cf7a4cd0b3a4179ad4ef10ccc5cbb683ed9d5a24b9ff50ce5cb43bdda5d35c9ee71965482c75706ec60bc318e2c0f0d9080c0c0c0c0c00000003e8125d25d29a592107e77dc51e22388d7ec6d3791a49f3f4d50715298ed844c24df62641b8a347536b7e7b88f97e90569f3be4a01e7592deae38c73c1260eee20b62656e63686d61726b73
0100b3682859aa0de022628270e2866981340010d3dbb047893e6781803644e95bc46e38080fcd2f0fa19d824152d1fc922808d8a11f6b14f6594610d87f36eb9b64e90cff3c59e1bf6a501e47fac978ec44d56ec60bc318e2c0f0d9080d0d0d0d0d00000003e85201dbb7ff32c706c282b7a779d70d1bd15d331bd5bc073fd303127526d6677ba0dc766486bff7db7e71f499ec136108370c92da9d71aa83c8e74ab6b44c8b0662656e63686d61726b73
010019e9e41805e62e83c4817476b5ce7b0d000a979679dd928668ad22ba68cc51d757fcb4548aca5cc26118b990808ae062219667c821a40e622b95ed0678a66c77090cd8007f0c885aa9adfe5d9b6076f1956ec60bc318e2c0f0d9080e0e0e0e0e00000003e8a02d26bd36cadb1685d592872031014c5469d6edeb288a0de4e1d98f97746bf5ca4180a6b8c0b3acd3db5738931ff3f1bef80f244229a41d71efbd0c72b11b0e62656e63686d61726b73
01003f1c8fe418f3617f84ad0e6e8c4555e700f86ce38160819f3e9aa7e7a54b8879980ace123cfcf77d8727ca96904601827233489ac226ae5974de703f090ded84b13a151af0379bc642d33daaaa06ce015d6ec60bc318e2c0f0d9080f0f0f0f0f00000003e8316d6d78d7aa66c51a1398c001798fa247596b3e6786bd38aa02e1e85267ed820ab315d2eef956e16b5ce0069e271d9a1cef8b10c424223700444b43016f130562656e63686d61726b73
010009f57605de10efb25aefa47c9c4de4fd005b8b26c9c28cb1e013ed3ce13b764ef917f505be09c15355d6fa6b74977c1e5c42a799ec818ca1ba882c9ad7a46f6a06ab30de26d48911c8951930eed28c28f36ec60bc318e2c0f0d908101010101000000003e84e918184366d58ebbb28f8c78a5fa28801ff0341e919e1ae7a45ff5a4fa1ae62e26db37b267d8060bf9a2c745318dde715f2adc5a4afc25fb4f0f628860ddd0d62656e63686d61726b73
010036d5aa372bd2c28aa51dac89c2bbeef300abba89bb1735b771506759651b13b6395a3c6b0966b9c0f1bd1776b537446d28e1a8ae23e35159a3afe95a8be5d7a091678c6f2438f759ec6e469a4841706df36ec60bc318e2c0f0d908111111111100000003e8fbc04cc26c41a2b7e65bb766d9c81cba21e69a999fbb02687e0b2cee3a1b18b577c0b341aaee04f514a872d2e88446cb6a4a2f0a431de27e0ddb2faeeea8190c62656e63686d61726b73
01002953df56d75c28f220cd6ab7f22160ae0061d3dc980b6d75b1dd737b5763524ae87598867ca73b8311de91b1c1a794db1b235ad748e39e9e971bf021a4d4b42e12b8b4c8f82233660e63eccf10499c81ea6ec60bc318e2c0f0d908121212121200000003e823882e825a8118aa66edb7b5d7c56123a09622a9ac2c197793eb12764c3e74fac366058264d56f5cfa066364270ea376522381a7a81616f983a395cef73d4a0c62656e63686d61726b73
0100f8cc26ddbf4084e7447bb44b1a60b2f200ccfd091f42418abecf2549917e361d3e9445c086128d4e6e82f783ea76606941763d6489ae136f6bdfb3f6a58f7956ae7fad79dc4622cd0e9e5f700cca14d55e6ec60bc318e2c0f0d908131313131300000003e875dfad10acc1889e483e0c032d82667ea8fcebd6babb63c864660eac60ef6e78450c0eb59cd8dec735d9b02e565a067f189ca5adf0eb2a8c9b30293e004e7c0662656e63686d61726b73
01000a05ec076583dac5dd620da4e2cd030100e40a123b38fd1d71493ad68622dc730b349389ddf3c5d06e31c953b8b825d1444eefd4e3a1f92bae790f22de21feb0e8a22d3384cf8fc8f29160ffec4cd71f6a6ec60bc318e2c0f0d908141414141400000003e840f238f4ddb995b62f4fda6b37f8442224892e8e98ac467e29ff594a3dfe9a10ffd1bc5be6d1aabfb32ff867c3ce1212ce82d895acb917abddcb3a1c51b03c0462656e63686d61726b73
01002d8eb7c79d7335347931d3719bcb532c00a0a2d205d860d497aa9d3c20eae0a4fc93368646101de32495582a8cc4546558a71fead7a3c2272d7e1712698c1b5b15bf14768abeb4c9512903d3ffe958c8d36ec60bc318e2c0f0d908151515151500000003e802183fc2888d7e9862af43cf3f002f775427ecb33c30b19d2efa4cbcfa891b862e3a63a7f7821b76a328db97511c918fc9c71f7c7e55c0b88e23212235e35d0f62656e63686d61726b73
0100066042426494504bebbfdc3dfe62b93600c899a5c1f76e3f743e1d51f9135139be4c56a6a2bb74b81f49de8dc06def6f3ee1b6902950b0362a6c118637e72eee51bc112f3495cbd4d840c37e030205787e6ec60bc318e2c0f0d908161616161600000003e87ac6864d4b60055835a9423ed914199778e8c1da94ccaa1914248ef5c564c29f6da34df2d78118b0496915df9188d06203a854d2d98790d5775f4b5374b2300d62656e63686d61726b73
01006dc527526133844cbc30d089476aef09008556851225da4d6775cb52f962322ba6a474e323d3891c8a41f55d22028dc508371034c6350d2a5b2de028f961377ade4d02a138b3e209c0a3f47a2dc954d8006ec60bc318e2c0f0d908171717171700000003e8cf1980555eb37edef07bf9dc38149273178df3bee9948cfb1dd1dde6c218fafdd3464211c0880feae3cb94e35b9ac73a746b1b860fd42daf78d3ae412e19fd0a62656e63686d61726b73
01009064e01ae3a45317b1fc5c95bc7238970013cabc91486b97cf92de8415b34cec2ee2335e605387ebde5a8943da5fc70777c0d3a6daf91c7fbc5a068312ed9a6e99068f45008ee652f6b71a3570008d43756ec60bc318e2c0f0d908181818181800000003e854d53dd9898cecbeebb28a7d8b6395a711e279be88d9b93a5b8376815c1eb93dc00f2487a43cec422ce1857df40d34caa228b23d36c17b55e80d5b78cbeb050062656e63686d61726b73
0100ba62d340e773b9e5590f3762be2ac0f0004b9c893f6e89b6880364c368d27bf6f71a572be87d37f07b856c8224cd31682d30f9551e39f0ca98c07c12b9efb1b0a7bd7953f0a1083155df5531d82eb9f7f46ec60bc318e2c0f0d908191919191900000003e850b3e1d0dab71c850fd4a9140b54e1d9962c4699f0fb1e0cf5324406bfe384a40a98c07a3cf007d56b7a1cc32b2abac3a714e0496faf14438ff9edcdf92b7a0962656e63686d61726b73
01007c4f9c4c65c03f762c7012656770059100232124fc83940f7c5c8a618202f75a9fb734389b2b3e8768b91ad0a603a699571a9e4bf4a8c5d6cfcd6ca65f476840d03858a189a447619bb850fc9f1691842f6ec60bc318e2c0f0d9081a1a1a1a1a00000003e8802f594f1b17834236e7890f6e57da2a30085c93f22950ff2db16414338bde8fcc69b1cea0793c3a0e73a00b42b33a39e5d132bed784e45a4c028f347b234e0862656e63686d61726b73
010049e1db75ec874547f38fd829b41f962e004fc8efad58c7050aa9e83328afbe84634c094590d5d6852e6987046921dfe309156dcdebfcd97cf8c33bb9f5f5f9c4dcea38a1511ac4ee73176ccc46b7efcd5c6ec60bc318e2c0f0d9081b1b1b1b1b00000003e8fc2bd209b5bcb0119702375c7017f72ef54df0dcb3b8927133d21312cc37fd654dc10a788763159c42e17a35c64a55cd5f2adb696774e384822160b42949ac0862656e63686d61726b73
010075bd8577801212be54b6a33ab53d08ab00733d83d841c77c44b781ad194976b3b4351c44f738cc4dec28b110eeafbe985f9eb7fa337815e2ca0394092057047d85123a31568267656bd8c163ba6ed917f16ec60bc318e2c0f0d9081c1c1c1c1c00000003e89af3acb6b1e5f2b4be7749a37910f11f7da9f277d1413f706f3797ae219d5c1a7f1277b7764f65b3c924ac4255a20f411ae034f3083470061699c6cf066b4e0962656e63686d61726b73
0100d90a716e6a18e56d13b9d160fe05d70a00b7b47ce69dfe2def60fc3ea717bcd8de802310f5b5ce2f5b8b26996acb82c61af9dc69fc9ca3eba5f3da7ff4a5cbf52028831b14f0e4ccb983034274565428f66ec60bc318e2c0f0d9081d1d1d1d1d00000003e85b72bf641f44cd87a94da7e00bd637c431a2c096f8851f543fb05f312698b27f5ac54f5131eb1b480f54023a12409fdd2f51e8fbdd448c951da2b8d99202050662656e63686d61726b73
0100ec574a861e406d3e5a981ededeb3628d008c05847e9ecc41b3cdf271af8fc97cfc5148d86aed512b5c14d0e034d03acc0ff8cb2a0300e226b7b3210d903dedb4292fd1493e4c9b81047deec61635d00ed86ec60bc318e2c0f0d9081e1e1e1e1e00000003e8530920f4f397d214959b20db3d70b618ebb4ac55b97abff687fc4b1885e3c74b92e11a643d1d9cc08f1ea16768f9629d2957351c1cacce5cea23ab18f4d5f80b62656e63686d61726b73
01005ef083f1d24c67b72fbf4ebccf790f330087fbee0589f296c51805a6d6af10d3c08c2e42626019378bbdaeb6536d24c75115cce0092d9dec394ba6b9b34f4c666c5ff1ddc0e39cf7476f23dd2440e17d3a6ec60bc318e2c0f0d9081f1f1f1f1f00000003e8316bb14a819abea976b3de0e1b02739c23a6ebbd6f3c518ba343df468d3fe4f9e39f27dc7d26b98eec23c26f952439eb575f322000a31bad079cf26298097b0362656e63686d61726b73
010009d89b0b2e9db4d7480de0c59b1977e5002a5504aec19ad47a96399e6e1e3a32373993d688c66e4ec000f922f97ed52d0a49bf5ddfd5db5770ab500e53eda11824f6b084d5539b35854af9e4066087534f6ec60bc318e2c0f0d908202020202000000003e8f6ad9548d733249f844dc3930d0e2fa48697fa659c01ade08d508a73273574fa5f0dd832d9f15ea3cebf81ffe55317eb34c4a3ef5381704c0a3a6fcb7579bf0162656e63686d61726b73
0100e59dbfa1af00b0a8c6c857383bb3d03500b9f5306fbfc3b94808c126a1ceeac5f671a18a388172fbca2a275d1314ae5307796ae1aa72f008a3eb8b5e67131e70e2903be62295a37a22bf0580ddfa62f6d76ec60bc318e2c0f0d908212121212100000003e862c78d7c048e48c9d934c23beba533d30149a6b898d04b5bec59942d02ae16692c7bba8bc5212d68e0e833507d2d45315a0bce271d89d2cf0d95c1167e12f10a62656e63686d61726b73
0100d68e6286db5942a1efb618515e4701b8001eb246e2c23d70b3c12a23d931fd064deb96fc4e828324ac692518d2a19a9a1ba806d5dcdc55c38c704b29df62e02b489d51ffdf5b8f2fdc3b1d60a9e9218d226ec60bc318e2c0f0d908222222222200000003e8d8008cce35b9f7bf871554f14543c8ed848a5258de8b5f3d536b281a4b3a58b50279e8b040aa7d3b5398af013e2d3f9c98f2fc03aca0650fa885d6e2174a970f62656e63686d61726b73
0100468a5a549841e3b587b53fecef0c14d0006aed15949d5dff8be206e8b10f757fd2b63a8090f1f674d9298ac0c50f9a8c0fd933feb05af978042b3e5a2eea9c8b0ca916534d646c9f26a03d742913fe805e6ec60bc318e2c0f0d908232323232300000003e87d3901477838ed20faacc907b6786dc6514a6f541540e5e502961639b152e33618cfc0e2da2ade5d6f564312c5d720462bdc25954bd25b254d3f2081f1ba360262656e63686d61726b73
010080e3d21e5ea1a6ce560c2b0bed24437c0077b7a883ba2fa97b64af9323c439f5d04cd1b98ad405af19e0325d5c00fd95609e62cdb17898ac317debcd07a1975c3806ba5c71be460d3de2e0f223519459146ec60bc318e2c0f0d908242424242400000003e809c6eed1b507c297b0fbfeb3ce9ea3ca4d3baadcafeeaba92d046224c3ce50e4df04055d8a5af32fb7ee078167d0624be90a0e88c33e2026eae2b3aacba90e0262656e63686d61726b73
0100ac7b655ccc480e0d73dad884ec966d6c0043bd605ab485f65269062896ddffd2d9c0e39829a0083bb8f6de0e9b00dd1f43c26a87efc1118d52edfeef806f8de8367dc6662e73a2ca349e458e8cd4c3c1a46ec60bc318e2c0f0d908252525252500000003e8a240307d03d0db31ff62680371390bbc7826c450d9b5532f9361b424bff9abd2dc22c36f03234c673c36793c5b7e62da4e098965c71344750669b6de17d8170762656e63686d61726b73
0100d5379cbfab33f3eb42b3a248f092d2d60049d46bf9651bdbfc72fc5dca31244506387ab337fb7b7fccb05a14e660ca6b78b61234241295e1896931f559001aa0892875629b17a82fca44b5692f49117fd56ec60bc318e2c0f0d908262626262600000003e82da8ef604ef23c6988b3b92a100194eaff0ec3c05c7f1d16be80ab8f1946332758e0c983788d7a2efbe7e14d323cc11157dd60d6a572e8b23193de9b91ecfe0162656e63686d61726b73
010014663d2b094078c3defaad9e9bed991e00007537783af6be86730774638fd6d87042bb78aad34be1620e06aea441271a6449f136ed13ae6bc01d2b0ba90a0d461fc52e3bde2eceb38519cb898a7074fb586ec60bc318e2c0f0d908272727272700000003e8e073d523b5ddbaa3f82c9d84eb3e8f1db4432bd8b7189d7bf3b49661eb200cdcccd440ccf3020fa7ce3a0bdc6eec7d00739e873e28bf17f6079166e0647e900562656e63686d61726b73
01002cd022f57e087d03b2a2dae4d83bd3ef000802d6be774f5a28419f16caffc3afb7e4f8e22fab5dbf03219130c7a90c974245524bc8e81ce8881cd84364613f28af2aa5193ee0806ce8ea638bd7b04599226ec60bc318e2c0f0d908282828282800000003e8410f942ab831314d7d737d577fca8c467681230cb68388811cf408d2e9672430cc5c2c653d83f299ce61108ed5120cdf8d8fb98038a62ee2ba61d98a10bceb0e62656e63686d61726b73
01005e4a276e852abaa092ab3ae3d6f7a90d00c9d1fa4547248dbdf0d73b320947bea600739327aff903a148ccd58bce8d37360730de8cc79626148b2a009031c5dba0666494f139eee92a45c2d4705b02c7236ec60bc318e2c0f0d908292929292900000003e871ac5aed1d5c0769a91f741ca4de79d9e77ab10a3a7b41396d8553241b4b8003a4295fa3c266464d22023fb3ce16c6623ebd94319c02cd216daba0b8402a9a0f62656e63686d61726b73
0100ce0644c2f0f039c2a2c0f3b76826314000c7f2ee2efd846d873de0d58891e2d2904f37342abdfc1f6f1d00169f36dac1516e6cf00096b8733764f6b7631c313e4b859baa810f7e9ad4542a1c785d9f35306ec60bc318e2c0f0d9082a2a2a2a2a00000003e877f034f2d9f381328edcbf61c9027ea80339b65baf2dc3d5997c1fff2c9b4e71785f1c82946c142a1b368f4c1ab5815a7990560dd05d81a2e357b18e6e3d030e62656e63686d61726b73
01000a724fa042c90c85090c4e1cd6d9068a00a1839e61070ca75895c59257223a1ce5394db61d3f4aae0373c1d94686fd980c54827ec6db3f8db28c934d78319bfe325735cf4c4900f653ec102ed514b2f38b6ec60bc318e2c0f0d9082b2b2b2b2b00000003e8d1b2593da018ee8c6883529b3a1e41d3127f483634ceda2f9978fbf87818ee3dda6fbe2eb309ce78092d25a76969686e62cf6a128f033de3c3fa26f83a09fc0e62656e63686d61726b73
0100062fb22ba7a419ed5cbec6fc9382086e003a8e2c2fa3a5181cdee7844ee79b4eba0fb8688ebc618838f9d930301e06322e0860c6ac3fff65ea5e617dea9baa5482b1f33feb16bd9af9d38417947b4b44c56ec60bc318e2c0f0d9082c2c2c2c2c00000003e869c33c612eaac2e17e0b6102ff9bed5c98d55a43df3ee6a2cbf47e22bfbbeadbb0966647200ef860b49ac4b5c33cbb36ec51c4ac4859a9d415b1bef8a310f90d62656e63686d61726b73
010053af1e6add7bf5d1116ff2668f226f48001fb5d3671920437aa06ec4af7902032ada96de519bb0603d7c583f3ce108300d7b970dde61d1ff1f45a9fa47ac0fbbae3f7a49807437f22ddaa1ae1ecea8d6776ec60bc318e2c0f0d9082d2d2d2d2d00000003e8ecf6deac99f9f025aaa43faae50d317ee1a6f290b870ba3e7c85d5706bbda32a6356f365da1b3f3d148ee48af661f19f7deb26280cfb33e0fb2d30d83e2ab10c62656e63686d61726b73
01006b28f6f305a74efcd4fa675f4153676500a757ef51db05b1e9f181f394f94db86f84bf0c708e47a7868d13a720ed08c67ebf783e03875763d1fac15a5855bf8a782b0a6bfc21f3ada8ad2b835ddc914f466ec60bc318e2c0f0d9082e2e2e2e2e00000003e889d6334b0e37c32fcf20f58b1b62330144d80b5e7461e9b54ba6e47f8f1ed7f4bf52d775ad1125b31d37c00dde1ab7f84ce13e5aa1ef73b82fabb28ef21d5c0a62656e63686d61726b73
010017754f7b807d9a2885a7fb53f65cf7db003014e3fcc8105e07b579597ad56f65ac00b8b26cc4bfceee56768f95dd140f73a85478eda5edf997c1f90f2c47bcee75f51327367a4491bb2e3c692417f476836ec60bc318e2c0f0d9082f2f2f2f2f00000003e821f8a3ff17bcdd6d60001bc952fa5d8f266fd2cee18d4ef2807d05573e50fe4bc057d16c392708bc8ba73085d70264a51828cc7939df35c9288bedd344a5190f62656e63686d61726b73
01003d411f01d15b786f3531f600e2e8edc6008017a118384a4377de1bb18d25f3c99c71583c03efb6d5c9e1b2dc1934efa44d054565e7bcd9547e572048c58bb0423c4c3e6350aa5b60759de686ecd0a408246ec60bc318e2c0f0d908303030303000000003e8c661dedb6e6a3c30ce8e7aaef2c6009a04e068af3c73a8b9f43360496b7c160fb80168f1999f2c9a8d3d7d25f9c23fd4fddf8a4fde01e103a50bd3866238d40c62656e63686d61726b73
0100a728d8110276fe83841eaaffdef3ce6e00e2862c151317cbe9f9372126be34e299654a81d2c1b6d461e1edce54e197a22dff37cacad0ac051a4570ec237b076e7161a1de6318f2de5f94e501af68a571426ec60bc318e2c0f0d908313131313100000003e842d4b6844fbcaf205b2823c2ef889e21e6bb573e2bedd542ee9ca29ac0e59693b4144d66978fd94307ded977436054ce28e47be707b9083aec08d5a4dac9da0062656e63686d61726b73
0100f15e6fcacee6f4ec80398367763660c000ba0b80c35aa1e137c6736eb0bb6cb189cf2d873c2457ef0b060f67bdc0bc354e52b887d6dc474cd6588c98981d69b4f79605f7f7c576060ece27c054a74baf056ec60bc318e2c0f0d908323232323200000003e8726a2850a9d140cc427f3e8f512f7f28ab0d362626baf4f2a6a6bd80fe6a6eedab9531324ef051e4e05951b93c4f5944ef667e8d8dc017b6eb119d3edb94f30d62656e63686d61726b73
0100a5a2954559c7271cd3832926bc73d85e009921701da48e16256d3515246716f9470c59705f1025bd52eb443ac06c40f86074b9d3076fc3eefc3d2d147119234abc39c48031362e7ea8700dffdfdbac22d56ec60bc318e2c0f0d908333333333300000003e8cbb98898140fe559ed1ce510aa1fdf940d75ab7924a94bcf4ad37ecdbb58fef91d4cb379063d05c18de50fd861b3c1f0827298b50bda369253a8a49d92610b0f62656e63686d61726b73
010019d6e0e4c0b5e845942bdc522e9b5f0f007aebfe26aeaa29f016072a073b3f56bb9e79c8d0ddbd595a1f6cb0c04c4c2d120e23f3b816012a40d11fa10d8e0d96ab35d1841133cfe82dcf728e133c71975b6ec60bc318e2c0f0d908343434343400000003e8361f66c862dd7a3dc9e27d4e36fd09e0135eb756ed7fde496d0067c2ffc792a0a24b21adb243ed0241247ea7dbb06636b94c8fe0367ffb262e90cdf3c573c40462656e63686d61726b73
0100bca7c8f6c5e15d3ffcd238844b4a51f500dde3844b7d210a6e857eb7567f98a6a649b184f5dde4c9156df8d1e833b06c4bc7465066ceab3a19860d0084184d06ffd699355f7e51c22a313099ccc41c12236ec60bc318e2c0f0d908353535353500000003e8037d3c1829c48b32fee04d57c3bc6b95ef716554fd10ff278579db16903f174fb1800d5afb54d8de97f34e6afadf87b02c73a504d81d44e63898fc4310561e0a62656e63686d61726b73
010016ccaf69d64818dae6ee444f16087e3d004d8c0cd39da66c5ac86ccc6450b5d0c4510437ca2328841649d78e335ef57b2a90ebc23bc6534c8ed69519fb3a02efe77027d38d86f537f37fe2709dc28583506ec60bc318e2c0f0d908363636363600000003e8c4e5be61e219bac7efc03af6a65a93fa7249e508b16e52efc37908bbbe321cefc185e86dc516c1df692fda0e24a2e0ead2917bd63096819f3f26fb7f6f78b90062656e63686d61726b73
010059903e02703f55527443fe926d284195008ca3d7c612b09d41b47c6ec13f31a668bfb068cc6dd7f0b3c112b4d15bbe0252abcd9e3f5f78554616418ff7d4f17561e71cfcf7916aa6798c44fd868a6448bb6ec60bc318e2c0f0d908373737373700000003e8fcde286f8f84c6d48c23103bbae5af2779a3cc6b85e82eb755b77918eb39e374fa3f70ecb4b9e58cf8a0b093c9a4607333830948980ffd9d5f7e02c73944660462656e63686d61726b73
0100dc824bfde563b999ef8e19fcbc11f8a300c8eaf9ffd868b1293d852a621c699d1f078aa8f4be3f5cf4877088a6a8e4e72385e13667f1d8ce15a38fc7eb4d0b56f54777f5c9248e3731dbcff3aa04f699e66ec60bc318e2c0f0d908383838383800000003e8d2cba17bbbaecb5199bde4bcf023c9658aaa67275e585ab9d4909e8c3b66d87bc16bad2da36102119c96fd193d6d8ace11906681d9dc0d01929f8dda28d9a10662656e63686d61726b73
0100ef3d31b87c194bd76a4e53d978677c3600e714925b0b0c71f943ad601d26d38c127967158c24d1d30ed730c7cbad114c7ce0c5037f79f9146d5e9e40598fb83de819242e1c36e5b37c05a20ad73ec6ca5c6ec60bc318e2c0f0d908393939393900000003e877ddf73e063abb7113c5b4d99f7f38dbde0384669bb48c3fcba151fcd5c2a35274e7d1de580fb4a0b936c9511d35e2712ddec28919705e8f348e3114527bf20062656e63686d61726b73
010083f6cd94256cd11625f2c2f3e00bef21008b47ff263bd445cdef4a9ab05af972e539ededacf3075361cabebcb3b5cdf90d3d5f7187b5bcde365c6f2b5cbbef159f5b8facd0df7006a89d174f5c9b0b1c836ec60bc318e2c0f0d9083a3a3a3a3a00000003e83c63eed53437d862440d6404f838ab938a3bb40b6257c25fc5aa59e4ad12ef88ab4127dd015e29b103370dfcd4a57a51cded8560ae0f8ac7fba731ccc4b5b90862656e63686d61726b73
0100cff9114018be78528889625548f12e5c0082929129fb65514371685e39708324bd5eea51b2d227c4709a58ca6f67343a5ba28620e21096d6a03d0f228ecaf2804096f3889da5b6cbf22b9707a6d77588f66ec60bc318e2c0f0d9083b3b3b3b3b00000003e819582bce859972cc3cb6f587032d6a3ea8125bb2258407f077fb7113a95d6068edf4d2bb4c676316139a5f3fe71690a568ee35c3b496957f4e0f48e06af64b0162656e63686d61726b73
010075c4134853d1af8389f0ced9cced52520078c4743ffb3b075bbdd76fb64551ef88433de43acf3313918d5e9cb6acaef100bad0c50a01152933cef1d4562a3b956ee105725cd988b977ba29e7b4e53b80f56ec60bc318e2c0f0d9083c3c3c3c3c00000003e81dd3dc9a652c3e0f9d6592a4c440c6cafdaa0a3b5cb572f30d2c4c3c07bc671239b8e5b0988309ebdc879eaa6721a4441f22277004a695fcc80c7a4bcf8d560d62656e63686d61726b73
010059265844765aa61edf001495ef15323100b88c3884b285f276a01d1a126d9109aadd324d11cf2a8fb703b15f0c489c2a25d63f28c9801fae695b482fae4cf723b489705195c9ac0822cd256406199dc2986ec60bc318e2c0f0d9083d3d3d3d3d00000003e8d5c7159df68232488e7867bd3d6d44f29ff409915efec46a118edd32308e9dac45aca5eafff54d04b069918c5a18eeda4d3c5d1c4612ee2d88bcdeaa64c6980462656e63686d61726b73
0100a3e39de024503d4d56e2a6382276576600e64466afb3341b307db6db4963274ca687e5aae6b4bec885a85f30c2fd7cb768de5c7c70a52783c921ce88798b8ea8827eaeb986e22cbbd330418cdd6c227d606ec60bc318e2c0f0d9083e3e3e3e3e00000003e8c97939502966c53dd93f79c9ce1173afc9841bc466d63643baf3918241917f14bf79317532b7e0e3429ed409e424c8f01957ed56be5bb9432e86f3c7546df70e62656e63686d61726b73
01004b872cdd3918bc7fd3d59db2062c2bea0016386d5e543bf6ff501fb5c2f50eebf89b5fb8951e77f03ddd090dcc301e143c7278580fe4881bcb229c8cc6cfebee54aca0baf70dfa74f5df4f0b646bfa88b16ec60bc318e2c0f0d9083f3f3f3f3f00000003e8cfa70c62ce9c52eaa3541b0e88638538a4dc8a14fc4aae8a1d6d3fc25670a3b6c4cd7311849a77c234cb3dc197e7feaffc9eb380263e65c05cc2d2759bf7960d62656e63686d61726b73
0100f8b136fc56d222e5f1cc73b6af14acca0063916f90490a352ea0b50f335be25d2e1b59fae7f677616d43e5c176f09b3226cd93937c3b5f9b96486a93063c6d749247bf0465c5cca6bc9183fd5a50dc78f56ec60bc318e2c0f0d908404040404000000003e87c43111999fd1eb56c416658ca733ac34ec6ba31c97cc5a21ee8b929c4af739f810114f555eb08d3906c17c34d2eb069ba3eac87978dbb3928c71605a183180f62656e63686d61726b73
0100224e7535655c31e6db7c30da53a7c9e50054bda6781b6ed481f3c8f774d69c3f3f7c6f9da8ac8cec6bf752bb65f6ddd76e758c62bcaf8dee28b644f22c4ea15ce792a5b212158f6212cd24120b6d1546e76ec60bc318e2c0f0d908414141414100000003e86bc6369e5edbb51c8bf6c62d33c239d049bb3eb48d8f5e02f851895bbb4ce1e32a0a157b3203735f88cf04b8b3ee2f04cf9871d2b84142a35fc1f6671a31410a62656e63686d61726b73
0100d7968119a849b142aa6628759fb79e3400f8941e2187875a8f263f5f8c3a4cf5773f4807123281b83f33cd804e0f501163be5431ae7914554e46564284037ebb00a10ad86124d5cbea73137d0e409bb28a6ec60bc318e2c0f0d908424242424200000003e86c87547819fcd65dce3c50e596b6b37b68f987c176f9896a47565f15fc3189ee936946c499099564857df3964be9820c509fb2d977a177d7a652abb3f23ee50462656e63686d61726b73
010026b4b655b6818d8c98ccfc48c35b406900dbd4908870f7a0bc7038206e37ec8193941b9b7b661212fed72ab5acd6e71c488a84ea99a8fd7d30357e8b75ef9f1bdaa01fadc85acac4af295b78a19280728c6ec60bc318e2c0f0d908434343434300000003e80da1df6ee702697559f3360439a4ca568ee144f899227226d5feed1a4533fe968446bebf82ddfca251fd8601400fd5bc3e6d9d8332f971e97105aeb9327cf50962656e63686d61726b73
0100eb1b0247e081c7326676f8652aca1dc7009eef2c8bf1f8fd707e3d66c8578f0cb5f1b9e6fc717cb08fe96c283fbbae1a4a7ac5ee848117794f9f4c990464783eb5d3d6cf0a187b91dda72fb9b8f1c033ee6ec60bc318e2c0f0d908444444444400000003e8746572b653507c552f5bcb8764d755faf178ae12e6a0c32412f5e919b17da1606248506c1f2448533bb45de7927d28724def39b8c3e35a8ef333dd1cf06f6e0b62656e63686d61726b73
010004befeea80008e73931e635030029ec200a137c6d70b8746ffd9f1a4fb1de5fcc9dc70e523a4f8e22528f3df581a411d2616587e4aaba5fded1aa7c56b491607068217dc45fcd4e6ee4e75ecf2edb94c116ec60bc318e2c0f0d908454545454500000003e878f1d5f59c5b0725fc6c0d131fc3985409c6546df514c0ad61b21842258c7c7dff251644a65fb5f493dac8e381454842560decdd33f9871208d627b5597d950962656e63686d61726b73
0100436cb989b648ad9d8671a2a7b62e4caf00e3cf82877c39a122e1ba6efc6d3751c6c34de4bab1b7392ea8e09f2d1edc741473ca9e9378e65f52806060888afe375963978b8839189c58a9800107c3b5f5876ec60bc318e2c0f0d908464646464600000003e8198a1fa904d8a898387f65e1598264a10bcc37125e00c484674b334f9dec1cda46f053c0025840f70b663964d5a3ff3ca6813f4306749cc5fcdd143b0bb72c0f62656e63686d61726b73
0100ea22f7db3c752214906193ce21ebd375004365b75b86850c3cb3dded564de91c325bc4c20494711105491f6aaf658634611ff471d907b05b7c8046acaa776d54c3c3cb703e3ed59a2cc8259a8b654f51056ec60bc318e2c0f0d908474747474700000003e80e08a3ae89c8026afb744db918e01f3a0a3c87abfa50073399527cee1db70004eb8c4f096780eb430c14f213f503fc231dce47b9f65a2da3a3021f8ade95e10262656e63686d61726b73
0100d9388a285c64e18581fa8be82cd1cad8002e6c78227be198169051f3d1e08104161cb06373814e2192bcfb7c4686df580ecf6182e2ee75ea02a983ee5de85253cb9bf60b5ed2e86e68e5363b9e367221666ec60bc318e2c0f0d908484848484800000003e86fe56b40683726ea8748dd64c0be4fe6cc119c082b1a11e5b3839734198ab89b8f4384d3d64880d319f8c0fb9cea4cdfd1f4d78b920455428462959f65def30062656e63686d61726b73
0100a1e08ff03193ff25051932ed91b1235300e51386fe4067ec59433284ef402b0906c3779090d1021967fe12a7d36b8fb23793b7d90ddcb4dce3e57779882a3c7aa7dcbd1005c2198c683b8cad893f93d6a66ec60bc318e2c0f0d908494949494900000003e8d3329c42e82f005a5082c7b53292d6c88266e31ed073e63bfb46c369b7ae63407752c862c31899a825be881a33f2d83acc840fb0844eddc2cd14ff32dccaa60762656e63686d61726b73
010025164402c6d2e4b466cb0d61ec14066900d5321ec765d6b953b54d68e18409673efec94f558f74755ee35926630d643627f50e868cf482ec6a5e8b97a2bccd8ef81d33d2f32fbb618a642c3e776e4d80e66ec60bc318e2c0f0d9084a4a4a4a4a00000003e8256b32c992ba70db9765cb1a760f49ff91de30a5e22e64db29f48bf550be7349bd75897659608da9297e4c29680aad02828ea81b126af3ddee7eabaa2c5fde0862656e63686d61726b73
0100b593007a11b1eb8e56f9599ca5c226800027307e50f768ca1ea8d7c90caf1c180887e6ad342d249a6d42d6326aafdae96f4d69408844750c71a2824c0d8e3a29b2e033dd94a5534e9b5ecc3e2c337c95b36ec60bc318e2c0f0d9084b4b4b4b4b00000003e890835c96883bd594932548808dbd3c7038560d9bbfa84f55224ba4f60c322c5f7e42e47479e7e0e93b3446e68ed4c50dba8e039a943c910b77e9d3b1cdb0670e62656e63686d61726b73
01003e98ad881551f8031e4edfc1a5791a0e009b7bf6061f8237ef09f4f0df72777521bd127e5af7d8202e59ca36cb808e077ee7e55adb4ccdeedae583a8cd7a70146384cf1a3b398ad44318cead8657eced3e6ec60bc318e2c0f0d9084c4c4c4c4c00000003e802236f771969535dce006df81e89886a0282f1602a018216db2f2867000f99ab260a668b6e038e3669bb4faae6e09e0636b5a4976035b008e573f035ea1db10662656e63686d61726b73
01007deab52164c71008c65808da11d095ff0043128b78b964e6ba8db150567e8b8c2796175b33e849fce5f68906d5489605713c68526ba6c4183e7af13f6c81c5340934fe6f1ad04267dbd86597519ad030c96ec60bc318e2c0f0d9084d4d4d4d4d00000003e8d5c36657b69fbcaa2ee470be905a4fd91aff695d555902b8b4a929a7bf831d4a970d59b690b0474279369204c3d62b3dc9fa0c8c269a2878c0ce2ca7130fbe0062656e63686d61726b73
01006ae6e6847122d0b0589fefe9bb8f10f000ae670dee09628468e5da497de32339b3c32249f2a2b759810159923ca4781645dce3c5c30bc466823004d2310b6b9266a89de292a8621f00ec0eba3ac5df154e6ec60bc318e2c0f0d9084e4e4e4e4e00000003e8552c5026754e2fa95887d982a7ea56940ecf19130f764a026b819cede30385191474d329e6d00ba272e48a29643246b0cfc10326242a363a4547dc49eb93240662656e63686d61726b73
010094e6150f72716f2a34655e30dc1ab23600f14958390170634db149015c411a38d82818ca73f06b1c021585c8697494d12960fdee254c9cf8ea7a8b50c0cecac30135c6b4ba1b4f4ecd911d55d494e4633f6ec60bc318e2c0f0d9084f4f4f4f4f00000003e88d188654f695ff8b49bd232afffdaff71bc5c27d2e4f08129d49dd53be95ad86bb66f19754afc0c7d4207a032ce7ea3779db3200566a6fc2ccfcdf30bd6ac80662656e63686d61726b73
0100d3d58c1a9ae18eec50a71b2103ff4c8e0067c9fff53a3b2fd7c54ee0ca17fc0244acaac90649eb319999f099e3280926017c88caac67aec4a61ca6c3139044316ed79285fb24a72e4e3a96e43cf9ee75396ec60bc318e2c0f0d908505050505000000003e8279239fa8802995f71626560c63068ff1b857942abb1ae0365388ea649596e4ea767561460ddc8621ab07a1f281dd1906abaf7faa5482ba196384f021b2d900b62656e63686d61726b73
010035271197d76449f0ef6e459c7a26319800caac1b6196cd1792fa5fc2a8e415f94b0ecdccb0a388eb43426308449123903d4f163c22e48e46f05a20d8fdbfa8e4ec288d8a5e74edb1202310f1841855c6ae6ec60bc318e2c0f0d908515151515100000003e8bd81cd7b3359cce7d3781e7d7bf9487b949a2366f642a8a2777980fba7169e773d7cd64113025f4db5462de0cf317ac63009582c5b380db4d7074c07c59c170062656e63686d61726b73
0100aa804fe6fa92a700d0b7e7a22b071bd900473e9704302ae9e08c5c03de759af4a84e884085ea94382b4bccf41cbe56041ac74b2e2bb385d74b9225e0e2eb93d14fb7d6e818693ee7fd7ad6828f63ebb6536ec60bc318e2c0f0d908525252525200000003e858bbb7f2070d2f00964b51f84a9ebff5987e303779fd80f82d4fc1901a096bdb7acaed65be5010168815065f477bb8225cc47dbbf9d67862d88d0aef220f330662656e63686d61726b73
010039f97ea506213746793f937b990b451400928028d64c45f54db40d2c14248b5ca562ced54d73d9ab6571e224d9fd998c72574c5fcdf2fd5bbfd396d69aac42daa0ec85f42291cfd68fbf5c4159db5318196ec60bc318e2c0f0d908535353535300000003e823f887b9c983625b4fa74f519e6fa036118910a95da612cd11ba3438484aea254f5747ee228f299d0a14e28d1e2a09e47c61bd17ee08d2934a2a337a9236f10662656e63686d61726b73
0100b5693b6a3a22d3d2af6e87531f6634ce0018e62c37e578267d2c020593fc64b4f415f0dbccf451ca4345b78f0776ac5b2c95103c9686760cbeabfa88a28413d2ca2f886d16a17736ea16e7d6f5dc5c29f16ec60bc318e2c0f0d908545454545400000003e80113b14070bb14c4000029c6e4ec78391a12a4e8b556c5805f7ef0f24e24db3fadcbe3e35aba654b03a722d5ad9900d1ed815bb9cd71792ca8dfc511d1c5570562656e63686d61726b73
01009feb4bc95ecfb49383293343987c6e78001010069693885d712bee29fbd54baa46a04327e0e4c3d4e366720f1672bbd46fd80c885c14550016657f2b88674ea8a8a95016a5b99e5f22368d842570e9527a6ec60bc318e2c0f0d908555555555500000003e8ee914dd7c2a0de3f4068f44d18fa49cdfe609e0919b1f67c6dfefd83064abdd0e31f26105acfe042608c6702f6892da2594ab25b185302c12d43cfc9af9b2c0962656e63686d61726b73
01006d02c17df51759011d21b77beda45974002fc6a11f7948b5e9175ced950f5c451f9006ae137180edd55fda18987da6b8241734a3abe9a5a2b0d503e44b68518553f3be08375be39f671fe3d8bdb0b1c8d56ec60bc318e2c0f0d908565656565600000003e8da30f47557a8e32ec068f13276159e35db2e942f951812e584abbd7a2bc37883bbc7bdf773e7aee50cbb17cdd21c3ed8fd189fa6d55c7b04b99690825a1c370962656e63686d61726b73
01003d9d476398db788a176e7bc306b0da8900295c693c40663daff0d58153ce3494506536b2fc2d5a2da309980182178a1e603390a7fd68f209932868d1f5e8fa348da4f04df99574b9faa28af45f749d6ecc6ec60bc318e2c0f0d908575757575700000003e833d76757ec86f0242f2aacb3321784541ff386d720667f30a6f99824aa332957ee41cabf471906fc942c5fd37d736fa3135dac7381c2efac0919ec95db4e1f0562656e63686d61726b73
01003dcf8cff30624880aa7e38611514316b00bc6e396ab491af1e32a4f200770eb0b3042f3025929fc12f44ec469389ede43400215c68a20076398bf7dd7049f320b746b35b04a6a5cdbc6f614a6793a398396ec60bc318e2c0f0d908585858585800000003e898ad4b337a46d2c511c673fc83b2334b0a105375deec2b42010a7d140b8e005d2701266799608916271d395924677580e56da798653d119f366c90778e10590662656e63686d61726b73
0100758765b2590f7cfd1d73d70e5dca39ca0083947ae1aa5e1147a5e850e879a785adab4e70ebf78312e16b2fd6f2d2ad9d0b6e0da9fc60e8b969008a629463cd18b10eb1850008d4b334dfe6bf6d6eca75c16ec60bc318e2c0f0d908595959595900000003e83738f04b1f1ab873792c5f856aed9d6d9e3d4b9b9516b2558c8fe6ab04ff7063d8e610b2a1bb0dc0796d7c74a50f5a59c98d50c5824f78e5daf3964351d1000c62656e63686d61726b73
010036a57569a75a29c95abe0bc4bf42045700781c9e0f7d6047ac6cc18abb498e40c0fe2671f61a009699065d057981217851a10ee200ed1e8c627f97b748da405236bd76fabb2eb10b3b428d9781a91df5026ec60bc318e2c0f0d9085a5a5a5a5a00000003e8bf4f7e9831e3dd9671aa9964cca9c9aa311bc469b821fc0056751430d501099117517cd29c237ae18c96d7df3bf2eb1401b41d3aeadc58f08afb4aed58d2030d62656e63686d61726b73
0100eb265b00e28b6e84dd416762f6267dbd0026b5da869b06b68a04b7625f40491faeef5d9e21cc3cbf762c7922bbcbd7a0783a5ffa5cedf3335845466cfb9f9544616a7b8dde051e5f324111b785dcc9ab316ec60bc318e2c0f0d9085b5b5b5b5b00000003e893b28f78dd8a5dc80cb34aa6c34af66a4a1fe3e9195a0558e9f1065e9f91cfa1ecf7cdeb7b6621f1df7998303b92edc5bd9b28318fd7baa44a612b264793e80362656e63686d61726b73
01005b2ea4d2378e9f14d1a8668357f66bcc0001eee3619ee3b18122c353e95601f100fb97cb4c674649a61ebae653df0eaa5961718769c91bca48c5bcb49b3e2f6069c93be73a41cea3b23f94e5e095c8af426ec60bc318e2c0f0d9085c5c5c5c5c00000003e8c10bcffcaee51d316f4138ce205fc28412a0291093d41d56ee715aaf6bcad47c9ae5954a7367cf9286bbc55d594550262513cfa0b42e704826abaffd75355b0362656e63686d61726b73
0100218693df5e004f159a10721a06fd5af7000d96202f5d9d06b8f552149994e2a68c9dc6d3224f47e1d88bb3d8cf6e262a35b96774f36bde2e482c66baaada9730429a5e7f698ee847ecaa8a42768b15bcb86ec60bc318e2c0f0d9085d5d5d5d5d00000003e8e8ed4f8df67d2f77cd371033ccef44587dc83c6016d09ea81791d56b0983272a1fa8f30ec4540fe3fbeba82a136921f3b2cfc2215a99ea737330fa96ed6a040f62656e63686d61726b73
0100dfef42cbf0d25fc1ba144e50ca271a5900a47911112d35f3392d3fdc4ff5cefc14bd33e99ea648037279a219678292d70a06d452a639c6934b87da6207761b9a26475bd3d91e02c49fac47580056a677746ec60bc318e2c0f0d9085e5e5e5e5e00000003e818c37b6f190f7c8a9d87857b84d22cc44566f6dba6c8005afa8992a044c8102800794e2a5273abce28809170cc66b1db55a5d7281ab3f7b8b74a8e0acc95fa0a62656e63686d61726b73
0100719628a7169a9b8907692694c756dc33009e3ed2d7ed7ce65a6c0f7fce81d2ccdab97f4d07375b0d4e188dddd1d4808a006d8e6c91dcb1ebdea9ff24af01c9823b0fcf4b39893e08230f5f0549da4d0a1d6ec60bc318e2c0f0d9085f5f5f5f5f00000003e8acfc8f2003befe65ce1b31773762c2b4a303c49b71b1352cefa11c8962f4bc2b33f6220f7944ed500893153cb147b86e76b535af828c9b47a17fd83e839de10962656e63686d61726b73
0100c83a53b7d436bd1acf734efa1a4ea39e005ffbd426963d614a9adfda2714aa6271218fd031b4a7b2822b4021751391a34b3d2fb3feb57554de10d38f5f09f51b0c7a425a87e9d9b1b354f74a61345b93706ec60bc318e2c0f0d908606060606000000003e8bad1b3aebb832a82c49119ee72bbd4a9316be7f4c1ce92225b8a546781929da5633815870edca04fe314ee836eec39c638e3b8ad34d8a0a3d8fd02cc5d08410662656e63686d61726b73
01001f97383875fd00541b5a33e6d83a3a8100a214bfb1ca0f783f2f1195a94c94749d23e4377a656c32c4af127a62c91a2969b18a775cccae8acd7ffd0556985a47f6c17cc002bd6e497f1caa940a7e81ed946ec60bc318e2c0f0d908616161616100000003e80c9027bb9eb777abcbca58caa160b322449854f03731ebbbfa6c5faaeee1df3a19bd2c94aa217dd32899536fb33c624a407e358a6239568b44a2b161ca57e70262656e63686d61726b73
0100567c8dbf6af7300479d48efa83a2ef6b00cfd49838786f4a180c020a8b8e5dd9a8b5c36c09faf29978c89dece283bce21a96f40446a1a30f5de58d37b35126b493632cba2f9b273c48368adf8c15eb687c6ec60bc318e2c0f0d908626262626200000003e86da9fea0fe2bb47f45407e35b659fb13b0313a52e1ec539904d8f5c6b6d73353d825b01846354d9224e2f7d3c50b1e3935775b34b470057f1590968af0250a0162656e63686d61726b73
01002ef3b184a5ae2985e9db90d0a22ce36f002a9d5eba67d98c65d7e3c0822fcf5eb1cc2e26ed7bbd9811ffd4287c53dfc82195eb21572d9522ef3aa7129cad8b7aecf4e4fe6dbbff774ef63645b86183c22f6ec60bc318e2c0f0d908636363636300000003e880fd0062bae92053fcd005b624b40cbea180921d2c5d37ce3ba0d5733bfd7d8bcb85fe6d44ace94b6a24100d066188d19a7119c7a62332af97f8f30e4d1b120a62656e63686d61726b73
0100d0dc3cf7f4bc53bfe431d28dd6b8f20300c2018cb8cf164164ce0a65e646b92a61dad881eda01abc6c037290289117fa61d86bfbdf69beb2dfaaa4c374e8d2dc97569d5c90f866ad6e7295f9fd35e1cd356ec60bc318e2c0f0d908646464646400000003e87fed5f072e6ffd7c44f6110d933862c8112c7966142ac9a27884d3cc9e8d836e22545aba3634e714bb4d3d2863af1f35834dd6550d2d1e9c1a64d9687119a70862656e63686d61726b73
01007b3fb8179a9770b4a9fd1deec8c4024300da3437f1e4021b3c6ddb8fae8f8b13924f9ab485528da151a31a258af4aca6548fc08abb08f20af0929291e6979851aa8c55262f72343c643a8d3fe1ba47c1806ec60bc318e2c0f0d908656565656500000003e89c94ba78f6269cd7ca8e25666414caeeee617bf6975256181dfa863bad87eeffc5c168d5ab3eb98addd1942b6dcdf28b74a9fd7136ad869c9f38a473804b400b62656e63686d61726b73
01005ec7c39002613601d33fb938a5aecc130099256df521d4abeae0a49c435b0e51ad7c42397a418d9af3154d09c359964b3ff6b72161311baf92fab7e2e1ae81fe322008ffa0fd80aea2869bd3be2efd15f36ec60bc318e2c0f0d908666666666600000003e8d5aaf37ecdf1f5355863018acd535f5171127ae9b16e9e3fe13b9896f5f69c1ff791cce19ae134c5d2cb57f42df46cf5645c49106ef43746d473fc5b5c29b70f62656e63686d61726b73
01006fd9c9ce0c64cbe89ae9717d2896e979004c7fc53165eeef0fc447ebe4962fbbf1bb877fb8a94ac2b4f4d53b3588ea56333d26dadcbea8ae2cd51f38472e1c374dba1130164a838a2e7efec787b2f944bd6ec60bc318e2c0f0d908676767676700000003e8084180da90f3a4ae4353f7d123b62d7410b8a2a1ad50c3856737970c75dc4741127c6fcb267170442394500a4030adc328c3f52435960dba265ca1e2c1cf700f62656e63686d61726b73
0100d59c5a2d44573fca989aaefab0b951dd006e5466bc5adf3795830ca38bde44a332e3ba9a62d3f1593136fd4ac31817305850197786cad9a5ad9fde3d4538a596983dd1ca9aa47bd629f9b0fe61583ca9eb6ec60bc318e2c0f0d908686868686800000003e8f8cf69820397e8aa2fbb5c3dd77076b71a0775a18a1363fe720e19b43d25efd25ff61b797d13801d2b51e1c922e402a3d4077ce297a605c3b739b9e47f20a60c62656e63686d61726b73
0100835674526a63c41a9f9d2dbfac171b4200bd7d3e1ce49d5eebcc480e06325564067553dea71bb105fe4c106bfd983c2f55d97f87f96f4d90f1ecd47d180dc444ad06878c6d3610376d954a8ed4226f8d666ec60bc318e2c0f0d908696969696900000003e89d4d177898901deebbd1713cac935eadfa75352e49a3c9fe55889d4c3332376f8d415dcd5eb0b8fab5344f9956df24979f39fbb02f0b283dcc529577e530af0c62656e63686d61726b73
01005c1464f40ffbcface14fe2b830aec24a008ac551e7aa3ba9c1f8f8a00657632d6e949030df4f6493633ce2cfa05a0d5d69e4b12e56e3dd4a0857efe6498f0171f352fc92823fd53a4839487460443861956ec60bc318e2c0f0d9086a6a6a6a6a00000003e87280e2f1057931bcac576303aa1c09a0cb9ed87a233578649eb54524be000c06ebc51bda357491dc823c034d56e4a87e967fcf37ef05b2c04a85f3bd35bdad0262656e63686d61726b73
01000c1d987889bbb892f449a24bf9ce42300014e785c322561038a65168559aa9d4e6f9fa336631ac850a4005828581e2b8000b61ac982e03500a1a86e55a297d909cc3530be7a7d0634ead8e29d92d2d28616ec60bc318e2c0f0d9086b6b6b6b6b00000003e872f35d90e44cb0523838a60430edf4f003fa75de3e3734e5718301831755b760cfd010fb5109fb20e3969b088a681b00d3702e5309c5b5730531f1f5cb7cfb0162656e63686d61726b73
010077a6aea1f3b29946acc98f87ec6745410034da94c9006967c142ad781d21277bbfc59b974e478b2ee56a435f105b40187bf4c84fc78aed5382d822144d614771fcc0559ad8f5501bf1757f04410d3266f66ec60bc318e2c0f0d9086c6c6c6c6c00000003e8cb14a0ffccbf1980be1e0b2281f25ccba5abf7608f270fc9919f57ddbed579558732c769fefa32e91e609719ca1b89fb27708e0827b0ce1cb0998d7f4ceeab0e62656e63686d61726b73
0100ea04f1d32752dd36f6c902b44598ec3b000e318cc6d2bc40c819eec48f394dc875fcf7624a57ed912de2e0e9576be2303ca2c2aa82e90ae655a8c949e9de3e1a0dba60fbe338fd3a16712d92314bcade0b6ec60bc318e2c0f0d9086d6d6d6d6d00000003e8dd1aa3b3760587833027b229f6732e9d13f45536e7fa4716d90779eb7602a8d602703d4c1703a9927fa90147400e71be1b6d5a9aaae326d3b49d72fc742ab10b62656e63686d61726b73
0100fe5149a73075da8a737d36b3d44cdbae00a33e91e151976f3953107b04d9625cb77aa76825e405cadadd7523855f935f42649fa30f774dd02b02d194f711e160e48080bb7c2ff848675a41a42309edf8596ec60bc318e2c0f0d9086e6e6e6e6e00000003e800436884d65e3d453ec4a5a82242187f5e7711df1c6e93cade07da9cc6c212cd70c7014377741deb01f23846ecc72408ab96c44a1d3de50f1ef834c6d785860e62656e63686d61726b73
01006805f79d9ae81da32304809d1f2de9f200d85a1f5d1445266199798d55c10ac5e2447941a72e3fc61c0796c7e96d0a0c3285f830602a3a6891507699eeebb8f0f6dd9a609a6fcdce23cfbcc7b3c0f11c156ec60bc318e2c0f0d9086f6f6f6f6f00000003e82141d27fe5938dcc1e1557b8d084b91597a4dfec61b49f8cb2d286c321ce76631dfb82c0f64b4451e06043fb0d8fba9d2e4fb84128a16729623b7715a4f7200762656e63686d61726b73
010002ca69204c742c9d764d943cc43f974f008b9b51b951d166ad251bf7f2c1de56f99357e2e9a0ff995cf1478affbaa3690a80a5ea6a57e0c241d774711ff23fe717b4f4112c2b38e2d18176080225c5c10f6ec60bc318e2c0f0d908707070707000000003e87c1a691e18ce7f90f1fd35b1470bdedd8829435cea3a5dc15758028bf890c2be5ea879ff48993b4052b0be10ff3a0bc12edb1d84e1448d71536f19f099cea80162656e63686d61726b73
0100c240e93675c29b97af2a90662dddf477009ed2581e9afb82e4c021289a40d176e634d1d4bd41915275b705760de229284c12ae3fec7b3f48ad7ea9bc335ed322022f18cad48e061fce9f3d09db5628b2376ec60bc318e2c0f0d908717171717100000003e8cc4d044025d6ca5d779662edae55213623d73a44974afd00626b1cd8069f811c6c197050088b58eb430041587ede9e24758053953ef1dcdc99d5bf095b98ea0e62656e63686d61726b73
01006088253ee8b4d65cf80804b40368c1ad001f96089e95b6a85d2a2c3cbfdae6a66d3921796c60507c648cb15358e66e827f3354bbdbc62c00c1e803b5f840014556508816057936f5b55cb6a5871d0c87c96ec60bc318e2c0f0d908727272727200000003e891cb56645ca3f0bc3ebb12eeb859cd7fd02e578c1641895168351ed0e83028db7adb690c6d0a15b91267733e36b172d098924d9e8352fd64995951dd33f65b0762656e63686d61726b73
010049497ee2a15cc1a95f2f63f284edc098008ddaaf3a0d8faa17fc79f411fe3f2a1108bfcab6a368d3f04b3c16ce758fc1334efa227ecf8b40ec707833a7094c669f589d549ef2fc7655c620c4db785e8a476ec60bc318e2c0f0d908737373737300000003e8e378d885b7033dcc4f3373378fac8b52dbd71ba258cc3a80d0901db404e7eda1b7229025b0caac36cef3885fdb0b5d355954c0032f18b04937c7475c88130b0a62656e63686d61726b73
0100457d5af128a7fb706fa88034a0a8ae76005ab255c44a3f5b5f230f56b577083e985b35d192cb8962a75ee9f476c36bfc2748d6e98f5466ec04d07b7381789b729b279688c445d440c0c01772b677346a606ec60bc318e2c0f0d908747474747400000003e81f5960ad60982d41b901a73db550322d6a740315ce8321e72db7ab02807fa19940952ac10da45ab2b2fa1197d85a727a2944b560c038c997108ebf7e6a44030a62656e63686d61726b73
0100de90bb22a0513a4e45cffbf4b690beba00bd5f160b1abd881696c5034a2ee66c81d3fa6f0e5793e6a85e8e3f7d7793c9647fab2d1e71b28fd07ee46d86821d5c25bdf6b7dff4498ceef0c6b0da286707126ec60bc318e2c0f0d908757575757500000003e89c2654c7d191970d9fb2338b499b34903951bab2a2cc8f8e390c4da9b3af9d24313968fdaa19b1e84c98375b4f6aea0295aa66ceaae179ec101d554506ffd50b62656e63686d61726b73
01008bcbdbebeeafb246272988acfd9aaf9a00952ece51a726909c4d783c109271221b4ae165d276e5212b8a5f96cfd779be3e15a66492d4210fae26ee95c1c47d4e50e9aa679376bea66322ca3af986181cbe6ec60bc318e2c0f0d908767676767600000003e852f5b7b46fe0cac6c44daf236951e34697c2767bd16e3234f9013565f917cb054e3ae1b009988ea529d146308f5ad2420aa3366119ac2f89da1c4f8a0eca8a0162656e63686d61726b73
0100740a3eafb9c193371893568535bfe3900072315b5af11ac3287304ccdadd85f69c695ea8e1ea96eda074a7f81f2f04ad17ff3ddef390572b0b32351088a87c15f7befb2d87d812c03fce1d4dab55ce56b16ec60bc318e2c0f0d908777777777700000003e8404aaf8c44e22f93177a20f09174405c5763e63ce99498be3b91b0fd100788cef3ca7dc9c01e59a9d4f619e02b0c4b6a6bbf4b27e02f0bb3377b79b0e6fa0f0662656e63686d61726b73
010072d45eac7d95748aff19ac44a241e4be00f65187ae9e44da4892a7c495856ed5a804c037e0f191c5d24a3d120296a38512ebba33c616e7b1f9e48d0f202356a06d4211297a95d0a4ccfd2c25c8973907db6ec60bc318e2c0f0d908787878787800000003e8ab7975879f510b18fd42f9f0f2dcb62ea297fb280a99fe1a8ba09bef08c9c94059ab428db5b3dde2fad1ce8d5f3e176e1efdac974de3e8e2121c9da27319eb0662656e63686d61726b73
0100c184d793904aaeb1cfa25f67ad28d696004b54255aaba846c16986c17701af2f8bfb27d0e1c22537fc1ef74ac3262e6b3f7c4b714691ad2e781886101e8267a0523d3686dce2e13a46246502afe03395196ec60bc318e2c0f0d908797979797900000003e817abceb9ceaed8fc26b0ea690fc16942021467bf4ff5c55bff16825eadb1bd9f134292c31d25adbdbc6e769ace1b3a3c6892f0a5bf535f68dd67e7f75cc77e0362656e63686d61726b73
0100ba664b7b04882776d33b0cab6b7070bd004267498b3f0418995ed9adb10791a4f39ce57aec0d3f7d9f09703443fcecff367d49069e3bcbc0f3cddc2263d20f85b45a99538f87df52d91752bee7ff45acd66ec60bc318e2c0f0d9087a7a7a7a7a00000003e8e01d10e97b116a0e6139415c60fa89d5ab0464b36db6acec8f803d2a5d38de4bf89fbc8590749fe1ff86cb24dbbc84a7eb6161596e633f46a21c1bb5402f3f0262656e63686d61726b73
010007c4a41cda206cb8f12502baf7bf868b000518aa0d08dabc83fde0d62510d9be46b02fac483989ac8ee24ada34d34374056df74401eed35efda14b45f71e0815ca0fc7604ef6eeb2f9b71db611f1e5b14e6ec60bc318e2c0f0d9087b7b7b7b7b00000003e8fa25631ef6af1c17441bb9188700d6e212e5147ad677b92fbf87cf033e18e286a58f2bfe2220f17942709515dcca2a6761b730a4487c14568eb593a9c379050062656e63686d61726b73
0100b08dccfd09b60c7e9fdafc119a18431b00d8b4f43a86db6d27c5dfd98d42dfc593daa49d81418807d1aba8c53822215e516fc4d96d0e21751d435de3e66a6e3bd3be73c8764c6cb5b304c7fce31a8ca7676ec60bc318e2c0f0d9087c7c7c7c7c00000003e81fd374746b1dc5276f1ef324f4c1aa37d13069c0fae353e4ef3a32a863ed020d164347170493f8998f09f5e5ce67747cbf75674b89e347fbfc7d233fe481f10862656e63686d61726b73
010038238b3ad3b10c10e455684c57f12546005df3249bb2ea365acfbc41f4f77d4fb691755adadeb6faae903d1de1dace474a502659ae3c752b37702bd17202405c0c68462560c67ad3d31d13f40f633b952e6ec60bc318e2c0f0d9087d7d7d7d7d00000003e87d96891e42e519233520029328bf00c2b2b7d7e4680826f1159fc524ae157d7966ac2dd26780c5fffd1c8ce3885bfa290efbf91777fceb541b80252929d2740662656e63686d61726b73
0100a2758dcfe568ebd707e6c66cf2530c04001fb1e6e7302dceccb80c2c0dc512513aecfde918ec36a25aa07933e8eb344f08a808fd611a7b2a827d3009c640296d0dd620f9a66cfcc5e3a5a2641ab25870976ec60bc318e2c0f0d9087e7e7e7e7e00000003e8986c22fb7850e6c89a4d830b8db9c2b2d7ddbf92370e9b58b9d96d4092240e5c1d9b57c76958fc9e16bc30c06f59f75d5c0ecf29834dd6aa1395beee6c00390462656e63686d61726b73
010066eed07c1bdbe3f09d9391e9c8dbb50c00c8af1e9d8b0f109750d92e1a67b161ca8bea1e468ac40a1cc4da2c7db8307f5fd6988de99e3e3cc02c701a1d11fefed2ee9068b10bb0d7af16176a9c673e00bb6ec60bc318e2c0f0d9087f7f7f7f7f00000003e859b5014e0837c9b49caaeb94ded01608b6c0979959e2215b3b2b0a44640553101033d4451ee78240d5fe17ec4c00acd60edec583826cce714352c4b72b47400a62656e63686d61726b73
0100a8971d248b10c35eb59036e6a22ca21d00c48e3d9e69536eedf7a98c8a0f007ca9d18f28cd4c13fc17b7c631fe81e3a177eac1bf6188767da676ada32214a2733b951a6f1cb316eeee05f3f362a342c13d6ec60bc318e2c0f0d908808080808000000003e8034adbdce57fd3d9b2e159adbd467609265012c378ab914b38c00037f1e4a9cd68152c11206a159777efceb8ac8c67f7c2017d792e1d8d24908fe0b4992c6d0562656e63686d61726b73
0100fd3441309638059caba6197bb9fe158d00962a349a91b8ff44003cde1761e3245523200db2a6bdc667506ce53a51507847bf82d50733578cc127ef36f35d0e8a6d0b7332457d97ba89431683fcf81734466ec60bc318e2c0f0d908818181818100000003e8270cf14ce6be6dd680e7e92811931b9685f371129b3ecbf7c78866ceaa18ec2e4d5433ee7feeab292138fca770481c1004e9ddd0392690f93891039e2b84720b62656e63686d61726b73
010032e9cbddd2aec5e20ba311ff2a1d70c000dd6efc0a6da8dd8e8cf2eea3f9b6e6345480a488128268424574fb7b2cd1ba52f87f8ba04b4d0e936ae2a174fa3faffd1df42d011830d368c09480744aab01a76ec60bc318e2c0f0d908828282828200000003e8d1e2af8696ecc720c15525e0e73874f1e4b81fb46c8bc0ffec150ff314938eb134b74366a388149c9a10d16144ea076cba2755fcfde71921ef03c5d80e84060062656e63686d61726b73
0100b6fec770d731c420fb3b9cb00e81d872002877075ebf6b625b72ac178d09e7b5c95cd56351565c8e41599d1fdaff4faa24314a5047cd7390138dc268b6d486610fc91429d21bd0a6d9b0d43aa84d50c6296ec60bc318e2c0f0d908838383838300000003e897c5b4f90d3a45979b533db07326d590cd1e8975b2523d210510c23ad7ab9bf17e04e9241f4b9b397499fd6251bbb3684e4d25781d07ba0c6e5526ab7abefe0362656e63686d61726b73
0100914a710c0ce83951ae5c4d8e505d499c00bef58d98700598f00f4d3c3d3557d5c1aa7cde533f33161daf4fc451f66c707947eafae84a7dc71d108774f82b7c7c7c42cbd353ac3b2f6d1b93a53d031c3f786ec60bc318e2c0f0d908848484848400000003e804624cfc7a36234645b02baf83be363ee6655e6fbce89458a0f7a2830f8e650c0317def74107b447d9d23cc7ee9744dd9e9d621a89413795450484ba63b8320c62656e63686d61726b73
01005eb166c0de521030788f58a2a9740ed800fd7484f2b52c632112f8b14e741548b26a98aa487054a22843c5829c49b9047365f677eb6f5fe02780b59cb8303d64bea9470861f484c1cc1c7a01881a23c2b66ec60bc318e2c0f0d908858585858500000003e8f9ade0a42f73a457905a89420a0d774777e43818ff0fe2676e6b69bb12d23b6f3e6c8d00e48084fbfdc220d6b6eca46d96fca120f5927cfde30e733712dc130462656e63686d61726b73
010011e308b8797ba9df024ec7b8840707700015b99df18f42f43d5a832edf3f4911ad5dd788afc8818bef6258c4400535ec746ca585c2b6dc47b4207ed9aa151db0e3647e81b5fe6bd9c1eee746a051874acb6ec60bc318e2c0f0d908868686868600000003e88dc2b773ccc71a2dae21c6f2612a228b65882dbb2bc730a6f14d70d5b07cf8397d7e7f96cb5953d058c75dcea5cf97e212a3f6e98a314256c216b5a729e80f0862656e63686d61726b73
01006923ec2152b586d2b7371a8178cd49b400dd2bfd2f93e5531e22f333b03663168858d4efb199326568fc9123f23900e564dedcbafe5a50dbf8761471ad690dae56c39818413e6e1e459c6cb5ef215f6c5d6ec60bc318e2c0f0d908878787878700000003e8ba516fc9cb71a83d5b40a7de0bb46e7d0628bf0745603ef7a4ff819ed56a651bde5737e1cdccd7687922c9e1bfe493d5fc6f2e4eb8556c19a198f87a31e8790162656e63686d61726b73
0100b9d3f6708466d77031b266ff4c8b6beb00b55e8bbf70d41060b9a34ca180a63ee4e299b302b2173aabdd7915bca19399740986c3f50a2b37d17403b22281e686fc3813aae081ee5d8d48d2afa0e72cd5476ec60bc318e2c0f0d908888888888800000003e8246c5c8890cbb2cf787d725573ec54579efb34753e32834f5e4eb2c2d8db8dfe48e1cf2000102b47415c90f13a6e5a531b458594c23e7554869e2e78e6c0950c62656e63686d61726b73
01000dbf478f6d320bd73060f80e637cff900073a0d4b7fc5586344fead86830a3ae99aec9d0a1354c991da7a88cfe558f872620c426a8691004df251651f9395931bf1170db8ad1838d3cf0156ee09de60cc66ec60bc318e2c0f0d908898989898900000003e899fdb4b3dd44fae10033571195f20aa8bf5f52d86c25948b87cc5000aa0749ebd29437b6d77788e3552016433fbf218a2d102c8132f18e16fa54d78e3f10a90662656e63686d61726b73
0100a624be37b527e82214728b6bb35aecf600bab302bc572b4c4e9906efaf6da4cacba7dd20eef87ed30943c409e1e5a16a30a6ead9d9aa6ea51c883c57d01bfe24b903443c2dde95d43b283eb9230137e6b76ec60bc318e2c0f0d9088a8a8a8a8a00000003e80bcd6c149d163ec8d485a6819fda5f768b59bf139ca97c25f56c367946bde7f4ef703588de78962eaaf099f9e3d5d66e9d8051879632634b1832694c69c61f0462656e63686d61726b73
01004c23fa48bea45804e28f3b795184afba00bd3ed93edb9e740f06fe7ad77cf8b517f29068057f2ff296cbe3e7675babee5a922e46ee2ec6ccd52c6d6553697b323f7b435909a8d16d7570ca01ba034ca7ae6ec60bc318e2c0f0d9088b8b8b8b8b00000003e88927344839d81b2cbb01fa67436f33d7851a0f85d9ab38588a18ac01e8f3ad5a96fed79affc5c685fe8caa7243232b6212f1cc80210b59f3d476ef18ed00b10162656e63686d61726b73
010010f2434b481dc70fcc6a5251781732680038a4b3c21f584852113ca2583e6c1513a5fd19407ca4a29a765f115cc41e7f5746a9b34170165e46849ed583a0d3bd778d463129067025e144750c415a8ffd7f6ec60bc318e2c0f0d9088c8c8c8c8c00000003e83c1a2ee9ad202808255e52b6fb84e26f1488ecfc2cfbb194d4a266470be8347e6d652c6c1c58e4901b15d0feb792d2e46a433554db499bba7ad63cc16920c70362656e63686d61726b73
01004fe07210cb58110c0666e55056b040220008ecfc5297ca84e673b9eceff4283d2e743863f095ae1fb53844639f8417e46963dfd913e12f930119d65faf3f11df9e64b5733a941264041d9f820b6a2037c96ec60bc318e2c0f0d9088d8d8d8d8d00000003e802a9c923d1a7e13e78a0735c045f957782d5cefcacb688fb15dfa65fef678fda41c17ac27a6cd6f318774e20ef683f2088338d719176602af175fab70b96d40f62656e63686d61726b73
0100399de1b20ea2ca1051a38170500b156000cbc5397c10e484aa659fe3cb221deb3e40a62aeccf81831629fdd40da0fd78781c23630e77da5c58a13e996f5bf901f91111ec3fafc38f52df0b37d963e4e86a6ec60bc318e2c0f0d9088e8e8e8e8e00000003e82399d7d69100d7fdb9478425beb7610482ddfb6acd8625fa24c0a40fe6550181580f768e7901fd5260a65bd7bdad81e48ad154dd9d50aaf18220f8a08b70980a62656e63686d61726b73
010014eb247ab1cde81b480366a695c4e7dd007cb8eec630e67f202c6e6d0f9e033631d9aad37bc69bd76b5ffb6ea22dfcd77db89099080fb09ccc525a31225a1afddf61d5ab6fb4927545d6f17b8ec049a3086ec60bc318e2c0f0d9088f8f8f8f8f00000003e8fd4687a36a0241ca963cf55e03a21e8765f2ad54ae8da7aaf1926942e2750550c9b4d294c8fa5c9e61fe6e0b52a4dae4b95ae59481abcacad5c7be5a0468140962656e63686d61726b73
010039c397705f54ccbcf205e1736ba93265008ff79d758c3578f810852841aa163cc3c8bbc34484206ef188db75034148b541d91feb1ad361b2ad014798112ddc0cc11392ec08e1725d20e25c70e73660c6086ec60bc318e2c0f0d908909090909000000003e8f15750ad96a85dcad409aac07ef2e4d610507886e655a757da49cccce96521575a42bdf48b8faa875c2993c92609c044a700276f2fe639c65d663e5d08dcba0762656e63686d61726b73
010039e99a766f88a4d657e2d773b58f583e003b3c5ef55429b2a01d56eb47e9bb74dbdbf56b625f043fc1d0c8d08dec25d7689e6029a902f0df14d24559626d274d54cf691475ce66d520393801aed0d03e196ec60bc318e2c0f0d908919191919100000003e888e0b47f65b9bc7ca46367bc2712f8ea8733ab8ec7642f127d7548357609746e4843768dd9a8ccdd9510f9801862d278fcdead911e47c3e9880af5d6cb1b450962656e63686d61726b73
01007172763717cbd21aad2ac2837d7e0800001918420b6ed3e7700fbf99804628bcf34a56038d1e54144932b7eda07deb1f7a7d05b9382b42e7ec78d39e4f415aa15a6f7000fe827081e0cacb6c99e54c1e326ec60bc318e2c0f0d908929292929200000003e8a982f6a0c6165b63c36933c03c7df7b98572beacc6d47cf30b75a831ca637b6aa235cf1d5e023aec5325d03f0be095985b311663aa83cfa49c30fbce90592b0062656e63686d61726b73
01007e9db7f40987ddde5a25de925f8cc78900c4e42779026d82f6e9c6260dcd81986cdccde89a330fa7dda288cb31c3761173af5bc4471d49df5bc354279b3b58a244daa6a010ebfac35b800c43c266f0b9326ec60bc318e2c0f0d908939393939300000003e8ed7a0e62b8dbcf2b517cc71e321298b85d11d26cd5abe141f2cece2de13282148bf59690b2661db9cd10f6741d4591e600e6b5cc2297957ea079e42a4a3a470f62656e63686d61726b73
01006e173c7f6d3ea3cef759ba1149c67328007ac3b60a56725f083760c992b01cc26f661cbb76c44354386d8ec63f5ccabc5f07dc3ed5a6a5f20968a158d85bdce6485440b8d5e7df9492cdd9b66185c6f6666ec60bc318e2c0f0d908949494949400000003e8507fbe38751724aa2f16dc15fbb5c2e06922d849091a6f1410bd7100ecf1ae068c0597eddf2be67d548e4183c26518e61a7246a80501308d9c9dc3bc69caf70c62656e63686d61726b73
01004f14fc6563a0d79e6a0aa0612c826200000472741fa550bd33afafa76ab5f528724280d07bb4abc69792522422fbf0e258fc54df4527f451fce52b78973b135394182a3565e10fe2b72837a133408c7bf76ec60bc318e2c0f0d908959595959500000003e883b595afb51bb039b7580c695a04e17c5b216f444661fff0755ca435ea7dd9ae4a8c6a44e4fe14eeb36e1252151ff6486d790e3e05c5b7b1358857d6e001650662656e63686d61726b73
0100500f7bcc00a39849d028b382bd943503000803da800d2f110e17c8f9d38e80a76bdba8ec1c748195f3c00ce771b91235197674e8071d502c002906a825cbaeee3979eb7986633bf8e654e431e5f33a36986ec60bc318e2c0f0d908969696969600000003e81b837aac1526878ba7dd9969c91f248cc9d00b4d63ae8ceadc896c450c0cd9ec833a2412281c911ecfeac031704ee8e19b91f3d81a4d039b63118e16260eee0262656e63686d61726b73
0100c0acac2180e2b8e1796e482e7d2cd0530071fbf6ae915e30a7086076732d7452ca36b172786677e1eb3b789565fa84ff52f1abee9fdfbec8b9e105a20d445f5bcedb0243ecdda760d9c333887c40794c486ec60bc318e2c0f0d908979797979700000003e86a5e893c9eb2332d1fecb2e772c6f8a3b114e527410cffac651f70c7dede0882a78f95880b7718d59199f9171a03a40250fd3322801f54a3a6e341a18b33fb0562656e63686d61726b73
0100ab8b16388a3bdecb542e5674b274936300b3f5782f67b8485332546b06af31c904c4344f52caa4fa6106d7faba1db05473caa663a2ad97df38ece3a0ae1316ac26f124470473075fd5128a1c7bac94a29c6ec60bc318e2c0f0d908989898989800000003e83f72fbb5a6cf19596eb475ba35600a5a1e065fbca6c23f42c1c396e7154469b11c87a96e78703cddd1b8d729878cfbabddf67b8990e096e11367c4d28fa5f60d62656e63686d61726b73
01008614f3457cf16cb6bd7f4eb5279be93900335ff88c2ce1c7850f1789eb63224a477dbcb03b0787a12a49fe06ca78f5e97eac3d0ba26edc25021bbef24e1079fa1d5c6fbc0617e21fdcd0b7e5e58345271c6ec60bc318e2c0f0d908999999999900000003e8f97b53121f24114661502773ad41c34833884c88b5d97f03189f7d23e4381fb5021921b95ebb643a7903f50f4a4c52c52420c5074ab66fecbaf8703fd8bfb30e62656e63686d61726b73
010097eec30835f04e909ceaa6725cac642f001f097965aad9e4efcd787c8534dec957b2933ab4b7378e4393e9a7e8c939b96dcd9b531e4bf97484d19ef9fb37d1c38befc8ab099ce5a07c38e14b47e6bd342f6ec60bc318e2c0f0d9089a9a9a9a9a00000003e8ebaed3f9cc2f36d7b191e591035c0d8753556eb9191412e10036702cc13e8e9f6f447ec833932eb23db91a3156290440598cb502c27f6c505aef2c2edd6c120f62656e63686d61726b73
010001a6e20d7e40745dd7d4c169c5411ab100e722fb4378100d17b94c77bfc7d105c53b18c1b3a9ee4aeb4413f2dcb21f4c49be9e6203080f762ccdb07e0838669be42dc656fb8f7ad59865631b02bff6b7386ec60bc318e2c0f0d9089b9b9b9b9b00000003e8268ee18693dd57d7a52d9a246edd037552a877d9d2ffe4aaf16a6fbdcc9ad93e3fcd11057832ffa31328aac7bc40bc0ce2c95bd3c2c3b76f52b1ad7de8566c0762656e63686d61726b73
01003847966c473e024f21d54ac420989d4c00683a86ddc892c120e85d7715a70f4384b57aaeb3fe67da64e5610e52a666b144b6f49cf0d3d4b10e2e13383b8d824d386613f7a75323f441b0a6d2d205ba39296ec60bc318e2c0f0d9089c9c9c9c9c00000003e87fecb1dd674f02dc83e1550b70a66524c79eb5b910b5fa45b91a6f9b2c90d4894ae4a718de79e2b8d5c2227b6a33a38c40a7876c556837b0125db5ddaa64d60c62656e63686d61726b73
01000f72ee305e71a3ed0463bdb7ab3caf6d00b6b9b7172ade26edf3ee769ce032de13263aad37e4c69fea73d65b2273ae9c54e77e7e46aa14e604f4d7b3e2b6fb241a3798ebe0fb5ddfb9fc65b3bd26c9c7a26ec60bc318e2c0f0d9089d9d9d9d9d00000003e837c7fa0816f0ac78692f57ae6603f320f4da96f4c693fe2f9ab3c90421533ee2f824899f8fc4c091de64cb7e72b4e0a40507237eb8bbbe7661988c4d3d52240d62656e63686d61726b73
0100e71219797fc02c8d1b53f00694b0ecde00279e6b67e30623b028092d450cda3f4de57eb13d4a35c0aa0b3af91dc043c724fafa2d1dec01a781690a8c8bb009e09029c8625bd02b16d13273f67d6c8e1c296ec60bc318e2c0f0d9089e9e9e9e9e00000003e8d901cd02ebe021e621fceecce473fe8bef30a57e0eff389df8c10bc6e5f743cdb19818d778df2ea3f4d1481e285a74802ae980c456dc2cba8bf9f7036a55420462656e63686d61726b73
0100d6cb1dc9d8ac88bae704c69d319aaa43008efa791be119e58079c8a20d7458c6907acfe354b2733720f3b2ef15b7887f41ca5fc97a3d8426905d990b5d8229d3adaa797d97cd61978ffac1aece94deac076ec60bc318e2c0f0d9089f9f9f9f9f00000003e8ae68bce08d480bcb27debb780c5b113f3976497bf3f80997e279f9a8ea9ca49346c080773fff4d505033c7cd7a1af380449c55acdacc9fe77ba8aacdf091c10f62656e63686d61726b73
01006c586057a2105bb1155bf739b1a2d85900198429c8a5072962552387220bff2388af16b38c0ecab19068d43a174cf4fa64ecebdc6fd327efbb2e63d85c2dce11f9f3ded4ab8f69dc0fb92ef9219ab7d7ec6ec60bc318e2c0f0d908a0a0a0a0a000000003e85767688000e92c1ca51264f361097cce62696467fd28c6c94347d2c9f1dd2ca15be2af73c734f8256d4bdc2e6399173612f33da906ea8c0743e881e6d71efe0762656e63686d61726b73
0100a4617846b97afa8dfad6c4e717996df900fa5f2adffa7b49483fffcbf027005c40eb6947b3a118322588c5263656cb6d5bfa8f619ede1da0ef2de0167e430124e94721c5822a6819940c33ab1164f65c046ec60bc318e2c0f0d908a1a1a1a1a100000003e857e14310844b71a5fabc3f39fb8b3b965db9c53ab5566944c8808a36dc1ad499d26c1bf417bc6f6462d57b5fa1749116f5b42533f4aaa7cfb22bb2feaf165b0b62656e63686d61726b73
01004a20774bf1b25a28b23701d555d7387b00def21c081fab8b34966c822cc3cd41932f3bce3fb9b2a8da98cbe6ea5d91917d99f0397a3eaf528fdacc7e9a52b69e976966c3c9e2d5a02a33762cbb42e805166ec60bc318e2c0f0d908a2a2a2a2a200000003e81f373dafa86984f7d6827f3eb2481f9694384be83f110ec42729baa1e726f5e7d31a5beece56bd447843fe1f727e0a86a60c5a0a3a7adde34e1f5760b69e350362656e63686d61726b73
0100c4f39a3c13c80e984337e5a22b67d865000726c14d0b0309044eb728938c618f56b297a3eb641df06cc9ca0a4d40b7121c368376f77c175e9142329782bc9536460238b23103c0f4c8834671b57246b1f36ec60bc318e2c0f0d908a3a3a3a3a300000003e8c517df483bac563b76895415af44e3ba46f68667089919e9bf0aef20ce90ed9e6c72a5bc7cad58d708a2152163cb2cc286c897daf978a10a474db7f97c7a700962656e63686d61726b73
01001ab47aa1211d743426810982a0fa6cfe00217fd5a6ba6ef9d885aef2ee39b6f957f4ca809a8fba49ce5245c6b72ce7d4690d9b8f00d9b8b9286c6bf834d20d3639d27d801f7ee3570ef091cc9ea7b460816ec60bc318e2c0f0d908a4a4a4a4a400000003e81840b1a8e21dc834f37830748eb2c45342626be6eb419a4e6f33a1a79db7df7db4c57efa2e24a427499f8c5b39da18690b0faab40be1c091827737e8a0e4490662656e63686d61726b73
01008183c656e4df98ec3f42f1e59e739106000c3988c2a4ff9f62cb5f8fdcfc1b827a3332a00f64380298d6fc0a2f02f9743852d10b1d0068787ab84f8589215bdc1ff9f9150c68978595987da3f59cde3f8e6ec60bc318e2c0f0d908a5a5a5a5a500000003e80fa20287b231b485eff3fef2e4b86557b9f0c1726d003e04440976a210a7e9415523c67eb797e41e64939db9ebbfbf9cfad34ceea5f4d3df6af1ade7c8dcf90262656e63686d61726b73
01009721e156e75ebeb0881d745901488f1a00f4ef685e36b28d8b6a678daff648dbf0db933d501263614c3fdb19510533184cbb9a52b7ee66edb040a2ab742a7176d29a7cc55deef2aa1137d1e0d10fbd11956ec60bc318e2c0f0d908a6a6a6a6a600000003e8c0705eaca3979704b3cfe8350170895113af14db5adf280e4b8a5bc225e94d85fa6357432a1f85b6d2ca68038f5606174036e9d32bd99d9889f72069cd891e0862656e63686d61726b73
01000d2d0f72b6b48b57c76d101ec8a9190500021cd5493dee3e3245c4cba391610c582ff7e2d39f8020c33478d506ad181071d49de8bbe004bb6d9108f5c23a99560404bf23d61a801273615f53d3e301deb66ec60bc318e2c0f0d908a7a7a7a7a700000003e8b6c7bcec2bb6bd55b7cc4e395d20bfcca412f8e1087ae300c65d3fb565baf8d02fd7a5b6015469fad4966e40e61dbfc54700dd135b0d22db33d9ee65cf00e50362656e63686d61726b73
01001345ebe5304ecbaaeab16c86096d51850053ac108c9ec75b5df622a0ec29e855f1c842460b28c3a0518e7d800ff179fa3a9d01b1540d7322266e1612823be6a3fabe6d6997f54bf9749988a7c7340429456ec60bc318e2c0f0d908a8a8a8a8a800000003e8f80f88ce4ca97b2770d8df17c60ebf338aec060f97ac25638c4c3218654813011690068e1f40fa7364ffaef526f29c191fa0975a8376ecfd2decf44e2a95e60062656e63686d61726b73
01004cae4915ef9f713ebb589c6179352f4800babd48929864cd975fa30e476bbb2dbc13ad8172446d3de30bc998ce41c5ee1352133303c7e32f37325c74ce9fa31ae139cb1ee486878596fb37911657f631796ec60bc318e2c0f0d908a9a9a9a9a900000003e8805e796d6a7befbe917b1ec18d351195c928d37aa18a8b992509b713aef016eeef0548f7cc39d054f6b7165db27bd3e7530bc91dc8b1d42a359613b0e4147e0462656e63686d61726b73
01008df8b3429ca772e5df01f2b8e95fbbee0009cd32152fa1f3271b82a1dbadd591cf6b2b2c9bde6e4424a318461a2e9c774c4ab1dd18585eea31f72c99a61ebfe58d9799e1149de16a01e17ca7798cb5e1706ec60bc318e2c0f0d908aaaaaaaaaa00000003e8dfab45c06750d1ad1bbd9de9a009e16a216cf37df87d645b32163fe26b9bfd592c7bd5b709c875f73ba7c7448e87fac4ac778e417a40ebc490e68e7a0521e10162656e63686d61726b73
0100e2a4799c257acbb9b0a4a3291bb6ee56007df163f7962ac1b853d56ea41696ec76a685b9bcc82b8fc83b1312fd4c0f0976a081010820192a2a0e4e8a8dc208eb67b744d423f4f8c39905ceda098e9ac8d16ec60bc318e2c0f0d908ababababab00000003e8a52361a05625fcc973a486316278397f42c4016ebf1201b1d1d7b92c0c373b77c1b7a5db4209c155ca454ebf99c1c29e937d5d86aea1054cf6931ef7f965d50c62656e63686d61726b73
0100ecf5ff928dc7572963d7cc24f740b9140019e2fc58b4615fadcf616a9bbb644addb0c24dc937ec94d723a55da9e9a9c107f6a41de7c2e657cef1733ee64107f0e4e16707b74376888f92c991d1dca2ccf76ec60bc318e2c0f0d908acacacacac00000003e8de0b2ee1c30b9e2a45748e9d5dc24a0d383fb4560fc99b37617c075ee7ebd6fd95bd3221480f4216de16b08129ed9319a04d0b395b7042f2f4612b28ab4b8f0a62656e63686d61726b73
010099a8e18e92db067c48e1363f283311b60022e1819bfc4e942cdb69068565948d04bace3c4882cd78ca03fd48523ff16b05dc5433166a60ad9d235727656222a622aa90aa048eba6e1942f510bb3587e66c6ec60bc318e2c0f0d908adadadadad00000003e88260b96bca13caaf33bc653a87bb536576eda3b3d6afb9d554658444753d4abf8413e281a282b828a054c569f8271162d2af561d256410d0f69299990cd90d0e62656e63686d61726b73
0100161c3562aa15b8f1d7b2302d77a20e6400bc16e662bdea050c561201c0d48457a02c6c7b54cd80da47747620dedea829245053040a5c963d09b5846ac8b787926b9db3b833b9d07481cb4fdf1b0cf22e586ec60bc318e2c0f0d908aeaeaeaeae00000003e8202b4cee5e09e25b7a32bf43cc8bdc54c3126e9729009cb6d23dc716e519477413c40edb0e214886a2cf3ae6037253950599bed433d801227678ebd597c64a0662656e63686d61726b73
0100dd3368344be22b98c2346b2ad0feee3f008a18f5a41f71c537a1b294b29aa3b2ed498ecd5b2188ca816ae32ed20abfdd27bbe0a1d9d2819d5047a3ff5673f7f74e1626dfb0e9b552cc9e0fa3b36127b99c6ec60bc318e2c0f0d908afafafafaf00000003e8dcc3fe96e0456b05e8f4e779a0b46ce0ebfa737978e00c7b334eb2d2964eb0791cebe771b5648820866de2bbb5c5c0d5ed5b769aab7f8b734a2762ea4ee5a60c62656e63686d61726b73
01009fabd47054fbc074f191497368cca80c009e72ab7704a328bc53094bf4792eb8a2c3b095be55597278e8e33e09b1feea0a4c658581debb18c722dbdcdcb34ef0d140c58c0e58dba95672dcc9c379cf3d066ec60bc318e2c0f0d908b0b0b0b0b000000003e82c262654b2401be2536f32496442edff11dfa1074b0548da66163ac85b7140df0b30c748a2b09eb7335130c8d9a0c0c837e1f98c50d8b83e2045977d959c560162656e63686d61726b73
0100b3293086bdb185273d212bfeb730d9ed00d1afbeefc02eff0fe2560ae4c726844402a51b9c234539e3d066b7a3adc1336807f3f0f946069d616383dbba43cce645aa1ee1beda7406823be9dab4a9f9f61c6ec60bc318e2c0f0d908b1b1b1b1b100000003e89c55e1349ec1c99ff1e8d8ace1415f492106ea848cde32f5af0aed38f3e4f7801756bfef7e774eedf93edd7a8ff865c46acf81cf99e19255b6b82bbc23d3f00d62656e63686d61726b73
010029d48eed6fa416dd02ded70332f1194300436811c4c98e731785b9824e226cf553d1e3b96fdd3b3ec264dddba036ed4e44db389b6af9fe8d85cd1c7316b9f5e38beda4ca8294ab6e09c049d4606d1a232f6ec60bc318e2c0f0d908b2b2b2b2b200000003e8087dc7a461a591cd288e68447eda9f0200c7d2bbdd73bac2e1037c056dea5ba32b5202d60126f107746f7139fd16043479d0b072538bb44373e011d97c4a370162656e63686d61726b73
0100241c759b46289073521f0b9aca7c6cca00fcff63ca23411702a85c661e8d17c770d47406bc0350e7b8af6ad498afcc1178878496f62d68cd8f79960ce86a681c5f8a515d4c8a0478fd9f78838ff1950d206ec60bc318e2c0f0d908b3b3b3b3b300000003e8ae42aeba52a93ebe4a75854f6b84a29451c4606cb0ac27051b8521111581fd53ca0f4bf902796e760908a9e2657dba936242e9f18b48384f102588102619340262656e63686d61726b73
010014ca0fa22be19b26a0a99c8b14f50625006a32ecf90863e49d7e6d83defccc32f8bf110023fea8e38d543d79ace1296c6f6f5e49cd9f9d9ac8fd5b4945b9f563b4e5623c438a3618461755e66ecfb03d286ec60bc318e2c0f0d908b4b4b4b4b400000003e84834c828f9f27ffb3f9bb8bb366b73620138056b95b51d3c3de81ed10c277c3b70271377a72b17ea6d4b3d46a19b39b466b565b5f556d96fe7ff9d23a0f9730a62656e63686d61726b73
0100537755b93e73d563353575876513222b001d3f88218ddc4b166f7cfe273b95076b66db453be8f730f62e9e693e9a3e4a18c875cc28f0c99f9463789fd9265f131df3d9a73c2e6027c40c4ad0963ea234c56ec60bc318e2c0f0d908b5b5b5b5b500000003e85b46e7a69a37f7105d46551eed445c6699f9081d4580b11b7994dc835f732236b40b1141b528135f6fb781e66a8f05c345bbc8b57415a8c334a1e1930796950562656e63686d61726b73
010094ed2ce10bd0b0cc033eae6ddd6c5dff003b775ccfc123d2c1f4bd8e73e2ed195d2ad2b59263cfc4546fe37768d2fce610532530a260e7006ae7c81b6c366a033b07c1439982d520f14f0ce2fdb7cc64276ec60bc318e2c0f0d908b6b6b6b6b600000003e8059ffef55d7a7f424701c44780f93e9250d938b52e701f321b824d8ef4bab5219ecedf8a350efb7e939fe5bcab36b6ede562ced75c2b7f67202608004ba5eb0e62656e63686d61726b73
01002ed23afce70b093cc3d2606bae6e067e005cf271dd21cc5abd164977dee488b39cbdc1b1d286bb655e15950f373ca1a83f6ca5258fff3dc8ada41e588c7dd84c3fff001ccda6eef37b5d74c80fbaf7e7866ec60bc318e2c0f0d908b7b7b7b7b700000003e8936b1f24cd0430ed6298d534fd8892dec42aa88e7a30c5c8967a939002d89808119f94f804e4b3fa70dad0bf3593ca6d7e5f451acd0931fba09fc2dc9b42830462656e63686d61726b73
010089a6edcc179181c82a5dffd96d4b69000090fb8afb241a6b6a4306df9ce3f4ac61211cca4d4bc627ea9c356d52ff445332d141b3c5ed0b11cc0b5d0356cefec48700c630bfca3e489b108708a0385c98bf6ec60bc318e2c0f0d908b8b8b8b8b800000003e849595d4a520c02f96cf82c93325252ee9f457fd7899ab7fb7600fcd93ddd62fd71d00a5d34c30344a799939e362777624d543d9befcf53f28f5d44e6836ddd0862656e63686d61726b73
010046e18bde443e5031135d0e3a10b189c10068d619246781d40573a391580ea9147d865fd8b5b7d3c1bda6f59e8434e750658d9295c8682fa23ec0665e6c82054e3af5082ee2b1f45747840612dc98d8f6eb6ec60bc318e2c0f0d908b9b9b9b9b900000003e8cb7844a64a49974a0a6fb9f8cb1c0c4aea14ba62ba310add55b6a63d2fbf5fc26dea8743cafbf774a5eebec76afbca1b808bbd1bdc4243df439dca763f262d0f62656e63686d61726b73
01006b80b107329ac6d2120f565a11e2520e00451827cdb8ec238acf365f0bf58910df69b49617cb0dd8460cf556226673c82f7b7a80c3f2cda9beaae9c114874a883007d43b415da855483275e8dc3a8edc8b6ec60bc318e2c0f0d908bababababa00000003e877f6fc3e7a35a2d609af347b7eb64bfca7c6ed5bcdfb37085656ac9c375589b351c977d1fe50505152526d837e7edc9370b6bf13f32bdb0fbc27e1b41f44480062656e63686d61726b73
01007f35cbcad9772fa6b4198853bc4fbbbf004d32ca62cb2730cd9017d7ae4d779e7d42ca07907ee3fcd0a36a36dc8678c141860c6367367473483a3688f2b514cbb2221af1a373870add45daa2e76b09b1f76ec60bc318e2c0f0d908bbbbbbbbbb00000003e833933c9529d51f19537438d5f38aa78635e7efc4b114e4d7312763395ab7d0a6957f9274542c8cb6a82fd5f676e8c22f3c81a6f73e1121cffa9f2f45c3fca90062656e63686d61726b73
01009568ee9b5e73974f4e27602765834ff800f5142e4ac83ae78d67c9baeaba1ead40404099e1f31c24f6545788cc46717829efd59349ca8fd662b2824b8d06199071894c7528046ced02e3ff5c9585a89f176ec60bc318e2c0f0d908bcbcbcbcbc00000003e821da42bac4bf74d1b48b733e7ad9c51e099d171a6300d8bebeb60d95042f23867743c114f5124d39f388c89e0dc4fb2e4ad1d205def64ccf275a08c36fed260e62656e63686d61726b73
01005902c8b2cb5b740d1827791cfaf3fbac002bd15a7072b4b5291b8b195063c95d6ab29ade5752a7480cb43692712620aa4567c3fdec104b9ead362a5d402d72d0c86ad45be92d6545adad9713be18da601c6ec60bc318e2c0f0d908bdbdbdbdbd00000003e8a4d179e94036e4295aa0a0abef23fa5bab83c6e43f399ed75a3a92f668672bfc165432658cc80f5dea5a014d3e7bbe8fd40b848c5841cbdcf490caa084e2cc0e62656e63686d61726b73
010039a5c33b91f2ff10b6b290774c0f4416003ce31cc400bc1d1786cf34e8d5bf20d40f40bb1184b34bdd16af7c975935181b2389a74752feee007faa58748142477c60ea67aa44229ef76aa35af016fd71356ec60bc318e2c0f0d908bebebebebe00000003e8d629f7a4761af2ff6f82b772ff0762ae7c8e44abf78dda67eb88e75320ac156dc5b342b02901a554c21d58fb35e042517d56c0b556ecc690212558c6a50ee40762656e63686d61726b73
010016c7ce5f5fcfd8bf5eb43db3390edf5c008158d9a642d430569df2331982d13b1d52d07cef56fbf40b076d175b6d9ac9543b277dcecc535f8dcc9c59fcd95e0e5171c5b487cf4a59b66d6c08b56d9751ec6ec60bc318e2c0f0d908bfbfbfbfbf00000003e803313034fd374e553e0c5d52a18a3dc68b307693d55fc03561aa37e803b7e0948478cc2bbc5d0109b1ac20b1eb14c1d1368ecc73e7fbd87aa1490478a1b1380562656e63686d61726b73
0100c9b85de7cabcd453b1349048251b75f4006b0fe52fc5accc98b9d35696ab17b6350d8cd8baefb7005048feeeec01e9da722db9e68a4c2aaa0c24f5d1343a3691a7d385c1655931ac9c1dd87dbc65feb5a06ec60bc318e2c0f0d908c0c0c0c0c000000003e8cf4cbc1ae7484e35158d31185b14469e184e7ac3485c6b5a5cd6b935f27f6a3631bf163cc68e378a2cd0ec9c9f1527349318e46e60bded97f3d1e7b5216b0a0d62656e63686d61726b73
010008801ef4871b7140c9fcee5bed206721003ef4534e8ae828b26529c01c11a3af6f6fdacb9a71778f6fd1347c8c0eb6ed39e04a68203419506a601cb94a24e482746fb6f13889d15e4af414a80a340b98496ec60bc318e2c0f0d908c1c1c1c1c100000003e84dfb58ea456ab13a2d23914270dbf0602d7b6e4bda16aecf8eb6f1199dd87e0a0da1f5ced99097989b193611208f4db717283d62e4ad598310712aa666cbed0162656e63686d61726b73
010010a5d4f59db35e2ceb96b445071276ef001f0c717044e581c28e3ef753b9a2da054210f5f4ef8e385607e0405872995724961a3b8aa93488f4d5bc97de856de00f6b9c84303fa90ef8de686eaf21eb74ea6ec60bc318e2c0f0d908c2c2c2c2c200000003e81502cfd8b77a0fed58c7c1006fb8735d9cda2b5da036d72da98f5a8c1d7aae6a816d4c4d56dba67a0403b6aaf467073b45b890c3d34115ce8b840c4ec194b70b62656e63686d61726b73
0100e3661f422a9b2fd0708cf35a51512dd600d75dddb9d8e26d8c37df41308c40df17941f59cc1983e1f69bdccfb7a4edb40ed47caea2800220f5744de84c219e28d11d8fdf0932a1125b08f6b4c8b4b5a15b6ec60bc318e2c0f0d908c3c3c3c3c300000003e8d8299ae949a0986ca187f0f72bbdddb5f641b772cfb478b02e8af9ad7a4a784b032f0e494d97fc915c9f2d2447ecf26911813d329f1221cd56c7f231a2df230c62656e63686d61726b73
0100a1dc21976fa6763a9779a77f29d90ce200e1b8f42dfd478f5c740f1b5ed698a2e50cb56d6f0b0852b3a90e503450f55a655209af3bac8b0f1d70e3532ee720b55104f639816c8b5f4421d0fd5953a82a9c6ec60bc318e2c0f0d908c4c4c4c4c400000003e8a9883b0d632a37fb2967f8db846fa44747271f63d5ec7da82583e8a28820e40effbcfd057f0783808d5a2744209a52400c7ba772083c8bb3f28aad70b986810c62656e63686d61726b73
01007363477ede5ed7a6aa4025574b232b6b00f90cb25ed482c2863bbcb31328996ee7463a99a79ae2dc1bcb4e1026898d99479ff96b5b46f986653fac5df1c0e7c0797dd902fb092bc5515f22260bca0825206ec60bc318e2c0f0d908c5c5c5c5c500000003e8818d8203aa7e7bf89ca542d8cfd14675d086e9849e87df583ea0caf34b9695dd17e2f7cb7b68c88da29479d2e88f0088c02e42c4f2d58914055f6e9e15bb990862656e63686d61726b73
01001c566a5d3f4d20ad49aed5c5f7acdf790049e9cfd60773e9ec2d68fb97ea24cbd0a0c03d4f2c76b23089630208511c5b1945dc30b084f7cb1c1980b3eddc0a6a50ef5fb91a3e39a1e71238873b254ec5a46ec60bc318e2c0f0d908c6c6c6c6c600000003e8ab3a9b275a13b0ac82d3872b630869fc5833dc788de835db13ebef3768ecba6393e32e321a5a23167206a8a4b7b6d149a5211a89d20e53f74fea6e04bb15e20f62656e63686d61726b73
0100c6d9cd4bff0c90f48201420699a84cc300d03883a0e54e4d1149c047722ed34255b841b211d492969f303093b42d8e1e23ee86bb612a1b2b4237dab8efec3a5bcab4b0a589edb915ef482250e5442548a16ec60bc318e2c0f0d908c7c7c7c7c700000003e8e2a335cf60a35e90d380e29c4116d277c145cbbd0f1f52eb306dc18527e887e13909e187920e8050ec4cd0be0b854320c2775558e5d0b671ea4cc493c1c9a40362656e63686d61726b73
010019d7cb833db0e47ce98e0bdc4b9da05600e546bf05eb464cc1c28e816e34f50fc5d38362abb1f1b34eb0c7f63674660f2ddeee81dd3d4e175e3b8c53c795069d4f8d7ddf1e82c5090545ccebc4fb804e1d6ec60bc318e2c0f0d908c8c8c8c8c800000003e8cfb31c4d7b6675b4eac286d6b9e379befaffe5b3f5e58234caa2354c69b1d00e292b4beba116ef0517f49c5c29c2e30c1a270e007f5ccd04f0adaf88122bef0e62656e63686d61726b73
01006132e59cb52723b984e2d8eae04d79bd00e227c4c80aa1afd887da18285917fb9da2a8e5e6df71878dcae29785dc667501e92e2ae88c110f61fb2a1dd4dd061255b22dac0db7ee28c78d363be2fb258c8e6ec60bc318e2c0f0d908c9c9c9c9c900000003e8c3205852d0dd83088a006341774a70f2be40122f67a36df6f4ed69b6341ef50ad80c521b4284bb57fd6307de2fd5662a5b822ccd6625ce81ae08febe5680fe0d62656e63686d61726b73
0100911c814287d88b1aab2c907984d7fe2a00a3bcbefeadd24868d58713b563444b557148b313bac2e9051f984d5a2d2f5c4cc873ce07da982ade1bf91f56ccb911cc9326c3baf3fe4add69dcb93d15eef7556ec60bc318e2c0f0d908cacacacaca00000003e8fba7b7ae299fcfbaaed5c194313bd8e4b69ff80e2dce8ca17e3fcd77a515e65797e87058b63be4be90fd7697704ab259fa236634c8efb1b9f191a997b20c6d0162656e63686d61726b73
0100f0c4e6e2eb388a1ea86708a72fb413c100765df02e498aa941376e3bcee594157c4d6afd476c3b858285421ffb29db356cfc5936fd6c36a0bd28d1260a5505022e30395f0728e6e4bc247dc28c28378bd76ec60bc318e2c0f0d908cbcbcbcbcb00000003e80f000a7d1bec65390faf1cb86cf1be8b5431118df4b9428911691da912d42cd8fc90cfa82cbae9e0b49747bd2649525803c26dd53fa7e6879cd70e50a945750262656e63686d61726b73
0100feb2703482142d213d37058252355dc6005e789f87ac3c920c711ccfde14ecde84d649eee250307f74497f07ebd9ef0e531819fe2f20d01f8f64027155d7616e35be103cdf90182031cc20ca85684860416ec60bc318e2c0f0d908cccccccccc00000003e8e17b2689bd65e9515e8d7b6cc0cd4f231c14254f3da993bfb799a79119e31129b0a181f49139ddbf1fe552da5bb7689015c9a037a9ef37a5766a5e8d869a530e62656e63686d61726b73
01005015ecee90b9501a75c4f0752164c38600ad5d394c962be07effb47d77a0323cf5c241ef04e2eba5b530f9208f9c0de67820f9160e331cc3ed90415f0aa1de1e1dcd055df18e5f037f8dceef73c6a3173c6ec60bc318e2c0f0d908cdcdcdcdcd00000003e819f9b4c1998e2bf3dca8a2ba85c1f7aeac8986badfb0d7dc81b419c9146d80b6adc1ea99b6cc703eabf673069df9fafbce5470c19fe524bc01877b840bfb960e62656e63686d61726b73
0100e00e576c6e5a12f679e8d97a66512c3600fe7793dae6b27f34b5653f58eda734f40dbfb54aaaaf42fd5f6e98cc68c2ae57152716b1801a3045159fe03455bea58d491468451bfb59209d53ed169c602a9a6ec60bc318e2c0f0d908cecececece00000003e8bbc066158c1a75c315e5cb18e275bb4fb6cecc74387b49fa0a9653c3e424b63943ff8ddd52ad7159ea71d13216d13936ab2ba9fb773f33070c5732734004260962656e63686d61726b73
0100952665598dc966a246179a6b4e3593e60067a2f32080da5c21ca0102fe29c7987b5794a9b848ae9a10583bd11557657659bd9d78750f82460380f97bc5ee22e5c93d1d4deeba7178048154f0d1ca3ee9246ec60bc318e2c0f0d908cfcfcfcfcf00000003e86fc6efcae9da140e7dfb3362eab68d8c0459f37d98275107da8e634cc54b706fa71a5f41761056ce6fe54a77c7598ccf4c1baa64d3e3f59f735d4669bfff490f62656e63686d61726b73
01004667ba07b5521641a5997ace284c239d00e74dad2dfa82dbe8c851fefdf7564ea6ad77b4da2067ee22e7e7a91abae92c3e76414123640270939e7cf61283bf586832a6a508b54cd69ad3a4006952081cb96ec60bc318e2c0f0d908d0d0d0d0d000000003e81c8290ba2ddb2c6ca4376fe4f99cf46c8714c08480e02d4e857bcba5c7392711e33a4ed71fc65cce34bf4377992d4743dcd4d0cf5a474763f5f8706a5731770b62656e63686d61726b73
0100bfafeacd96cfd590f6fd4add2acd2dcd0047f7579d86c84fbe969b69f5fcc53a797a27053a0a25f9c0de197007ae4afc20463a406fc2bb14d335df2ea292fb7bd87b1591600d09e338f5e05a2777f736506ec60bc318e2c0f0d908d1d1d1d1d100000003e85d1f6d2be8ae555719568454405f3405b9776907d01352ad20a5a0489e61ca7b67e6000912e7efe61d8947e4f85a4f1297bf6c9daec2456156f26167c56a7b0d62656e63686d61726b73
0100d873e58561015d30920d95d2768e076c000303f9cb672e0f73fc2712fc5ed0010becbbdb00b9f7fc028ce5b34703bd4a112b805b41ac7f54d75e37181a66ab30682f7dd335f973e3844e75970f95e298c06ec60bc318e2c0f0d908d2d2d2d2d200000003e8889981203b3e4157e9e80acfcab3a5a3efc9966c48c70abe30fa2a43aa07a32cd74742763cc541ad3e0eec73d1e962723d4cdfb1cfeb77ac27ddec6b8f3efe0162656e63686d61726b73
01002687dcfb087e89ca2a8c8b73d0cbc2f700c97a30ad10da2aa642ba29dca32a81d5581299c7921a6accebf1aef08c6f174f9f9215f401a42b2ff87d1177d065b3b2cd9b88b4fa717e6d9830238bb1ca290d6ec60bc318e2c0f0d908d3d3d3d3d300000003e88be73a28edd4f0a10faddffa6871e750f92dacd5cb55be86970745147f59711ebe621018724510a8cb2e476f7792fa52b9b59c70a9efa2751a3e8c435a4df60862656e63686d61726b73
010048f0372555b37faade872c3118c1154a002494e50153554d95fb90a09686f814f2c330c3df8b3fb2922070e181f59dd96270a312e152a2eda5681b827cde482bf035aceb91628299733ef64053a7a6c5796ec60bc318e2c0f0d908d4d4d4d4d400000003e864b57c88dcfa7803d11e1f2d801707a345cd5548e632641cf4924f5d6d6a22933c467b440642e137d2dcb7ce57d4c87d62e0301f81cb1871f3e61f8b1fbd770c62656e63686d61726b73
0100e7a9a51415f8684584f7572d942aeb380079b22e911c9f3a7928f8ccd57fa1b0c15ac933d3fd2a859dc757358fc03ea117b58b71336af7670abb1c0bae032f0f6c3b0b77286e67cbb334e34059ed0d13e16ec60bc318e2c0f0d908d5d5d5d5d500000003e8fe4b56cc951123f30e8c1918d66a4017631f30381cf0a3d6b4c9f45ae87dde0f6901ae49e3c685a5601fa69baff30617a144e24781bad52efb5d39a448582f0f62656e63686d61726b73
01007acc5018f6ab72673056743d4e68008900bef698c5b8335d6031f201491112f82fa4ea97a176980c735d43baad6007e307dccf9eabacc294d4de7b77ff6691b6bb5690fedd14fa38c3b49428b1daef99cf6ec60bc318e2c0f0d908d6d6d6d6d600000003e8b0fdc43a43d8494d2705745925f99ee3056c9ab0163440adf2461c3710808f315924d845a20cdaf957d6ce7c6b2c6f49f2c81de11c0f8d40316cb351b4c1520362656e63686d61726b73
0100c5dee5a36b9c5f6a1384426423a22f400046c6c1b07bde0257de0079e8918c38faa6a56126dea64459932eff84901acf0853edf89263b397afdf824983605d83b20dd72228a324d9aa7f6eb6007677c8886ec60bc318e2c0f0d908d7d7d7d7d700000003e891227ecd279158091b22e88d7a7a9b8981aa81123c4607ee5b7a5e83ec4a83a1a0d225da25cac0ca66e23b250b1c6dd53f7fc18ad80bdf557c8a1e034615080362656e63686d61726b73
01006bb3bcb6aa70bc5284297e0d625cbcc800650d4e9e04b1f431551cc9e766ce5f700dadc9821ff1e69ef671ae726314ad78064b09aee0596a6a505c31af6291a1044ac918ebcdb540d93dadc0fa587ab9de6ec60bc318e2c0f0d908d8d8d8d8d800000003e87b00f004ab8e88a5ebdc3feace073b6d5b31f7e55d79ce1e3b3bdf3a48b5dc8abe9955f1f003584133dd2837004c6383ca89364cb7190bbd6a7ffce35409470162656e63686d61726b73
01006e2b47949736734b0c00b394ba5654be00941a9deb6a49d5d0868a91b07fb50a8de3fd6875bdbfebf059ac65940e2dbd0d4964427da1bba5c66e09e4ac024b3c610117d012649a5bd651b6948a6089a4316ec60bc318e2c0f0d908d9d9d9d9d900000003e884b77e56ccc6803001c9ea1d540190b56c2965c98423f914b2980298d1bf4dddb843182db442da2146319d77ade350a1088c5ab04e82d096b8b226f5436ca70c62656e63686d61726b73
010039ba040cd500dbde561ef192d7d6649a002a3699b6b25c1c7794d4b61c8d0484a8aa6ca993836d083959302fe8f573e3478db93349b0f8e4d5b931e70c3d674d3cf93b740994c9f71bb7fffb3e5c1dbfda6ec60bc318e2c0f0d908dadadadada00000003e8e755ef032737e8801392cf6a9bf556805e76481533a2f2ef732e2d8ce074c5b4024ac63fe917b42c3a149d39098cace1b24e000d907d1189ddb8eb624184c70f62656e63686d61726b73
0100f88da3f3120f77595be537dfc7328aff0085e2e06c74b26143dcaddfc1737811368aa9020d3a754de36441ffd0204aa27918fd00e57edadfbf6b3d8dc0846839326f6dad28c5c4c2231f06afc161d2989d6ec60bc318e2c0f0d908dbdbdbdbdb00000003e89756898af800ec7cb0b88cc06e1097ebee2ce4bedd32f3220bd451f06dcf02f4b22d5481ec084f02d2acc8d0ee080a5273cc28b2b75b7e37a7487c26d6243f0162656e63686d61726b73
01001dde8a9da34b42025061ac90d479986400e1456f6d8059ecffed61b15b3484be35102ed59fcbdfade114645204bf4d994a79476a0ad6db51617d6f3177f8c2c50d8c47c371847fe58c294cfd4e3218f1b26ec60bc318e2c0f0d908dcdcdcdcdc00000003e8a020807d6ea9559fcfdbe93e1f54c7910cd791ecd17076a7e815a1be5cf5213fc970c761decb8bdca528071fd457361be6ab1b88d3f3d5ce7d5bc3c672086a0562656e63686d61726b73
0100ff0c38417df229d7bde5aa41b77d901b0077b7a629fb47c890f9a830bd650c29315bdb1c370dfc7b2837bb97c39493ef38fe2f9c2d742e6a13a645b061c0e64f34dfec7283d0447bc29833854d271303ab6ec60bc318e2c0f0d908dddddddddd00000003e843f308624506adae1c94279efec835695b1ffe0548a40a9f4dc30e7f69d70ee90884ae024afb80d8997504634ce79933e3202536b5098caceec94bd3c0d8170662656e63686d61726b73
01009bdb178cd347e1a11d209307d220e6fb00c796c138fdb0b4bf38f1c7ca0cecf1fb92256f07f6a52083e75c1b7cf7131015953510c604e48e0a2ab5105dcb26b3973af68e0f3ec01bd0316d09e02de25eba6ec60bc318e2c0f0d908dedededede00000003e8e9ff255555475ae07d161cc0123d29bb6dc5fc2e62018f14b6ff94bea9d4ba9f2f7a8fa8bee2062a58aa051326c007b446029d2f709aa124071aca3b646c2e0c62656e63686d61726b73
0100b8d1000575d245f0d74533a247b231ff00afed53524a8081c43b4c7ab8631371a087f25c3943b62c32b9290f780ddfbb426d6c3180d37374ff9f87ddc255e512d4c2a83ae21e3b52f1099ee005583d9a196ec60bc318e2c0f0d908dfdfdfdfdf00000003e86017430e81019f8403fff9320cdc7f688b21b966fef6e85d6910fd02f7405b366d5cb1ea42dc62dc4d82c26b7a998a501d822bfff419a62efc20977351f4090162656e63686d61726b73
0100f29589e8170ce03d873778e6a56e79c6000d0f631ab7fae0e6ee41a5b6d8d8491857d6dba26d74e75a4746f3da248e7840c5c868c6ed40d0a889d48ce9a7eca2a3c6eca54f826337cd34147e7e13c82c896ec60bc318e2c0f0d908e0e0e0e0e000000003e852f380b7c38c8f3b614824eb52e33a97689781c4d424aba02737492c210d81ac141be9f1a56e0408c2578fdfe1004b8ce6e834f2cf6d1d4f68066c91a388f60a62656e63686d61726b73
0100f35f61c36cd830483d4f644462ddf10c00a1daac3c4e13c2d2d99b3c40240f396815ef39cf1db4d1c69aca924f44a12d4ae761d12912ae00fc2dde560708b6089c2bbfd4da5c8a43c738df6b8ac581864b6ec60bc318e2c0f0d908e1e1e1e1e100000003e862bc2ac6bd70c3d5df2dd242d499e17bb530e6fbd4cd4df6ece2aa7cf63f577f333750ada159e26dc6cfd773654d4d12b1dc9f684da1f4c25364c96f5894010262656e63686d61726b73
0100d18d6573fec3ff938bc76256a655e11d00fd95e73d4765c935a28e003d999d1036c897942217cf1514c192de7194af422beda4992e851d7025288b9cae889df293a088cefea090135da3d588a93ceb47b86ec60bc318e2c0f0d908e2e2e2e2e200000003e828840c99ddcaaab608644409b3a9c0136a84655d16430a662bf6ec2be4ff70b110e6d9df3fbdc66bc3c97b5dc46b1d5fec3804de54a7ef88b3c8ba71e8b4370562656e63686d61726b73
0100ba6dd9405a3909ccc7c7f3ab502a75bd005e4b4e4c6ab68c2bc1bff7cd97d2fc0e18b89ba5d6e7d453c10dff85ad8ba67cc67a0f1680d3931e57d08ecd430103e924019fac81db168b559d8a278574ada76ec60bc318e2c0f0d908e3e3e3e3e300000003e882d2f9270feb7778bea3f09ff8bdcd3764a547db42d5cf4a69b7ea18068a014b80b6a27b49c13da8f89140267955964102903ba18f70818c21f7ad8f707fab0262656e63686d61726b73
01008327d4fd6fde048521e43078767b096c00fbfaf28465437f6b56902c24c07713c8085abd244756be9fe96f7a67792286548a0f342a59c4cdc092f60b012dff718c2649fc3a6170b4347cf6fb5da7b35d0c6ec60bc318e2c0f0d908e4e4e4e4e400000003e8b17fa9395c2883c9e33ec69fc534ec7b58afadb6ea40a64ff3619d384c268057b1fa7b40b03b3bd92396e77470ca7497b2f4ed8364c62c35c23dc3075bda6d0e62656e63686d61726b73
0100b91e5ed1cab727de9e5e8dec31ccc188002e592880cc5d4de3b78115a6968b7387509dd31f823b76ad1ab0841711f9b2216f6370c62e5bf8fb3a734c3fd5d5abc64b2e8705c35e78482cdc66956b293dbe6ec60bc318e2c0f0d908e5e5e5e5e500000003e8e10f77ed0097b799dc9ce1cc09b042fb806fcc35b8258eee1c5e2e0a83eb694b216176191f5ab962bbfd61d604168ed0861c3186af632c41e08222919776d20362656e63686d61726b73
01001534daa67e7c82d40a31b0e2fc5e431800763d0d6bd9cdf7cc4d3754ccf87aa55f320d39d8bf847f799cbdfce34507af14730e6fd1549cf6e6547f774d11e45c8d14eba184d0ca782f98325fe3f1334a376ec60bc318e2c0f0d908e6e6e6e6e600000003e89957a80abc5e7c77cbd5584747fc27aed7b43f8abebd4dc876b1f9f499348d073b1b7b615e8769b3415ddb22e7b934fbffc42392b6d0666ac1b669223ddc470662656e63686d61726b73
01008678d29db2b53f277c76962830360d010045fa830f9efd7bad250395e9a17adf8ebc6c48c627254abfd60fcde1351b416b7617d71ac425b03569a3e2c980b05c5d8e4ddf1917ae78168c5761f04800b7fc6ec60bc318e2c0f0d908e7e7e7e7e700000003e84fd242da0960b92c6a09337ed1d8d143cfc621e6fb3f6438f3e92d43ecc4c08a2740c724640fd074408e2ef436b1ff78a0ed086a85a29209dbca1db1d018d50b62656e63686d61726b73
0100ea1a58837e84859f74f264e108b83a9200645a527fabd43bcc0e88b3fc7bf664c88b0eb73d4750a5da25c23afebf00b30bdd0fb19859ef19d2e5de5cbacbd5e4587f633d1d66562106406cff732f36d8f46ec60bc318e2c0f0d908e8e8e8e8e800000003e881dc2c024bcae5d1b3fae615bd5ea792563594853ea0b9c3bd8be0d24feb47282dad2ed350dd27ac355d83d35ed1b48ba6fffa2028bb6a35d34a241ac4ffb80962656e63686d61726b73
0100c680009adf0f25ff5c776716adc368b10049271f7127ee020cb3496b9f810c18522019f8658916ebc0552a28c6e9e79f45695bb88630883adc2c3d832eee829f24df3af82d171773269474debbe06c79286ec60bc318e2c0f0d908e9e9e9e9e900000003e8a56e92819571b074bea785a4710ee98f4a678288b63d21fec51efc06cff287ce76a6fa0c00aa4f95cd1ac23a0afa47a288e9e4c90bd428609e53fa723d168a0a62656e63686d61726b73
010006d5dfb1cf3e6450b950210030533f1200542c4c877211522d9d312edec58352786ef9e71ece7a0acfa7e83ba0947655275bc3cddda0811fee93827b20e9c9cf9a3c317b54db0ab0fb8d2f028ad39e0f0d6ec60bc318e2c0f0d908eaeaeaeaea00000003e8e4d2798d8d3515e0bc7a01bd588e90cabc2098a82fe4f9b967dbb0ff9bfca4d6d0f4e36c7ba51ca5c548102dc4bf860a6f828cbae0c2a9f1cbe19f57d5fe780862656e63686d61726b73
01001d7b59e7e0458f5f619a1e949c421ac900dc97c55e693ef6885e0df3160f0570adcacc9e9dd03d8c9120cd52da825c126ded9998b3f4c496553379d45970239f38bf062e0a86e1c4eefd8bd4891b7aca2f6ec60bc318e2c0f0d908ebebebebeb00000003e889d06d78f90d5b420c33cf42be1d6231649e53c0aed1c529ba967afcee1d1f7bfcf9e8c6bac8d868dd15aabfd60e58f34a6a3e86d0af391aaafb602ed593520062656e63686d61726b73
01004b00d7af125987c4096a4b7460e74f70001ff9dede7dce40092b3292426e014e4e971634e4a6f3f504c3df703107cabb57a6228b007e13e9ed57c051239bd3b7c85ba144263637610a6581989ff5fe86426ec60bc318e2c0f0d908ececececec00000003e847deb97915cd8bf3912999c321d28d3f8d7cf54ee0443bbb8fbf9a42b204cd0921d00327f06f5d1049bf4e614bdef007fb13135c5978e0468ad364b75fe5f80562656e63686d61726b73
01007dbf84c75ff8c93e95bed7673b5715e300b79a643b2bb752b7d1ce85a4910ed558dfaa30685f913fa37eb8327e787410485f33bc7c8bac27f7d876abafbe99349517288d0959586b7ca9ef8cf9ffcb44426ec60bc318e2c0f0d908ededededed00000003e847b19fa8c507227c2dbc7d70d62a9f524ab6ec95ae3791677f65dd3d431180eb8981b0119711a2c1f4f1a3eb1481ec8037f6c7d5c91ea897cddbe403e2bf180562656e63686d61726b73
01008742cf46006a6d57c36884ffa376ed0f007793bf510b06fe616271f85e64d648038224f0bd81049bfe49e7314050720b25cfadd16f8a2feee0c5cf728db4ed5c20b72f9cbb35f9d1c88bfbb1022712c97b6ec60bc318e2c0f0d908eeeeeeeeee00000003e8e9853fa37fea399805e72a6cd64f68710215933bf580168b05d9f13f6726a05517d964059b16442be2dc465ac3356c3421e1103341dce779cd6354d33999910962656e63686d61726b73
01004927c7c93d65779fa30760c59461019a0005bc7d2be591f74f37586fc0c19401ce7b337fdf7e3318be7645362e7f365a738bdd5cb60a00d6e555d8dd1a639d43fa6d1632a671f08b08e04a77effa651f9d6ec60bc318e2c0f0d908efefefefef00000003e8f547f3dfca64c8bb01594528f24d0f3f3bb81da4881275d738c65ad6aef3902415f1864c2bb8fc13df7a312a9ab62dff959235447ae1e24be1c1ed85c7df7a0762656e63686d61726b73
0100b09f611e2a33191e50e5e631cb7790f6002d8dff252bd947bf0cd122c0f011dfbeae8b39a437f4cc48380696d16aa5485ddbb58165c0341f922cd193d8e953fa9c2da5ea7c0632f55ed0d98363ce2931d76ec60bc318e2c0f0d908f0f0f0f0f000000003e8173e8c9579bd57e3d32e67c74e766cc45f1fd2d249a1571311533e8ad0ccc7fd5b4005fd5df055acd122b9d004137a7c88c4240a656a243dd85f711a25825c0862656e63686d61726b73
010006972903aa3a7d8c9b57fb3537855529003b22859dd89b2e09a8852256702746a87afeee8335d0a33d92a147164aa20565d2e659078e4e8a1a1ebe323ce59964cc25f40f7c69e16188144e0674568ee4166ec60bc318e2c0f0d908f1f1f1f1f100000003e82eab0c73443e42f127695fe0c7a4d65bf0f1c68a12897122a6e055a95a63ae7c013fada7ceda4bdc30a1a1a9ecc9b5995ddd3134e0793e22b7b05d82e9affa0e62656e63686d61726b73
0100783fa4e16282682b54b3235a58ddb16f006410357ce99912408333751c19468ca2a2367cc7baec4a192aeabf20435b312bffe623bdef8bdb6221aee6f5f5bff630331a9659f209ec344eb306b95f04b9c76ec60bc318e2c0f0d908f2f2f2f2f200000003e87cbee7c1a05a3498d814e2af43036b01a2baa37d140b4a23a1f4e07155216a765c016148bc2cd283352d2658e58ff7bb3b886cda6584293c8612b2315eac7a0062656e63686d61726b73
0100a8a6c868ba2b698191c1b445de22e0cd005d86ab14bf5fa29cdbb150ee774d2b2ab45fea757c810f9217f8ad206d911a09a27b19283e56aa97c636aba3560b3f6787790f9f73a745f970c857cc54c2ed996ec60bc318e2c0f0d908f3f3f3f3f300000003e8f5c3d60533b2f288d710f1dde0c9436b08dab427f17cded214f5061fc0cf5a479cb90a11438d974de1b4bc728f0ecaf0cb8f4075acd26b9bdbcfd3e48862f70662656e63686d61726b73
0100d47a284c8294120206e436b6cb0689d40065b8271fadf703c08306ee0daaa27aa0356a281f0f318a48500accf5071e89110e26c5dc0c5b9b2b0d4e0d175f4fa2b5f1447af843e1e4c40d5b1617a06edde26ec60bc318e2c0f0d908f4f4f4f4f400000003e8b12645bf8accb9a4ff32a872f79a89c58510bb28606e212330619fcd4e2b6fd92c2537eb50bc293a150b7006b37b8046c3393e890f516e17b35297ea3e979c0262656e63686d61726b73
0100b7e002c14473a538a3d121af10482fda00c4f1858f40f13e154a643f6f4b218408eb403b69a5c43cc26d6ecdb2fd949165f78b3a73412eed8a24a90bb5ac07d2f8307287256af0a44c3a5e1e0b2e2757ce6ec60bc318e2c0f0d908f5f5f5f5f500000003e8c4c630ee635c51cca45fa722f9db34a78573b43731c692895bf163a50b0f5e97bdf5a56523d764d57d3d530f5a1b177fb21202f55684597494b2ce6bb05e0b0e62656e63686d61726b73
01003b82ee2cdf64fb0373f74bc95ed3687a00f4dfb9e4ccc2f9d2d7f9b0b23dd4c173a5f390edbec84022fd056e27585ae607503ec75573073352033cb42efaefc975005981aabb9c666dd5f27b35711db78e6ec60bc318e2c0f0d908f6f6f6f6f600000003e863343a52be8ea95427ad522b49cae993930034c0cdecc4a59521edc1c249b855fbd299f45333d0deed41341695d2bdae49f0028888878f252ec835f04ff28b0762656e63686d61726b73
010007e05275d8a46e8b839f335d9d1d1e2f0012ea1be1872df52772458f6aeaad0fe235aa6caa8bfdd2c21fc7411e8cbde75f30aa159d6a7f49c07f68bc1334b4688d6cf3b120dc75fb055a3b442a7552ae616ec60bc318e2c0f0d908f7f7f7f7f700000003e8e4c3068b23b993455f84fc1561951bb5ccc3e23b3e9ec86f83fa534d5634424490c66f3facc337be68f5017317b61a92ace30ecf678390dd295db3da1887e80a62656e63686d61726b73
01008780c553d4d29c3ab92ba2718e2f94f1006dac05964c2dca8a471f5d803d9b3e14131bf4b976f848236a77f3b2de3fa7751383857686e9f7545ba57e3caf01fbfe7b0c78df50c54180a01ed2dd4ab5aa446ec60bc318e2c0f0d908f8f8f8f8f800000003e86522f36e5a0995d45ae2b3541a7857b4b8b3562eb06c0ced200309a0f4e2cd325f3e11fd10f6217adef930caa8cc3d684cd8da619dc9367f9e144504edeb8a0f62656e63686d61726b73
01009b1a543a35f1395a37001b9682c76d7d00eed76cc92e322258ba8f92c5b55efd0363c8dfa90b093095c4af46de9bbbf94692a855241b1eb1fa70b0422e89347e6f40d58f2ba96d5853c3b22df64c861f496ec60bc318e2c0f0d908f9f9f9f9f900000003e8030c88dfdaba44de1f876d14fec96d41e69d0de5f6c0159318a02d47ce9e90b94bdff63b0017bbd548e5ebdd9171f3987afd2a41dbc4f9b66bf1464880b4bb0562656e63686d61726b73
010032207459e4dece6ed3184d17c149b40400afe3c326c0a5932d262ca92c474492a85c1bc121b6f40f805932ec253fec9202da0606dcdf7d0936ba4a9558969f55d17002e5370d6b89a8496caac700bf10be6ec60bc318e2c0f0d908fafafafafa00000003e8b711e0b945af8f2582dd33d2e7ed2b2dc4c243f4be47849e819b565ddff6c46c9c8c3fe8320beb94f2db4478d7761d68723bb9ffa4d3c3ad84db906541ffc00962656e63686d61726b73
0100d25ca8adb88d49cc43a4e264074e81f200daf1cc3233e8832fbab72a0742b421e077dfb4f4384f79b3fc243a80471cfe58cfcd645b7e62999e4674a8e9da9438c64382f6f6b2e71b12190b9c0bd3fe6a046ec60bc318e2c0f0d908fbfbfbfbfb00000003e8a12f8bd6ee3290663540761e1fe0b2bf1025d3f7ea23c33838404a446ed51e0f6bd009954cb3b71daf0453cdec8d0ced69289eed0094826afd2e37f93d00440262656e63686d61726b73
01004326facfb25830ae3e0ecdd3d8f2362e00613db24667ea03cfc7af3b31fae862a000fb4cd76582edc444c253e304f9421210a28f0106f927da11c1e947b9d00f3e142e88133f5626862c1fd30acbafed136ec60bc318e2c0f0d908fcfcfcfcfc00000003e812388376afbf65fd54ab1a0c7123c1c3acb9d3544db2b8fb4dba739ba5c8a6b3fbe0577e4ffd2a7d5d9deb8cf7ec9cae47e8bb23a0cd2f7bb18dfcda0155a60762656e63686d61726b73
0100a93f963f2022cdc887201655339999dc003a5fd5e4f53b6aa1f28b956c7b0f339ff11fa00785ffa6139f80320e68a750393a363c91fd784809488fdea2605d10037a6c9a172d5c5a508f8c93bf8ed4bdf16ec60bc318e2c0f0d908fdfdfdfdfd00000003e85abfe00f96e5689edae7b0a7d4825041f49f86fcbc5f8d7ab7dc8de35b23d861daa89ffbcfa4ec671a9578cde0648efb51f8b42c1392c7cc97a4beee0bfd9c0f62656e63686d61726b73
01002e4717f3037add90940d957bca9a13aa00f0b3f08721d429a1ed0a8f6933cd95a35357d58d2e535be8d53662152dab521d44e245880e8e2cb1588ecae657cdc3a20f97ba4c46b0dbd6d1501577b87318b26ec60bc318e2c0f0d908fefefefefe00000003e8f869808aec5f96b9a5f608e03b273561b149eb6ea91d7282f25968a5f852f81ceac32aaa2841e6d3b6f009f680d7fc1716d7c7b019b89c1a924c9b6a7f006a0762656e63686d61726b73
0100608999671d5ccccf8f771c9851ec1895001811a69c3809998526642db73b6d59c60f72b3b983eb463f7d261a755b88c723cb869866cd88ab0306059e6eaf4657554eb162bf4a63dd84fd824e9152d3654e6ec60bc318e2c0f0d908ffffffffff00000003e88596a97539b7fa6185c0b2c9bfab800dec731c24d02635c2a6be1f0222b15d9a3c969c3004eff8b96e16c447c6c7f70ec017ac6a33cc0317021230d740ae5b0562656e63686d61726b73
010052ae3cc32846d816e8b066ea6719566000be3e8cadedfbd4c0ef5a10f1bc66d0619a2dd31d9097da1522ec583445b6304d6ef2f090e9be68153765e03f1ece1935e18620b68e6e26540f02b0143fea32bc6ec60bc318e2c0f0d908000000000000000003e807fb70549b5e791a77ba5c968629406bd5eeee97d426915028fe0b25b53f3c08ac0af9c93d2d4c000997f400713e2223d5ebc6795736b87029b6b140fea4cf0b62656e63686d61726b73
01004fd4c2b149915c84b1cc9bdea8dd945e009719a261f2b003d6a12b51268926bfbfdb761d5dca8f8b7d4e6f55211db8f86533ca050612b3264e71210af4f6ea321bb62b358634f8908f3bcafb77a1fbded96ec60bc318e2c0f0d908010101010100000003e824deecba98c254c67595caa4649cf7a62a71d8daff5601c026d41f223498e7aa8eb4de9a599c40b6a75216f0b9dc803e3d39b21f2c7398ebf6af0059dc296a0462656e63686d61726b73
01009a03d1202dec9d521c1b0da45479a0cb00d6671dd095b686e713f5fe21dcba124fe1e6ad3319de2b117d3e102a0e09db78e2ef7adb87b4a585b2c0903da97d4dcf354d4661c95f9830a22be3d495a8619c6ec60bc318e2c0f0d908020202020200000003e8c7e0fa562b658056751c5d87ebab673778fba974815874a508ec25a5475d32a1bbc55d89a9f87ddbcab2d5089845e891fa134b2f1b37bacade7ae9342b994f0f62656e63686d61726b73
0100b9c9e2ade8e0b397fa1dcec07dfaaaef007be86f41a3b6ef9aa81fc1c95ad17afc303a5bc3939e55f42c17c11d3dd44251ed11b79ac25d7df4f8d1d6d821bc7274c70c3d1331326a80778e80af19644fbb6ec60bc318e2c0f0d908030303030300000003e8c8b312ba1992da09605ea7146bac91abfcb91c8e176cc5e58639c0624d9deec397a74024f70184e5a19ef2dafadbf30de1b27615c69243e1705e7cb4350a080362656e63686d61726b73
010024c8ec8f10ba197ba9516ca72faceb10000a0903135b37ca7a13f12d33dfd888e6806a193d418cf06a91c80d3fb8bfa13e80ad9a189e66270dd672e1a8f2dcb793e8ca43759a8b1c3f43ff7f2fe7c2425c6ec60bc318e2c0f0d908040404040400000003e832b18a157b01916793ae40a432614701ed3938a0c420e7036338c298114ec6c66edc765961c9c07893503b8a5e0facb31de6192dd3419c60b3a01b23d07ea70462656e63686d61726b73
01009c1066d6b61e7df2942ebb09893769c900a514364258905e8ecccd6d6a742ab04ec43efbd59371ce0a55eb2194f76c7d15e586c4b6cdb9852976daa1222e42fec77de2e975e0e9b56396a201186dfa5df06ec60bc318e2c0f0d908050505050500000003e850f902506ad556246b7db433f85340bd1ed7740e31b11e2ec855903f7aa89aab2a09597fb9e30064c047740804d547ad0c44c3e36d340fad2519257585c2ca0562656e63686d61726b73
0100d9c739e8090ce253ecce74aa54d01818000a34e5b20c6b667bae6622fd66356233a9162d8b589f4a54f1814c1de722fa34a7c5c1d269e1d793908b5d9d0ef2429735be7731c5c0c42b4efe4c6c2dd579746ec60bc318e2c0f0d908060606060600000003e8e3d55dfd831b88618be152de2dec8b0705001397bdf263a51b3ebb53f4dc3d362badd6b3f19b85ce2d159681158614ee3515c22202ed8419928d8127fd1cfb0e62656e63686d61726b73
010076b00b38181b6dbbcfd5883959078ff400fcdd4a8ba4cab68cdf2f146665e7979c5e8572337d09fd81ef4d1dc81c02b80ab7954f9ed56713a2cdb5e944f097a3015b2d1bfb89e4b047eb93dcbd1ed953e56ec60bc318e2c0f0d908070707070700000003e8b33cc7ef51a114516a7dec6e6dc37f58c1790f3ddaa429eedc21a0639cc68813db0ca81294f72b2b37e5689b187c50ad992a7dcd144bc543ac4be523e53eb00e62656e63686d61726b73
01001de2c54bf90a3adc139226c8a3a536f700a76892308e4732458a6229d60fb265c287492c30b1114e2a781c7cf456b3464691648a1517e05fd78274ca7aed0941983a1b56af54271436faab47f80449dbc36ec60bc318e2c0f0d908080808080800000003e8386d43a46015216df972e75a62c7cc371ab9e7cd4373530fd2da5ad1a1832dc42d0dc30e1420facf1b3e49a0e1bbddd952afc364ccf027a40c945ebec4b3c00a62656e63686d61726b73
010095b120003e348246b1ecc6df7f7bb16700cbd8cea0df900960432f5f23d766c0f46019e840f1d8cc4618e9f078bd26ca2ddde3d2725cce46f4c9f2492eea0567b58307158f56ca20af302fe4c48b1730aa6ec60bc318e2c0f0d908090909090900000003e84bc4d2500795c2135c06cca1b4015829fc4358b5cdee9ee348bb7ea527ee2fd6d767e13c02eddab7704fef5135e7beab829d6cac6dbd8a77f5434d8db7bd270562656e63686d61726b73
010062b58f43542b677f739d6b2f97d23ef1004f7692e89084413fe04dea05ce51ba0b786a57aa710f95a7b5a90b81f35b606948634ee031084983cc312ddb99226b1828eaeb54e8733550e0e3e21cf07af0466ec60bc318e2c0f0d9080a0a0a0a0a00000003e81e4d3f8f9a88b1c8c100650d1772e0a704a024358181b6afe959aed33b034fd040b2510bb9f9b13734f9bca848a36d8db602557e109c8ddd3c4441d6894b520662656e63686d61726b73
0100eb985961cba40dc0911c100bb616b2ed00e5cf88c7a3e5260c74ce0fd48707292281cdcbd935c5759db9233c6509fd3f2a165d1caf6e42fd41db30cfdba74ae0585fd2e5d290edf7a9f1e32bd3896d11996ec60bc318e2c0f0d9080b0b0b0b0b00000003e8f19ecb3daf9cc8a38e8447fb2117d1bce99be643f4d1929974783de9842f51cea66937b0e4c305f3066c89da66504e82e3fae058f106e2902990532d0959950a62656e63686d61726b73
01003b43f40e8b4b86fadba2953835fae47800e883855eaad57121278862e9c77450458e1d9b320ac1782ec6a355961faf3c750201a2c6ef21c662918620a8258de14758d0206b3238d1c6ba09bcd37393f4216ec60bc318e2c0f0d9080c0c0c0c0c00000003e8e2776619cc89f4fedc8406c00c58c457e2fda740a7be90112d0e3b84c678232ada25077370a67260c34e882fe7cfd059029bdda35163537173d014512ce6f60762656e63686d61726b73
0100fe619a4e087c39dd7d52179b69061d9e00d620bb6892121548d8752569502b4a0d3ae2ef2f561df849c1ab06ee2c15cc727c497887e821081c741d9eca5eec1247287b0d1330d6bf330a3c454e7fac12476ec60bc318e2c0f0d9080d0d0d0d0d00000003e8242ebcc99e01e8d9dc48686b26878f21f5f25ccb5e17145249d14a2ffa01dea32d5689f3e05188160d14dd3aa326f996d1b91a8f8e53dd2c49d78399c3bc480562656e63686d61726b73
0100a27a743dfe6390e67ccbab8a2bcc51d900e1f1f509acf28a05660b05b6d58f7b458f2c41509103305f11cab644285ae8080981025b2dfa59697bb989249849af0f9ae5bd2b05627bb86e8e45921cb4ce8a6ec60bc318e2c0f0d9080e0e0e0e0e00000003e8cf40c00939321cd0c94cc629ea003414c4a417fe406f1fd49f16cb24b3b134894954ac1a736f19276a5f1a33f9cd3785107ffe829e92eb1bc51baf31e6ee520162656e63686d61726b73
010024945164a175425f61ae6feb314fd70f00701216c46c90078aee60d3d12d8f0c126a19e465ca3dd53da102489cc49c413a249657131d3329f7c14673fcd484a970af930ec3cb361feea699972890b9390c6ec60bc318e2c0f0d9080f0f0f0f0f00000003e8e5ad48250ff41dd15b69c34377fb8f66a8198461c5c257abef9bf73c33658507df6912332011ea7bb1a2285f1496bd4456bfcc00d59b50ae2db79942040c9d0662656e63686d61726b73
01003a2cf72e8ebd15b1fb6786f15e74e89e00fac7b1675d8f00f2a504cf1e3b7c9a5d29edd3d3d82207b281ca96b1786fbe6233111c5bc47c25b7a0b9f37a5c81c9d3a9a3e9e41d0d59be21560cba9bbf20d26ec60bc318e2c0f0d908101010101000000003e87387006b3972085f185265ca05e0cdc8eb8d4c779e183f673d7513f24833ab548f9ef2df8e4035c7b02721038af1c9938221ab27621c038048facd905af5520962656e63686d61726b73
0100473f0d5e3b6c4e4e68379c2cfbe21a8500c58cc6c15a828774eeaaa6e113ce2b55437c503ba4edf00027e9d432cfed1d3eca4100d25899c088a0a16465b966ebdbc188e4c417c7b562a1a022ae6e01e7ab6ec60bc318e2c0f0d908111111111100000003e8002bb1c0b38a6f023b5eea0b61630d603551b359da9a53dff51921918770d1c58dbb4274d79b5853ea2570a3cc7786e8877c735baad847d1b664bca38b87990862656e63686d61726b73
0100921caf07839be756da5beec07141347200e0548563aded3399341be21b84b8231083e9e9c48ce4c28b97e1216858929a596e3164d6169c7512afed4312607cfdc50ff6ccf64d234cb0f45b665c475ed75c6ec60bc318e2c0f0d908121212121200000003e8010f376ce6ee34302c1d89af8f8026a084b181ebadef8b55fb672622d83b0e14ddd054fef203d4d7274c5217c44614ecf23d0972745f30f1fd69dce5bab7340162656e63686d61726b73
0100c1ca0bad17918116a318a47b61129cf200e7bc1f231fb28ff57948d86515c0a72f34444dab911c6000b745b0019f730e163809bb27d34eeb437542ae5a137335cbd6c92917a3eb683600faa60dff95bb306ec60bc318e2c0f0d908131313131300000003e8b7f9d61cd2cd6b1f3b24baf27dbde1722d53c2f104c7b041a1a6e2762b2f94c08862a076ada0f3d43f592edb9ac954ed51dc9ede539eabfd63b5a6ba299f1e0a62656e63686d61726b73
01004672bf8c1abc0c299cb358e5b81b5f0f000f4c7d0bb4258588e7d2722dec3beb217574ce18a6c49c9162b092dafa50992504480076d8a7b4d3c048f5d5363da3995b9c54d211d4ef03763e8b7a618e4cf86ec60bc318e2c0f0d908141414141400000003e8228574becce77ef76fca9c7f05260fe2602c5f70177e01dfb1d6c8eed558eb9747a81aa0d52cb4f96d1ffebb4b1b08c300afa873cdc0c107fc1c088530be740362656e63686d61726b73
010039b99ca89f9624b3e0232f9d6bba026b00aa21b5fc9a8e811b4174834d92c9b096515e8fb20b209e16ecb587a06707925b2f97aad3132d0479af102f04ff342adb87763cb1b3c9f1c795d59747b690c6926ec60bc318e2c0f0d908151515151500000003e8b3d70ebe1521851669c4850073df27f1397b09db51f3c063bab4fb0e99fcdd409d2eadb08c7dbbc2e2ca7acd8bcea828108cd40c351b53d15cddd5f59a5f760062656e63686d61726b73
0100a4efb68139f06d22157b705ef20661b6005194ce32426a55bf1eb6d0657dce18519be6cd771b4f934afe8fb072a02c465e14a27bfa03b13cd46b61f5762c2952b3b6a020a1f740618c863b58c14a72fa406ec60bc318e2c0f0d908161616161600000003e8429b2d5d868f10e966fa6a70e27b196cf3b3666d68086ce34bab73f98b540c358cd94286d423830de006ce4a57b371a68c4f5803145fa51b34759941e2a0ea0f62656e63686d61726b73
0100ff585b6aab7142c6bae6314ed35ce064006b790c49731499bb91dfaeef9a0d5f0545271c7e12774ee8f721c17a03ddcf3ffc307c555a81a96a4d1dc09b554327075a5d0dcb1a50b5b344fb2f5ada2911526ec60bc318e2c0f0d908171717171700000003e8556d42e47409755309a352a383c67d86d10dc990b263794427a909af5798d672e7acac7f12e6953f10d32c652376f366ce72f06ee152520b8624fbd31032a00562656e63686d61726b73
01008cf058e43a2fcbb0ae6d03aeab15f6b100853d2e760ce7601dbefa503c269cc4a6c101856ef976480d818af50039abf82f2f10cfdfe39698b72a7cf5e918a196cefd72b72fa81264529e29c6c1931b2b7a6ec60bc318e2c0f0d908181818181800000003e85452bacb16d09ef74175d571a595732a1d55da04ed4a65e87d27fdbb8066e299925a0bbfcb51b961889a19b57e8d7e797d51b88c35d97e2e44403c3650f5ad0262656e63686d61726b73
0100f6bddbec4e0dc095a04d280d3786c1be001f6f88fe0d567276503e7b44b76590565998614e3823924c6c49b74ed70feb48c649f96c56c3f1076f00086a52fe35df780f023fb1e5c503b78a4cbfbcc8a6fc6ec60bc318e2c0f0d908191919191900000003e8e1748ad3a840ca55c2061cd3703e666db56cf193a1361c6e8d928d83302b28d5d9351bda43564e346c0c12652efcb038cc3f7264f5d036ab1092204e9ab1390862656e63686d61726b73
01004678f1c9cc7568b799e28620f60200a50015d81e2dfb107b8370a69971d6e121fdafc200ae428f01579c7c6b00a6a15f08041c2c8b4d765562a575468f4f584854f196fa93ed27884024644d3ed26484776ec60bc318e2c0f0d9081a1a1a1a1a00000003e8636d0b291abdcb9ef5dcf26e28829aace63c8c2c1bd2a98a72e765922ff56700540e6a0c6b9dd73a7ea198835a7ff852196a1170627d0692112a00eb456ac50962656e63686d61726b73
0100304778c4eb8f2362139804bf0b3af95200cc0e85bb14789bd453581080c2a84dfd8ab305fe17a15b7ccbe94662580be74ec0528de118b78113909caf9c480559c2ea1d3ad854e626ee621d914272eb8a0b6ec60bc318e2c0f0d9081b1b1b1b1b00000003e883571d0c46794de04536a0e32262623be77eb4e0f07248ff0fff39bc9f6b290c191e488729c27f49ec5911bd56d5988c515a4d07b63e281ac2a8ea307bd3400862656e63686d61726b73
0100835f2897c451ba82b82cf7ab903da4e90064858b01c492c50381e7cb3b16d84d24e0992f934501f95bf4b9b6fe67075f668915162ff258715772b212ad9d6f10c38c3f02d52a13ebde272190b0254544046ec60bc318e2c0f0d9081c1c1c1c1c00000003e8cd3c0170409e7e2c7da1b204e529fce09eea4b1881796713d739bae8264f09c0e167580ad7949725809781ccd592f20a1b75a3fa56f0471c29cfbbf79bf3180962656e63686d61726b73
0100aa87aab5666aca251b1c33150d02c009006f9a3e6a461601b107d77e6ada5bb462f56514873c1b924ee71ca72b3736d1052e827bb755763a4a79692062d547dded075a9d47d17f27dbf21c3591d6d4173a6ec60bc318e2c0f0d9081d1d1d1d1d00000003e8d6d71597c6bbc7c5993aa818beb2fc07c86b25803a84c73ea55353e035225765fb47e7b954a69de0be7d025330704a48dd324bb06431e5b9e85de6326c60a20362656e63686d61726b73
0100b051a57d9cc3c3de56021d6e46ec3a72006d752c85c72739a467f46f769ed9044c83853744044822918dc4e032d7f686612964764e1e2f7610e2c7db055d3b7b99742dda1314cf5bf13faeb568d2c2e99e6ec60bc318e2c0f0d9081e1e1e1e1e00000003e88fc6f19a3fdf31d36f940ce327adf905616d8e970197e67896fcc903436b5198df4324b9bde51575e413e07934336d35e7041c33e21ac16b65cb09e087e9540762656e63686d61726b73
01006c1e971d35a8a2ec4ea937ea665d3b9f00fcd674f7f4795f595a1ca500e5941ace2fda3d2ed85ce39878e9931b2f41cb7b744f797c9ef023d36729e47c9c9e88491d584fdd3a4ff1c47a0ed551df32703a6ec60bc318e2c0f0d9081f1f1f1f1f00000003e828c7ebb71663c56a1ddfc733a7ed88414f11dffce57cc7bce396ff4abaee24f9301ae5838c84c9407d9297d666190a4570971452d6ebcad88ec1870c40c1b30962656e63686d61726b73
010027f4847df6a20beb671e891e5eb6c7b300e095f0c793bc42a7fcf26f5a7fa9c382c3de61ac918b6728a06e674526601553aeb59526b0f97fc4cbd6d2294bc0c5c32fd562fc7a4f586a502ebeaf4096a5e66ec60bc318e2c0f0d908202020202000000003e8da20daf114848d1a2ea71bcdd054a59910ecb2b9c4d8a9a523a14cf3aca5154031befa17d95bf3db6c580c8b8ef6b6d5695e321fee10998fe92c07afff9e230462656e63686d61726b73
01004d768695c926993fc6a4498f049769b4009a6682cd795f83e0c7e5c55f2e66d690349e65acfc2bbd5d00c565228db0ff151b148cabd1531ef0077aedbcb8f825d805d2d2fa7bdecbd5d8e9e7e81e57ecd46ec60bc318e2c0f0d908212121212100000003e8814bd97820e00a30c97b318b3daf43046f8b55a25b5e4e46012333874a7cb92d5b35a518869031edcf5229c2c6434502876f68933392804cfb70bc2d2613130062656e63686d61726b73
0100cdeb0e8b8f2c5e1ae2b0b24b45bfba300040be1d4d5f36e558db7dcb5e3e7e4184f303e8da5be938d59cf7ce7742d6e421769c5284a175accd5e3ef4d4f00dd05635edffafe23748b85564f4db2869472c6ec60bc318e2c0f0d908222222222200000003e82dbfdc0bd87afbc83f7fe5aebfcb47f9c47bc425d07c33c6491f2b2bfab4a408b5cbfafbebbb4ce605361e1711e59ec6e19555ee1186b54995d61601f3fd200e62656e63686d61726b73
010078acf18428de0bbfaa87d29dde25b6b3004ffcf4c7f4491d3c48bba6fa759c0b59a1b3094fb9526e4f33565bf4389439559b453822031a73177945e541deeb2edf1cba74b9e23155700db7c34fe2aebc9c6ec60bc318e2c0f0d908232323232300000003e8619740154b1085748edcc38523814228e652497105155d56dfd3398a93d87d7cfe153206e758b359ed201997d4011c9e9eead7e207d2a9e4e7fbad693df8570662656e63686d61726b73
0100cb92c5fd82a76e5aa9139cdcfe0add3300ef12b3e15519c5ade257a9b7e883cb8948e3d5164a33644852c0d1e13996b25f36f5d5a7a7cd6fac011ca4c32fc6ee4ed9acb916e1204712ea77fb990e41afc86ec60bc318e2c0f0d908242424242400000003e88f21826a6246dfb65ceb0febc70c864c45ff48a8659537f9cd9fa1338828443aeb6e838880827dba46fb628d366bedbffbb4e7b73f1e5a39abb1b8288f94c00062656e63686d61726b73
010036dd5e7b1e29dd1d48d5509e23c092f300bd501834440563cdac3bb8da4f9412b7e42fe81869f7f2a51c59fd840d6a511b78185129efa77ee9c15f9929c3b4ea1517d7a2174b088995f158f478516a95476ec60bc318e2c0f0d908252525252500000003e8d1f0f2b8264f83c076d7f295183c5b60c84028a715253138e7bacf5b2da45f88dc1572ec895cd3b0a78e409efb45c8c357e9fd28adc3fd5987055c4de258960d62656e63686d61726b73
0100e27b72ac7d837f80a7c9ce404cee049c00acc046e375046a20eaabd1c226dce7f8e12c142843c8cf0c0be2698a8318b4618924ebfb8935fbe45e425a9a4a379d6c8c9ccc5680be72f9ba68a46c668141406ec60bc318e2c0f0d908262626262600000003e8b266c2c1b211ada177c8c5583c3f5b730b793d621c208b2a3579cfd7d38c6bad1a7ecaf1c67e1d1bcb122a9b2267389413f6e04b7574e5930a3241d45503a10e62656e63686d61726b73
0100502624bbac6c29aa9891d191bcd1033b00c7c97779404dda7238aec7caf477aae580f0a2c9445d8bac7d859033001edb02c3d1435320190415f0ab1045b1e591e58b84304f6338503a2ab3176f3251b8736ec60bc318e2c0f0d908272727272700000003e8e2c8dfee2cc90eed1aa3d37183f4ed75486bb9c44c9df055dffc9bb3766c22811858d48c0a5f15353e4cf6f17a0efe32b7cf3927b682727a48338fc5e28acb0d62656e63686d61726b73
0100662daa248d3efbe10ac9d479d391f3f4004d16fe354b266416cff53e5375e8bcfd85d0e2097dc6fcd3c308e13fea603e02e9f6d876b8299c19b859e01a1d14886c2a81fab3f4ca541ec0db2c1f000052c76ec60bc318e2c0f0d908282828282800000003e8b608ca0ebed144f87ef52675f57a21ac622f9b3133aa0b511378be72d934202149af8cfa832fa186b1d16cb6922195b68995e15876dd1ad2e148d16bd495c50762656e63686d61726b73
01003144002764c4144bda217f396d8dc01700e9658f82ce11851dbd6ad2da1afbd6395610ec46cf66cd3dd33f0cbcf1c8c03b1c86ea1185a48b04727c3a0f324470d4c93c9fc8bb66cacb6ee72dc7ab9c682f6ec60bc318e2c0f0d908292929292900000003e8d97bd6b66c2396951ddba5be06496176662f6d16c2e3b7297f3f36cb015bfdcff0df8ac406c3f81e67e6da1f29ab0ab92a177363bfc2904feb4a7e1796fefc0562656e63686d61726b73
010026ada7eb9be85b723c4ddda7cb9e6930006cea16044434c04acf349b815769ffef3f3e7fd107a19037f61fa21a78f08b4e55ea0c205332d01c5b141677e9d6018d4bff94daf3411dd6860ab4a43e16e9816ec60bc318e2c0f0d9082a2a2a2a2a00000003e8a9d646d3d4747d0fbcca4d763cf386f7595baaa16ab4cbc451a86e8ffbe8b66352770d29835f62171b4d5a3e118ea28636bdb7a2d63f0c4d8d1dddaea110270c62656e63686d61726b73
0100ddcfa38a4642be800d3d14c466771dce00749b0242f0155fb2972c4589480b562bde8c8bc593a68ae7411066d6a0ed2c0a6f4b20e355e876e5b23515aeda26eb037fe594b9a5102792c300a55ba39cf3b86ec60bc318e2c0f0d9082b2b2b2b2b00000003e8399afef9d8317325818f73f975dc371636538c141e666b421793a64c88989011bcf1dfd5f1399534cb5a022fdc71e87b2f0d1915d2514378e888902d98271b0462656e63686d61726b73
01009428753203320df8ebfe8543c0624370008734ee981af4d3c638d5034ebeca6f10d004cd2c3a9198f16fbf06e89899d7788074bad4306c0f7ef8c7a386b677d83421e95ceb7cab76829ef36a93d2340f236ec60bc318e2c0f0d9082c2c2c2c2c00000003e8b300623397ad66e4353f04486293c380671b9c9022670a582845ffc88648132d8f64971ff12583534850ed19251c87c0c08cd2c20b3dab4a64c0e4cd4dcd360662656e63686d61726b73
01000b65ed0292fe40aa3b31bc3aff56a8af008bbffc82dda2097176c4ecc3a6eee0c5e5c2c3ff94898c0315c8a14b36900f30fe5ddf91eecc26313c89414a7b1a6647f7265dac3446eec250faf158e97c29136ec60bc318e2c0f0d9082d2d2d2d2d00000003e8de9a8e735d0aab47ea4c276f1a60cc9d4d55893d3e0dd32b2366d1fab294a87eb82bc1d975c2c5853368032a5e68e1710f214f633bba1d6dd8675014a6c2aa0562656e63686d61726b73
01000418f5c6c2a78e3c58d883ded409faf3009c36bbd44d0a01cedeaa2fa2de97b3106c5f3a6c527cce24870975f4e0512c544207bc9a07dd0598500a068dfb68244a6574b7d72f60d9976cb1e7e14d1996c26ec60bc318e2c0f0d9082e2e2e2e2e00000003e8b5a21f8312bfb583cce5d2f37537acd970b507b0b7a7c2949c57ff09d26aaa36f94fce8a756e1207d41a8d189f2b3e2fa2b919258721af15b55e3914df27420162656e63686d61726b73
0100ab87e0cd927b00500d4139642ad5e1df00643c0987b238203846c755494dbda510133bace5bf0a5d3603bacd643db58301ad2e4b91ec2c1f550060990e4a8dfc924d5cd55b1cc42913fa9ff99238490e656ec60bc318e2c0f0d9082f2f2f2f2f00000003e8a2ecf405733c867180cc42a5f0e9e9065812a4d49dc4d4d9d06e9f027d4ab40aa68527cba342656fa4544ccb6eea25e168da96a9adcff8a972a7dd1450bba20862656e63686d61726b73
010099f73eba7208b4f0bfe78d7c560e919a00b4caffd35e8a8861cb809ef08b70a206a40eb14da02134c807f3c91b43a70c63c9381f6d6b4a8b56f7ee7e162b9e9cbf218546d648b938240bd7d2547519afa56ec60bc318e2c0f0d908303030303000000003e8ccf9f4f5229959e5a05a330433dac70b930e9d09064b164f26147f98555d96058814941424888b3d2930e9ee01d6dab0e31d7cd1a438e1d075385ea17715fc0262656e63686d61726b73
0100627157951a3e5135cb501df4efbfaeb0003b2fba91a5db2c9f92afea1757a759cf33367ae839a05c36a37a21aadf0b8d45d5209c8b5ff60f87c83b3253cd1901b696601980ce8b20a89f2db35779ace9336ec60bc318e2c0f0d908313131313100000003e83bcd032a34dff627c7de922ab34937d6c264fb04377f2639ee5d06a2f9d1a649dfd3cc8eb9ae51da01982276195b8c354192bc487089fa94e8f3037f4465e40e62656e63686d61726b73
0100af25a65677328470de13288b44cf809400968e7e2a44f4ee2a7189b228e241b6680c2fa4f4480888a28098e61f1cb25335a05d07053d96b2af32e3162df8f5a3c3329976d30d3194507ac3427ab1b359506ec60bc318e2c0f0d908323232323200000003e83bcd6bc4ab649c45dfe774629317c971dc5ac9c239c927313177b1d6b382845a6b3bf54e873886389f61d8089ea4893d5c57ee095b71093ed34f350bc4f9640362656e63686d61726b73
0100b5d95337bb08557f77756b4c8de6a47b006a51d0be71e75fced7f71e0cb1514a5fe40152ae6fe4032e7a0d6cd36fbc2622a1f071ad876bb80eae534b4b6d8689307d1dbda8c341d1548618bb9e9ad70d4c6ec60bc318e2c0f0d908333333333300000003e8db9a4a305c48f00868acb16ce2ac37e406e1d9f4380beb79e05b914c287e8ad30acda4d519dc78ff55c75c194850dba3b22795cee6419a2bcf0e637d9cbddc0e62656e63686d61726b73
010060d7cc7505982e83d8723597a6264c7500f5e35aefd720e6200072e044533d7ace28b069731e8a77fec0e6b934ca4d3850d580b9dca348ab25980cc7d94a28ec3a472c3cc2675da99b8a5d77e4596677726ec60bc318e2c0f0d908343434343400000003e8ece2c6cca6c49de2069232926c18c7523a1ebe6f1d8ba40a5c78754b9ae19f9244feb35bffd120a963f37269bd8516dc2a364acf49c5a297030e6d59b563860162656e63686d61726b73
01002ca451123185e1f0b022c9dd53c800f000dfefd87827f6ea54f05752cee1c4be34b944941f7c1f21d97e52877b3318071cce71a9a99304fb8fc3a0cb9aa5937f127c309a7b450c5ddab1ff03a52e550bff6ec60bc318e2c0f0d908353535353500000003e88b30b0a148b7b2ed3a21f4984b8275429fc590b6d0ce35e40309611e3e3249ac87ed80597750800ae07282f63bb10493446b8a50431a59f8b82613950d23520162656e63686d61726b73
01001d840b96a3ffff2f2a152d6e0d29e827001c7c434fc5210faab9556fd7b014a0c734a619a2c5fb861362df9d56459e566676b6bacc2582f552d651d96cebc4c54574d3d59e593c01261e47155a0daca4666ec60bc318e2c0f0d908363636363600000003e8c39ebed73dcd8f5235d45992ae734cb71eb982e3c25d4c59acd7cf55c1432863e34ea6e8160d15a1f14a6d30a7e606eb90f55cd0aaf87efe76ff9ed03db9040862656e63686d61726b73
010004357355bea7d20db7f438008d78272800e86421ce45573c4a5bffc55da1394608e567645ec8a5a9b4924442f870ad514b2b73d7dfcb744f17a7e3f67ca82e1216fd27b414d16c608dec49185657a4875a6ec60bc318e2c0f0d908373737373700000003e884d45646a279a9cb32aa335034be12a2ed72421d8be8788b69f01a7cbfb8fcc652192531ee5d7b87cc51ec6ad050d98a1d9a43e46fbde6e33a1eee7c1669950962656e63686d61726b73
0100743243795fad8073033dea98e47a34430059d9ca520bbf3f6aa4501ea0dda280dc88bc143d670615ccb4496bcf694b2b2759a8c9266fc5ee6ce17a711792542fa2136d8a302e765d67ec48c7db6ba0c2106ec60bc318e2c0f0d908383838383800000003e87b6b50b7b71353e03f1ef77adfea42d1ffa4bae42d841d1a6870f496c256ac1a9b21531575daee3d492d33ad15345375c6401be3d65cc78efd6aec095cc18e0c62656e63686d61726b73
0100f48dcf6430db5611db272516b8b7b3ed00d755df5e62b12656580a4e3ca99ad69c8e44b78a512c09c4d3cbea568a04aa134fc1479b1254a43896d85691b9fcf0f291c5c30a2ad2d48f18e43d4cea11d4c46ec60bc318e2c0f0d908393939393900000003e8b152892ec01522ffc6dfb182de1921683d7f60f2bda31d936f2602e9fcb88dfc379b6e2442fb99600960d78ebe540cd5678670276408209c1a10eddb5d3c6d0a62656e63686d61726b73
010021f666ffbe36f97ba97479f33552837c00efc91090181265c510deb10e63ba88aebf33744b23e74c0995417a04f2576a6c8a9e17b5f8d30fd938ac6fa537be4efbd118e67cbda287a4a6b6a6dcd8497fed6ec60bc318e2c0f0d9083a3a3a3a3a00000003e8ff9c81bbb5b0c3e40cf7beced502b57119889f8c90b5317b2833561932e474ff8cd5818fefdc9235c8482c4349615b468e6a0879a9e64f7f876d0f20a806550562656e63686d61726b73
0100f1f83b75bf9517e4a62ca4bbdf9d61b3000d2c0d3c7a2ab91300b0dc44ed7770f1810b3ad5547bb0ccbdcb74fb62b70e302ef1e12cbd606a959a4780d1a21899c89a5dfe75e481b9b5f2d89127047819636ec60bc318e2c0f0d9083b3b3b3b3b00000003e86064a3cdccb5527055c206755b42075e07212267519da6ddfa2bf86cd2d08d4a1e6151af0d23df4b12b4a694e80051b96564b7f13b673fbbb1c458386d5a280962656e63686d61726b73
0100b88fd63950b7153354150de8eff1268d00ecccd1415ae4824b7bd3d9dc91782774d7cbb600d56f2e8ee47f5a2afafbe502fa910ac3f4e6f08de2f825070441e440a3de4da028e7bc460c23cfddd1809dd46ec60bc318e2c0f0d9083c3c3c3c3c00000003e89c766acc0681d85a1aa9555ea5c59ae6201589070e63aa4f4ab3f894f80c4b063f2e236d87c409337ec07634410b371763ec3b8e32855e7cb6d2369436ef0d0362656e63686d61726b73
01001bbfdf10635fd37cf51489f79a3472d3004f8099fe9c8399c7eabda3326cef5f4cddd95caca2feee3b0102aef311a9402b5dd67edd2be029a8df1d29cbd23dd32145cd04044ac2fb4f09f5e50a005945ae6ec60bc318e2c0f0d9083d3d3d3d3d00000003e889a9b2cc91d31d9f7e011f6c6e3c6952777957cc198861ff713a6549ad07b66d378af9b115dae99acbe0aaa77222cef257b01375e4a453142a7c43958cac820a62656e63686d61726b73
010017289208de98d82ce4e50cab4410b03000629b031918d1b4aadbd537469aa35b323743a8c5e49291d1d24cfb69bd2ed0245571af0d44047886e5f72f1e04ec17d7f4f51af743a35b1195cf95d1c7149c1b6ec60bc318e2c0f0d9083e3e3e3e3e00000003e857e78c3239f1be8855cad36b4c01405b6068129632dbe8f94c805cdde36c4b55fb381ce620dac5704a1a2c52efb9015322b3f4954d72b640a5edddcbf805130e62656e63686d61726b73
01001bae002806602de4311131cbdab8876900cc75a2dc09b5f8eba37c07c42793834cfa5d8498b1ecfa4566b9a4882fd28b28554717d4978505a0583a51c9a0530c6d7f89bd746da356205514ba39fc3a418f6ec60bc318e2c0f0d9083f3f3f3f3f00000003e84edf307d49a528a3db7b80a2ad35942613850da2b4f07f48b0375643ccff0e8a43e0025efbbc24856bd9cfef51427f53283542473a433623a4a270d5ed0fea0a62656e63686d61726b73
0100268690d884dbd6ca8c4e169ad5818968002098b1c27403a6ce14c989a8b06f9ccd67eb700a599502229ad62739462ccc69189a13cf75253658dd15ab2472a9cc7b271e98ff775e593927bdce89fe057f3a6ec60bc318e2c0f0d908404040404000000003e8caeb256fefda9abb855353e85496b88e41bced3e52a78e38d5f4f7bb4c53063fa3dff192d16878dfcdc816bc27d09280059155fcaba97788e94810b5c80c880662656e63686d61726b73
01007188d67010a238bc5aed47db9bc0964400b818aaa3d9d9999374f702714aa36f4963f052ae56c207e057659ae345baf5112756992bf65e00ea34dbdd7f58e53f7f8b6c7073056e4956daabd0c7c3c348666ec60bc318e2c0f0d908414141414100000003e8ab6948871d003bb484d4c2a1fb77b698a03f022c63d28fedda2d95ce1bbd25b1190fbddd475cf465934695334f47fbf7adfa4423044df4fbe91823da12fa750f62656e63686d61726b73
0100c77380300c6189aa4dd9615fd1e04ec4000d6b4ac0e2b35d1aec1437f11cf63f173a8dc80f35101a24c41f24c503a81b0a0590af77712259b399574bc8e8044bfc3d853cb77ad045eec8668fd5025fdbed6ec60bc318e2c0f0d908424242424200000003e8485a890c195b8189cd83fb6ab675cfcbc75807fffe41e8984e4af531e22e0b455f9da7ea4cb9692c0affa6a682489b6f6adf5bc9115be67391415554e9e51c0762656e63686d61726b73
0100dc28b8610b7d2acbdf48de48dddf793b00176cc728f37db4575330602f4e144d905d65ee20f4bbe7a288deeb6c43e9a47e53cd7d9e4c03339dc72cf309d3a779d45ee5384a97a28214e74d8e039f3fc4f16ec60bc318e2c0f0d908434343434300000003e8a709fcee7de546d7ac7928bec5fa12b85d051d332df336c50f1e71f437c0386c38883a5c367fbb79f76499ab2444f5a181e46f28213ba75f46879504917ac50c62656e63686d61726b73
010016463e14de46024f44866340077c2a590093c55d33d4bec85ec72dcdcccbeb688d4084ab16b0412a4c4ed8f8833a989f7796532b7e41e3de0a4664057db479b75c867a024870cb5fc205ade90455ecb03d6ec60bc318e2c0f0d908444444444400000003e8c4c5d87f1f7bf256e34bdd112a4bcc47c19c065929dd49f1f9c86f05244cc0589a31ea798e105bdaff583c7b24411a2727c82684dfd9ffc210869ba9ff0fcc0c62656e63686d61726b73
0100b4ade1642c115ab694e165b2daedea310025e7b7ca62a46412086632fff1d96cae1d3320e8ab868966acfb6848a2b23d1ca5bf46b7fbcbdc95ec2327053d5bfdeea5d02bd743a63987905dac706d3509826ec60bc318e2c0f0d908454545454500000003e86d6bb83d019d3e02e016e0f8b10ab431b775ab9a50ff1386b09b1f12553ab0e6bc38c0715cafa67fc0e11fa0e5023d6534022e9e211a19f00cc2cecbfc52290162656e63686d61726b73
0100f0eaea0b0bd2b3d50a7cda69451fcfa900ac52fc81f326c91a78af79fc67f0e1a57180523e46bbb8142f172538480cbb22b91089bbfc1e3ec7cd1c7cfbb23e1c8cf63b2aad7e9128bb59516d91107e97ba6ec60bc318e2c0f0d908464646464600000003e8238d30cc5baca51c5a8a970a7f61b585109e0ed3dde663ffbf2f3476e5296822bcf4a76f7439f28f777479aafaf0c03b0e799d892b20775e6ac73eb872260b0c62656e63686d61726b73
010073a35642ac1287317d14759c9e3704810060db060b08d368eee9c5a72ab4f756261607a3c7b0b234b22af0abb9fb874437a104645b6081715498e7fe95216734a4646027bc79603cc6ddf8b6276a29c4ef6ec60bc318e2c0f0d908474747474700000003e8f693563318fa4c502f118a85cc45de617767f473002eef7f60564f8ff598e8beab0dfdce7d5e143a071d8d47deee77f3f7cc3c88a8ca8450c773a666db070a0462656e63686d61726b73
0100fe77616e695586eedd19dfcf78bf4a0400f75650901af737940d26ddd402620162b484b76423e7952c5af53f268c49fe0ed5344a78cb8dc1b8a05d5dfdb05945becca6aeefbb1d9350fe0e2d7fcdf9aeb86ec60bc318e2c0f0d908484848484800000003e895929f4d12e1727680679a231f7e24b78708e3b791761103d2ff40161cd39074563320dd81bda45a6c93d6852b9a0a0557f836d438394919db88a21d1e2e780b62656e63686d61726b73
0100d3ec42c0ee8318caa767aa45ad63ed7c00ef438b36cfa79e4fedfb57bcce240386efe8c8a8c24f034978bdd4ad7d6871638be84f1b4ed1d0ffdb58f93979942ffefd98968c5c107e97c0a8923bd7ec3b866ec60bc318e2c0f0d908494949494900000003e8b978f7b7670c45368515f141e44273fe03eda3b180c9ab400bb04984e53fb9fb9d224ef0c76fde2ccc13d10da91de0be5b528c48400d3f2ae7298cd8a8b6fc0962656e63686d61726b73
0100df5adbb84ede5874cecce3e55b4d861600b21808278dc3710ca482a9c2c49886316088812792b7e0840aa9eeac7ee2865eb892d08ef7011128bd1144d6dfe58fe052d34d8b411a8a2636fd4b384b52d0676ec60bc318e2c0f0d9084a4a4a4a4a00000003e8561a5799ebaac336ebb1a0b7c6cce560f0aab685d1163238a13806fb9674f452eb542d7a81d8f97f2977ccee24c7a307d2c85be01d8d438caed3b77d9fbf380e62656e63686d61726b73
01002f7bfcd8581cd4db2d4b53c8b9ca2bc8003a98e6ae9a1e433349f9ea67ba894ade780fb45361dcdc76fe66bec13470ae2c5af189607661404e2f4ef41fc0c8e3efb0b57ca28d3d5740df3a07173803686e6ec60bc318e2c0f0d9084b4b4b4b4b00000003e8fe337c1047a85a2131dfa91583d7ef3ec01e6dd7ca2d0c5528dfbd1bc474fefc63a86a866fa5a1ac4028b8616ae54103ef99bf957421d004d908fa1662185d0462656e63686d61726b73
0100e25d627f6975607f9489211df893669b00b528fe10fda6e1a8b91915c6d2039a50ead14bdb30c0a8b1a0dbec29dd4d866b4d198dfe0b699bf95f248f054e571d4d5e2e11f7b1ce48a5e7e43e4144dd29b66ec60bc318e2c0f0d9084c4c4c4c4c00000003e86e0c8455bdd1b81f9e0c2233ffa84dfad81bc5a81b940c8c0c96bd6b46139f253dec7c81cce6ed8bd49bbafa65880aa1aef2ac017a9eb01aaa53198a6f92ee0c62656e63686d61726b73
0100dd32202cc6bc6fc637c736485eb98a8a00122833a064040cbc8be55b3c39e05f781475bb37752f11ac8fd1686420fd6451795d6ab200b08be93f7bfc69b41a45fffe097966f0e7606c5ad5a22db651502a6ec60bc318e2c0f0d9084d4d4d4d4d00000003e8a34ba73a56be034002d8c08f292ff229df36c22096bfb4f4d1f0f22c9962d77d1a5adedd2402ad9aceb113e651acba2eca7fe994ffe1daab874a50e966db750662656e63686d61726b73
0100dd5bb5e578fa6289ff3ce9edca50f5b000464b1af131018fcdc194a53d8c52411ce178f4ea6619fa39576f328124da4f08e0da4313d43f92d94aee0008f3c9bcbd5965e4fde07ba7903d0f8d2fcf14bb436ec60bc318e2c0f0d9084e4e4e4e4e00000003e8d342850d3e678242246c727d04f28c217b21a2ef6d9caa395dee055e46bd54ceeb3b9908f4ee79fa8d9e932f3eb090edaed066406621c33f1e1bba72827ed00c62656e63686d61726b73
0100b61fdbb7203bfacbcc72e795cfbbfaeb00f77a0c23b4ce4cbd8b010e27a9ac1b561d1ada99f81b256e7b6c2a227867b278793ba30e09e3cc7250d1698c42deb715547799fac2d0dac796221394dec6f7f06ec60bc318e2c0f0d9084f4f4f4f4f00000003e8e3d740850486df7fba9fa41d22b1248b9eaffe4b8c9a5d1c48d07b4428bf23bb5af8575803f7cd3819d165015da366753ac663cf17b9b188ba567d4ed27e7f0e62656e63686d61726b73
010043b6f0cb999a12d82d43710b85012aef00daf27910817a4684980cf67c7fc69983c0f48e86277f83163479c4d7b0d39d034fb0c2f20edd00443fb0d206ae002faa839193680956038e103106067790f4046ec60bc318e2c0f0d908505050505000000003e84a28dbe4eb85483351df82d62199e5892addb0edac671da8cb8267e0136f9cfb636832444825c646e480c2cb0db21c1d9ac24f0d1bf68388fa5f99af8632da0062656e63686d61726b73
010019b0aaffae22aa71a518e1a293aa7d2f00e3987d9cc6931dd0f02d977ef089dda8fd23583bc6f68965c4a9dc2b80d35c30837e24dcac40ccf7694effab303f02fb8d8b9ce8dd0841e76f1beddc5ec071556ec60bc318e2c0f0d908515151515100000003e83b44c2e6616cf81141f0144e00941497129687b7bc8e405aa6a414161a9d33bc729f3683ffdf1ca7368ba5c31a69c348407c121c816cac89e1964f0a79d03f0362656e63686d61726b73
0100886a7b74a8520551e10643c987d195350050d6bf82da5ca97e97cfc28ed8f46c8df6a5f6c9ed0633302a59c4be2f31f7387323fae50217fad51690112dfc9cae1a1a7de0568e89fd9cf6914becc2c8407d6ec60bc318e2c0f0d908525252525200000003e880ac25eef506a85e31380eaac74b16377dcb711be502e7c39cf6ad357ce5a5baf1cc3cc2a41f97ae5c491c37729df25ed089cacee85ce069741005d3b3bea10862656e63686d61726b73
01003c10b6c58505be03a03c25411db2019300e7fe453bd00e875b101000cd8c646bace4142707ef1dec46fee67e2060da3f54bbbb6a65fdef2b674a9454d7d82966fc60dbfa9bf50d11921c8ed620c39a5d106ec60bc318e2c0f0d908535353535300000003e81a62f8ffa81461da95fc517b9806b8663a3346b94c41c5f2441513ff2ceb3aef85c9172aa379bd651696bd9dc73a6af6a9f45d3223b9f7c4a1fd65a3c933080862656e63686d61726b73
010057f0400ff93f7d52b3181117da97b8af00081c6829820ccac37495422609be574b128e16ea737ab6dcf1bcc9566f16c270a4f680893bf76fbf3c3340e8b66800d8504b9140ad1e3ff7341fd4275f3092786ec60bc318e2c0f0d908545454545400000003e8e3d2d78c1b2c09b99e6baa9443351cc2b1b1d31adccc574bfa5cd358f1084c3a9347894594b5109211ca6a2d83f1f963b80b03a59eb37f00041d14ad9a2b3b0b62656e63686d61726b73
01004454e0566b357bf7ecb00be4e300b34c00e0949b79a38a10b026eafe1aa13bb2ccc32fb0483f76c5e4d406f1e38bc37872555cc53ca2c10757cd0d4485aa93b49f416ebe06b1b4a535a9e3b28c52c8b3226ec60bc318e2c0f0d908555555555500000003e8e53919ca1b943fa7225ced992c97f7fa5e6b6090fba8d1ff07e6138e4b396731af77a365757d822da7a45794c9f0036915b8446fe18145ae83dc8fb748826d0e62656e63686d61726b73
01008a5e2d62f1d919cdb112c32de7744be40027703a952a7f9a6639dae449aa023c9cf9de0d063c95fd1276fb5338238784331658e1120307ee176ea95b1db5e67cc24dcf89fb613b9ce563d78c2d523df2f16ec60bc318e2c0f0d908565656565600000003e89dc7e3bd2f21836999f985032b10aabd653142113fba8c0b8d3629146181e3e5aed3b41ae267ca22e61e697ea1337e519b550dde9c044463d3fc34b6b16a910e62656e63686d61726b73
0100797fd73588c5aded49c93303e68306d200db7b0afdabd342ec530710dafea72b8af0405d59905e96288d2fd52c85cee040b3b169c02040368b5c80aaeeff54b5e02e141b069b86ab989c8d4be94d1f996d6ec60bc318e2c0f0d908575757575700000003e802413259f6d090c298cc0f52b18eb7001b0faa08d44aef7e4b8231a36bdb034f1e4c715c185804570efc8a325c2148741688ae448b2839fc519a85f8e4835d0762656e63686d61726b73
01006eed89d539f866e985c71165f954ee7d00cc7e43609285cf127ab75fd70feca357b608c5974eda52ed2d8a9a07eee72e31c3b92e481eac0b9c0007d461cdeb0a93a3ac14f0f7c940d33b5e2f789842365d6ec60bc318e2c0f0d908585858585800000003e83ab206bd9f75ae7568889e477ed03af09c0a6c3104cf45b55038aa6598da29ca559d0635639e8bd657f8bbcae56ea4eb2e72aff8095d9ebe65a27bd58c4d4c0b62656e63686d61726b73
01005745c90b37bb14d28c5cc9d7eebc9f850017dc81c9ee437770170c875e63ed2fde9832528a3a3dd8ff0ddea2c706e2a71892f6a6591afc489e556f7bb6c4c4565506677a0ffde5c4369cbd29f759c5aeba6ec60bc318e2c0f0d908595959595900000003e8589e724a424fa06b83b999e6289d13282e90c7f0d138b8f2874679a47d140946637a9046e6aec2ef3af41a00c1cce577152d1a15d47cabef2921a76ce7eb3d0c62656e63686d61726b73
01002263a04eb8927a929e6c33b74202b253003582f81e43ef9df2fb817a85a8676a66899bb0f5c3bee8c77f2f2913ee25aa6e5e241d53e0072cb328a9f5c72947d15669b1712ce2b39995b8ab53c05179171a6ec60bc318e2c0f0d9085a5a5a5a5a00000003e881890bc610b617d832eea5433829b584ef3d2222ace6bcb1fc30cfb016c511b3ab989110f916a22e602abdb06d36a443c4a3801514034ae29be9ca160ab6f70762656e63686d61726b73
0100855d52a6f12acc816e99e7dd4b19a3e6006ac95bb9b9ea0b216138dd8cf2f70dd4f394277d61de913171e794a432e90057f1ea22eb3179da6bc80c38fd54cb598a1010b693d8efbb4ef99a2eb3cc5606996ec60bc318e2c0f0d9085b5b5b5b5b00000003e80b0c87c59d0357376acfecc7c6f1fa46f1c1cfb1459237473cbc37dea61560eb4d93fe55bc592ca97ad815525385cfdcf972b861b3f20f79f25b7dd1d2b57f0462656e63686d61726b73
0100ca2d5a430bc09f4b30b2f1047b6e1a0d00419cb4fcbdc5f061db83d36e5a5b3f1ea975e2dd1b6e696d705717b15fa3ed51db377f26cb9a947e6eed75814eaa2cb68c1ec803a09e028fce105391cf87c17c6ec60bc318e2c0f0d9085c5c5c5c5c00000003e8ff0b5f56609f13336bbc2a536578b29602b49c1d05d5940c45b2d77bfeca77d8c52e701631efa30882d829ad8323fdfb2e51afb4718db86c57bac1f02631850c62656e63686d61726b73
010092cb1bc87ae25dd8aa4a68e15352fcfd00301ea5e800a996dd45fd3d730c40cb7ebdbf7da678179fb3e7a5f545c7c53f5f7cca131642dcbfd81c8e4a6b2c7145b9725483c4626074a33aa82078666ec3cd6ec60bc318e2c0f0d9085d5d5d5d5d00000003e8fa20f383ca3aa297acf4224e4f7fed821b9338664a920f9e8edeb62ef6c9005916c417dc77a3e715283fab6c0a69968e4ce97372b036121637314827c796ab0c62656e63686d61726b73
01005bab93969b6da09bab8de9063f94a15d00e1dcafdd8e9ddf546ae93d072863fcb146e240603f4269dbabf051adb084da44bfa10f9cbe6863178a649d66adbdc7f9064be030e2300049761d53378881c11f6ec60bc318e2c0f0d9085e5e5e5e5e00000003e83031cb110dbba82c78ec05c3ca40144afc9ce9da8e24f28a2bb2c50cd7a6228702b3e662b60a5a8726eb4bb8abcd2e17f917e6cf3820f3442757b0aa5efab90e62656e63686d61726b73
01009a66422ba471ca8e967c20692cdfbdd700bd41dc2739e3d07ed3371a22209150cc9d78fb41f331bfe281bc9dcda8ba78345bf21f5122b4754b5242b8e77ce95495ee51fc6266ed3f0375894e09669871546ec60bc318e2c0f0d9085f5f5f5f5f00000003e858dc77e80c9f81c750d46d57a52c5fed41b2fb51b158dbf945ad52a28bb0ac019a02c3ee75307518ab2a23ed5afd795a2919467baeda6f1651ed473060ea6b0c62656e63686d61726b73
0100cf59b885c975e37c4b6b7f9166283184007ec17bbfbc6f964c3a2cc7275db84f5bda3c6b23bc226f86493dbcaccfec582fdb288479998c574f6ef99cf86b1c912b3f4ac227e5fa6307dcd4380d399cdaa76ec60bc318e2c0f0d908606060606000000003e8ecf2ca2384e99f36ac5a0f3303dcf02f8052f1c3bc61222a26b4e0f6e220e49862fa52c4e22c7d0649d8daebfa0465eaee64d0764554cf49118b298d73adc20262656e63686d61726b73
010016c9f668664da55094c0793c3c5bce8200b6d48afc13ef6160df25252212041320f64612f08b2d96a3b492b7a4b0931364b6c49b809eb9b2742c5d5476212c81dc6815913d17735c156580e1b0fce120996ec60bc318e2c0f0d908616161616100000003e865cb18d7c59b601ef81b355ec1a979147969ea720577f1d10edf15683ccd91c7075df35f688579351628a49c7823f49d9ba5d311209959a7247f340b156b010762656e63686d61726b73
010053d01aeb5dce19552f7d6fe1c3607f9f00b122ad7183013b297c9b73cc2f78b94e72b926cb51e8c86168ea57d0d8f5051ff98b236b26a733d3a7c65c2e602bb4ebb0ff1cd6aa4806bf63e1481d55cf75ec6ec60bc318e2c0f0d908626262626200000003e8d9a844c134e713aaed5c517a353c7bafbc9fe2a4414fbd76801caf3a8cddd77fa12feef33016a9f2c60aab4863bee6ac1b66ece5e7fbb7024b9ab0159253110562656e63686d61726b73
0100af68efdb9229d2befd20ef6aa49417fd0084d29280fd657a9d404242fa8c98cb10b1b62e46ed278a3f47021ca267271358e2e3f325d000acdf393245c729f1dca73df1cfec8683bf189dc7988db29677fd6ec60bc318e2c0f0d908636363636300000003e8234a94be25465f97afc71ea763b1fc99f93d738ead76053201cf528df211736d525f8c1bade534effec1b80258d579ec70ca0bafed6c45c2a8bd2d3202958b0e62656e63686d61726b73
010064acadda4668be4475ed7064d4b85553003b21006d18c34f170d6d57c2833d0347b1b954e25057eb05b84b743782afb41115b7709c945e549742dfcb69e0143e0ffa004de25bc4105e56444ef43ac46d766ec60bc318e2c0f0d908646464646400000003e8ba81dbbe84c81b873d211145144ec4021e22dcfbd67c2563db0b1e29589f43418e503db257acea1d345177a2ea402a39accadd3a14898ec37ed83bdbc954520962656e63686d61726b73
01004a595103f2c05b15ad588588c4ae3a4d0019a4ee796f552fc11e65173269ff9c7855c3d94038250f3b13b2c579fe27213e1b94f95213c6162c968865dbdac77090287aa9426e38453cd44bfc9cd3d311476ec60bc318e2c0f0d908656565656500000003e8a7ad1f759815c3ce16620dad26497f0440a303df55b9680be0de4f3b0c88eeb03553d52ee6689318c85579bde8dcaefe73d08fc96977a10f9699cf5c02f1410762656e63686d61726b73
0100f8c7ecbb13e55c4953ed525967515dbc009fb70f588d5e9ad20119f377dc79d8e762a41f72bde7548ba6bc4993af59e73eb185e8e33ebeffd44ede6e5607006b9cbf44ac53793604ce6bf5a084344568d66ec60bc318e2c0f0d908666666666600000003e854682e92f141750e8a7269059bc8e16d27f5da1a6a1dfd91f1c8cafa8bed63c797958557a1bb7eeba3230ba78d636ec4493652b98b7aff10ce9c11ca60628a0162656e63686d61726b73
010099219a9c79104cdb2bd3eb9c93f0dd7200adf07552645c09121d45011992574cb3f50fef6913ae50d7a1cd9db261820e37a78ec47fe4ffc796789926ca3c827dfff10311be6e9e126c3386f925b268d5df6ec60bc318e2c0f0d908676767676700000003e83a339836c9f161c1d955f017c21c5274039284c178c6730c842145206051b8474b240b5c0eccc92cc5f67656e2e547a100d4a8d63b78508040e4e2b57dd5070a62656e63686d61726b73
010015d48a52c375e611a63761c9dd96cc270048da5376243c34c46b0704cb57bf052a9ff44441b248f5a7825fdd7c6b293d46b6efbb6aabe32240b35a928f302a2296f51fcddd296a11fcccbcdf3a8b4507b16ec60bc318e2c0f0d908686868686800000003e806ad809c71988c60187758ca716ad11afa3b5a1fa35b5c5fc7adf972480f005c5632f48f710a4521e8927b587dc14fe894628d2ffea7b4b6b8a124fdf757e10562656e63686d61726b73
01000b5412ec6d2dce925f9e09b5ad08371600487a86cd30710403bcc7268efb16c3a34c846b2e91165643f88614991d41d037913dc8f86f2c914d0a32d7f1217dc119a72b65cfe0fb04f69b56b8ea1b4012ff6ec60bc318e2c0f0d908696969696900000003e86c4f19de87ceb4e3c4d8f5a1003b8ce03eea4f444a60a47be0f43a6018b4f649fb312edad4ac8fe3a26be6156989a886fedf13b6751aac914e8d57694a76f70262656e63686d61726b73
0100767e530f41f1f0410ba6de6ccf0b94680080ef886930207ce992248e54925e88d1928fa0aa05692c9687855a5f7bd70116338c8df124d0b07760ada943339cee25c1ae147f93880edc85f87c620cfa11996ec60bc318e2c0f0d9086a6a6a6a6a00000003e89a954ef16d8b0d81600154f8c7770095a1b8c5e13d5bdf91b3b0d7c538fcfd566c456836cebf2bc7451ff95ef818e3827341ce362d2c239b5d559a503f44210c62656e63686d61726b73
0100dc4d2bf5a1287c151fda1cdb50817c8300ecf35b34cec0b2c621f0bb239c573381a53fe055461a77322507f053f200ce117351fc79878cd7f2fd91200542b7ecb7ba5b05c525dcff88a7a2c55856f84dd66ec60bc318e2c0f0d9086b6b6b6b6b00000003e8d14371139a179e6013e6b4934c15c196fe110e115fca5f8878a770e1698ab040603501435be0b230c97d41c457b65d34ed5be8ade0cf25fea9f6015670783f0c62656e63686d61726b73
010003af6e307961c1f15e3c730933ae6336001b67f90baff7ac67636bbdbae36db389ba8a1325aaf7a44047d9a3e47d80ed3ca1344b97ab1ad604de77b30dbffc66e6f89b29b4c55d14f1fbd32899a7f8eb766ec60bc318e2c0f0d9086c6c6c6c6c00000003e87dcb3f863acc20e630959e6892e81383dd35ebaf190944ff35c226ca728bc1f1cef62fe95c988f9f4c320f5bc7f1626411d1e1da8f4e609fbe9bb1780d12f00562656e63686d61726b73
0100d0aec541d0ca31cec021b0d3f584890e00ab2666ea0318bd8bd5900944820ab91bd2a4dd858bf24aecf6dfea15268e84595843f21eaf8f124e545382646b90281db67fb42e880ca31478e690364188a8666ec60bc318e2c0f0d9086d6d6d6d6d00000003e8e1b8d36dd7ebb00efab77506bc65469d7554a54ae774e246fa5a484431c40a83569c693314b5a1e7827174c9aff7c3998cbc18589714d98eb487103678e8dd0762656e63686d61726b73
0100a328fe8570247f883f8648d05becd93c007f57c829435a1ce58c3123c1d8abee1d331083fffbc773328708622eed0d9d7b193d6c8f30a2c6b1db67fe985d5acf58125d5c1f738811ed5fc792c4e7f184e46ec60bc318e2c0f0d9086e6e6e6e6e00000003e8a005e4949fddb02312b2c8ee90c93fddede1f5c285b4753e003b6ac8bcb31f4dbe6171781f08e13ac58fd4adc1988b04ecc8f1bddb53ee308de9551a31acf60362656e63686d61726b73
0100dedc4efd10dc95e20b3391fb0efca5a8009517ecb05cd582dc1ce4748e3ad92ea67edfb640d4b0975b02c4f8e161011f63c35aab30306e6b3c51552d5b0d8da52c5962bc607f7bf8f91da9f304c2c724d06ec60bc318e2c0f0d9086f6f6f6f6f00000003e80119ae79bdf079c6c6af610353f3dde2b1bfc902452f88df0cc81c75f828f49373eff1aa44cee8fa06b940a254b7ab4cbde444ef9f09b946c541890117bc5f0362656e63686d61726b73
01002a548c1875a6cbe6dc1216d2d22996f400ca6feabcaf966c4464a959b64129352cbc9da9ad4412ef23aff8d5bd4667c54b721617e00116158c0816f4af9cacb146212911f74f9b5ae2fe83222c26dea1b26ec60bc318e2c0f0d908707070707000000003e84d12c167904c7f33ec051c21b7bec59bd58f97013009f5387d1a31034d70e12ebd1e65d2652b33c9d79d40316cc2aadf9d04f7311807e5fcd6aed5c0d458700162656e63686d61726b73
01008f074f04c1426e1a511631acab06be3e000b3d05caa6eae9e4668c0dd2e458e1e12b33a3e2126e9b633f44090f2a8c5774bdbd70977e6841b1a5a1774616a60e418b2024a291d7c33b89dc8fbb8fbb62606ec60bc318e2c0f0d908717171717100000003e8cef9591c981aa6c629dd0bf9ec24eb792e92c8178ef6a32279e01635c5156b5b8251289b2dd91748074fdaae24cb29f842b7cf1e9145cd12569da6574d33740f62656e63686d61726b73
0100739d17f0bdde1d5d0171dc516385398000c0f8dcd24ffc62d6ebe6ab7d3ecf3746785ce7d6f9793a9d1bb819c1ebaab726d3387b3062131886307f6956ea885850fd169fedd0ce9c378e5838224010cc6b6ec60bc318e2c0f0d908727272727200000003e88d93659e3dae24c30271a678a366b19c8928312539ac2d7ddf305f08ed0663335d5971ba93d006af3051da74a98b45e877d39010fdd939de18562f5a8b03af0262656e63686d61726b73
01006f680ef4b9134f81fe189150c2f4e64b006dfa393a4de1010def14f78ac3b1ceac87192ac734de3eedb4b427e44b35453705ea8839a5eb938223d82a17cf87345d5bc1c9f89458e2a81b5e0e7317ce46c36ec60bc318e2c0f0d908737373737300000003e8235528ad3e712a134bc3da306ef6edb1c652c8a6f7b1a424909119bc5580aa596d8c9ab2fdac14c9020445d008eb4f78c7d5eed68bf5f124831653b3af2b090562656e63686d61726b73
0100e5071f054f196b0e02a724ae575c889500a148f8d650044538e4dce791ed9540e6eb85e3774532838c2d471f9154155365ce1f872e6b781bd52e656d33f1fed35f5e7d1c8129bcae68e2ea8d9e278b20876ec60bc318e2c0f0d908747474747400000003e80cd46f534a679d4f620b353be94e4d791355cb657404e7ca002fce7d6fad4a52362e3ff80de79ea5b8feafb7834356896d53d9b8cfd278ea835352fcd1ff5e0162656e63686d61726b73
0100a2407eaa474791ea6f8e253d87b7661d0023d596a0af31a1bc23a68cf956caa0e870a301aa7a7b1f577efd879ffff4553ce9777adfa4c6d1a4ed67e4845916e54644c963c47f1d4e54aff07baafff8fb1c6ec60bc318e2c0f0d908757575757500000003e8617b0f12e91f04bcd15e9b47646abc33c9e75de44661dd92e0cbdc1640a42a7e867ed67c23899bd326411e2d8887d2c1ab4aecf87b6804369f8074ac72b41d0962656e63686d61726b73
010021fd2b0c0e53b04bf70652affc1a475c0062e64f7f91327c0b3ed1488bd9b61468e437a540d07477050bd7f285a555324273798f90c71c45ee37859f9b815521ad9974a19cb3f72a4d1ddbd6a6b3aa1ae56ec60bc318e2c0f0d908767676767600000003e8cf4d794c5240a93cf653dca7e646514da7fe2541486f35ad8fc968e2090754e937853050cb8a5f18926acd5479b394e5197d63452b33ab1bb7f5aa51990dc90c62656e63686d61726b73
010002bf678290b928b55aa125672d3e75c800e7d155f18e2b14551efc731c1d782e77119fb696400b33716a39245828016d774fd834a5f544be5bae9ac5062db25d35507320376cbb3250f11eed96953c189c6ec60bc318e2c0f0d908777777777700000003e818aa175596bd35613f01f4f73a954d4386e7491482d2e294e3deebbd0c358513cd1bd8c5153e09b6043c99fa216f3568d4f2d8fb5a85cd80cc32e0ebb179430a62656e63686d61726b73
01007ab0ea3ae7157cdc973935749936c8ac0045ecd36d9e17e01cf4cafeff9147da00295852e0a2c46d238a814711ce536b05aa8e32bcc17e0a472688e51506d907f45788b148d7d5116f4c50b0394c38935e6ec60bc318e2c0f0d908787878787800000003e8c384d8eb1d937d10426f42287aaffac42a904bf0dbcf33495079d4d1b5b13b1465ef4be6624f152fd2235bd59d8fcd527d6c0f17f1e6c50f5d7b018395c93f0a62656e63686d61726b73
0100cab8f2186aefcebd257e83f482473b3f00cb689804d1bd4bf4faccebea9fbf35daa0c9e2bc93391b614d874cf18f30b73974721454b929d5b0e01c7a7eca5aa1b2fb270d2aa01727d6e9894c5df3e6de616ec60bc318e2c0f0d908797979797900000003e81e77b1cf1459c9795f969bd8a93ee731dca2cfca6fe152ce450866d041f1df5ad286c086e36a61841a2a208c826fd82a722258229fde9df3476c57550b80580662656e63686d61726b73
0100bbcba9e04b3dbe6dca853fabd9ed7bd400c36b37632292c76178cad25fc990655a0d397b99559c1ee85a517ff5e148844446f8e93bf6b2d31df8cd8ae966bd70377fa13aa937b02e83937c5dc225d41d3f6ec60bc318e2c0f0d9087a7a7a7a7a00000003e865dca0dd7714479148d6710503b000b407ed1d8d7b8978d22d82d9db4713f0fb568c8e9b892594d1516023c1d4267019dad3435f87a571d4f627f93a2d8f3d0e62656e63686d61726b73
010036ec6d9ce2fcf4100e79f3749f7e88350009f7324152a787ae137d100a9cd8e7da50a748d8257ea0f075ce6d21868d343416966d0262f1ed2469d6af80a6d4b79877f3c587208988c0fa5c113a653bd3c36ec60bc318e2c0f0d9087b7b7b7b7b00000003e873a1daf6f4474686b6ff90bf0e8581ea4d94793a7c1ea22ca899b60dc1620c14c4105ee20e006050c118450681904a9c4c882a7492e4d112e5aaf74ab03eaa0d62656e63686d61726b73
0100440194ecfcfa20e928a243b200179f1300530d0494025e4c2185578f9cc622d14280181bbe20af17ae85688cb94e9bc81f6c329c433fe3e7f6a8bd3fbde0c00b866fe71ccb07a61e424c2fe093aa5c476f6ec60bc318e2c0f0d9087c7c7c7c7c00000003e893c4088e1bac15a32879b74c4b09bd6a9c638352122e9b7fe8061c2ea450a9bb87912912b97d272f23a82e845dc3f94883b28c89e97b4dafeb0909ee5232bd0d62656e63686d61726b73
010053ed2db6a569c2a79387637e4203b6e200a6d4eb1b14a69c2f23a28af35b4beac543206f0d8f2fe1761cf2d2386904230b37f453c5c3642029974a28705e94f9376f8e2397f3d50533de182df7e13397806ec60bc318e2c0f0d9087d7d7d7d7d00000003e8e3f7fcdf9f10d635bece503fb97c64365f6e87de45cbcb56aa2bcbac04e132ba19845d744da3ac641b1b7eb6b4033696f545ffe0d5fc7fac2ab2e04a7ae0970962656e63686d61726b73
01000b84a1c782c75c658fc3d774c4a9a16f00e8df12e0130f8d0b8ca349b9293c7aa538a35501e199df8be2ba376bfd5dbe63d7774b62d21762f7e23fd33493b21729d892d90d3207f0897e1db7cf8f13c34c6ec60bc318e2c0f0d9087e7e7e7e7e00000003e8da6472c1ef061e5c2664b81e87ad54fec010c985b75801f18d5060cee9c0e8188ed86ed271fb3665427eb16b8dab8222074dea4e9b1938d104fb8ac21824c70d62656e63686d61726b73
0100f18d93d32f6e0ca6441a6ff55619b25d009794bafcfd4e77f21241df5f548a1d90a7bf1b6807d838f4a3ca2a4cac0d6e3d86d95bcb734d5a58a1fbea7d7cff50967c3a14a3dc17eb455b0f334272fb15616ec60bc318e2c0f0d9087f7f7f7f7f00000003e8abc83176b47c28132fad7c5df82aa42ef518f3c4291e4c853f49fd9e3d377b98ac039bc67327ba99c3c1a3cd2e7578029d7ffcc3ef2abbdba86344836f6fee0262656e63686d61726b73
01006d697a499fe45cb4884687ce189c43ad009e0dad5a26c5dca033f1c18a43c345c4a8b123932a8bf2b81de94ef41b1996203be40f7bf84ef6b908c821c027076c11b7adf7835ced4d62ab044d984939d9036ec60bc318e2c0f0d908808080808000000003e8ae48ac441d739af7436e09a2e63a4d72037e7a54e7d9957383276e38139f75569d0abd256c3eac26b50718a0a98da78349756b67f70a6d9717a60b02d4c3640162656e63686d61726b73
010022278a7f4b79a7bf98ae823452be2cd60038e7661544edd5f6841fa1bd911b567950a53ab9c9b92f05a4a296b96844c8048d2da8a014e9d764866a0898ead8f7c4e4b8544d6d1242225df69117377f438b6ec60bc318e2c0f0d908818181818100000003e846873f38b6953675d745283f4bb7d1e3cfa46c26b11611117bc0daa08fcab15cb3e2e70bb4b0a27235b48e8d29fef82c9b765f4013d92a531e5c3213d91c000262656e63686d61726b73
01001f2589e36a10e34aa3baf0c872cdf49400b5e441b42639412eed05238b9c1486f8fe745d7a2e535d3c02e068b52ffe12204b117adec321aadbdcfb03d8981dfc9eefbaed55a051dafe2da1896a9f83c3ab6ec60bc318e2c0f0d908828282828200000003e842fa901e71abfb36cb4bc67519b2ad1f6a61be20924e27b3f73ce83e87f8a4569d11c7a9f145b774631a9d66296ae5a8562bf561eb5274c6785454847ea0660662656e63686d61726b73
0100f9c100fc19bd2a93a2560f397ab9ccdc009a4ffd16789f35dab16734dde1a5548cfde793f6ae25285d3f3cb272a706ba7dabcc12fa6cb92576a5441eefebc4a85344307d2ab16e9f6051528f6d1405e8296ec60bc318e2c0f0d908838383838300000003e8b1e50246d6a53f9dad6ed0a13a92b745e1508e8cceae518c31cb1e9e577da24fa90c4888a0a5ebda6d937d1f27d0ea6308996f6b53994fe134f61c4086f5790062656e63686d61726b73
01004235cf2dc2c8394a9184f0d47de9ec4100ed702759b7c9ed05a32951b2155a6694b018558b72e3684640c89fb04dec5656dac80bdf1e46ecaa61b64fab46cc6496b55f012fdecaad148a1b0fc06deb55156ec60bc318e2c0f0d908848484848400000003e8bef9d9ba3214d070ee0f8aca254acf96f09459de731cd37f459f45afba0fa49299fb7c2cee5fc56b25cc04a951aaf58c19d5e87ff2e80d5b23bdd1baef34f80462656e63686d61726b73
01008ee445ade56f1b5b27dbc5b83168004a008cc1137b44adfa90167103aebefdfc05d0b785e80f9262cb4211acbff81ff545d0271570893f64b170983b0583f6e57062d4f98de32be0d112f913cccc7e0f926ec60bc318e2c0f0d908858585858500000003e801829e5a6859309ffe761e6ac104ec4deeced685bf969ec62e0247ead949fb43d2d395be486c4ea6fef09335806690d34214062ad8d42711279bc1d18bb3760262656e63686d61726b73
01001d7e338a8f25d38144497fb003b24d0c004b83dc6527e8622a743b7351ed6ca52c3d2b61eb47e4a8e19b19af7c14bbb01a04713b9ede0661073d193e16cdd47088d61962dd7f0bf7acfe75c9d16df2fe2f6ec60bc318e2c0f0d908868686868600000003e87afe2559f57f2170220a1302d01f4a8ed8aaee8e05b3b0f981b9a0e869970bb068f6cb69d50db1e238401043bd1629667f5b3fcd0405f7f689de62fbda0dbf0e62656e63686d61726b73
01002581f857ba6305e59240385685b3fd5a00918050b8ec601653bf89426ee34a29d0f58149d1f4402a5dd38fdfc16c9cf24f176b91b26f29b9f70469038ab4c56cf9b432bdbca3f482f9053e40540d8860aa6ec60bc318e2c0f0d908878787878700000003e818450c5d99247334f1637e0a2dd470f6e9a08d1868b09c4922593d62aef784777ef8737d3799c03c48bbf31b7d4fcbcee30870dc1fe87c7bb6783f9893d3310962656e63686d61726b73
01002eec19d9abef76a1b85530792cec75e000b2d5d0940eaddd26db53245b7fa4b2574a24621cffa663e523638dc938f04e0770733c878dced432cdda497005c5cd81c2a04fc8e86d419fa88b4430770dcf876ec60bc318e2c0f0d908888888888800000003e81c489130b62f9a0d31e2c0f45b9b91a9bf3984cde3477360f381e5fa6cda7d6023579b1a68c613589f62e7073607af623443626d1b1249254930f16428c2800062656e63686d61726b73
01007fb1e398380f9145703717996dddec9100262fd2cf7130a3dcec60af2afa842f3a9ebc2337dde841e9a3fa70cea2c1411d9c914ee2a1718378d8c3d7bed6676c88e3c29d4dda33cc0570d085a99dda6ad26ec60bc318e2c0f0d908898989898900000003e83c51a501c6e41202651436a43bf19e406ad5b756edf78765471eb229f755e6f61d4efec32f8ce00c066674ea2eadb233864923e5be82a00c1b58ee34ec5cb20b62656e63686d61726b73
0100ae21582b2cdb226d95049fb65c7db1bb00fdfd784be485b9f960c70bae7523a6e13e9e8f24499a4108a6faeb3f44dad079880356237f888a25cc5df07ebfee883461d897b50929acb5e62c8678bf2830616ec60bc318e2c0f0d9088a8a8a8a8a00000003e80ea934ef182f07682528a9a52a1b77c58157907634fe8815afaf65866aac4e7c2886242469793428dc1bed892c0dad306b62943bb881b161c55cf643126be90f62656e63686d61726b73
01000e2590b8003ed71a8a849e1c107621cd00de78f42926e96ba22574a3198ac13c2e38844b9996f63fadcddfd61b7e207a54e8a9c3caa9687883b965e700d3507301704077891fd3abd26982ef585d69e8cb6ec60bc318e2c0f0d9088b8b8b8b8b00000003e8f8ad7d295ebd97b00fbbece0944f9199ed26a23eddb06c2e36cebdd8437a9e67cce6065247e94b5f538c1765aaba6902b2f78bcb05cb1d81a27a1dfd4cbc3e0162656e63686d61726b73
0100146d37a4bc35e279ef6ad2300362fc3400530759dadd626c33d1e5e04c2106f62d3945ecfb040c692a822036af17c8dc755eab3d5b13a9d31bb26c488a4b3641ee3912691fe87517723c848367c35ccc846ec60bc318e2c0f0d9088c8c8c8c8c00000003e853a7f8ca229eb9908d14e029fa76ebcbe4df6a9178d97c49f8f24c352cbdd396639eaa5cc6d28c75f534038a6e0c515fb2d8272a1a24b254e93d59f42535d50162656e63686d61726b73
0100b795f48ecb5875f00a29ea8100cb2cd9002460306bc2c5db7ea0a3aaa0104f05696efacc3807e29c0b4dd36f0790560c34a083f603b06d715ba1536d885b24db8554e4c8aa4180f518310b3eb302a48d966ec60bc318e2c0f0d9088d8d8d8d8d00000003e89f6f6d3e3cc823954f980db5c5d8ccbde09f18baa8452820c078164c26b10a8f0b75a0f7cec438ff0ef812c96730f39d38fa14090995463083b3d215242b6f0a62656e63686d61726b73
0100999de0498127b70e87273763097fd4d30056145bc10b73ec922b7ec4d55da194aec18ffe9e42530cdff321b9095a7f1f5e5eed63a2873c93bbdfb7c30e230facf90ca20250d5076e6f0ac2ab56b13c08ba6ec60bc318e2c0f0d9088e8e8e8e8e00000003e8f5d5c76bdde21e11e09e9c7195ac1950313d06a9bb455df8cdee33cdb71ee938d945b5c1ac994e00de5fbcdf07ce76fcfec842c88016308dd5b146d4909a300862656e63686d61726b73
0100eebb61e28e17191fa658a84c537bbffb008fa97edcb51e4c2029ea5ed2ff224fdb7fdbe02a528e6030a95e397006319108057fb6701f49607b6d1149e7bc8299b7c8bd26b79f6f01726619f803d4df4c1e6ec60bc318e2c0f0d9088f8f8f8f8f00000003e8d9e3f29c7b27b30ee2ac1755733ee1d4accced4bc2be8cfc4ec9d52d47bfd5e573f2f1e6456bebeca0962fe44d6c1e14c7f97603a62fdf6cbbb9389cd8caab0b62656e63686d61726b73
010083fc1ee06ecfda0ef446532de9a3719600e2dd73868cc36c25d192850ff9fe70c160c4e88302a1114367771d054c13a25209314200cd93f50945af732ee759e4b3e14e441fe7a33b543f1ac5efa3f979906ec60bc318e2c0f0d908909090909000000003e8d312a64c0b1ac0089aaf637b6115d77de4a33069c04fa3f62197150d1b3809331fed99093262e36a2d93ea3188b418e68162993b89143e4d953229bd0935560e62656e63686d61726b73
01005aa733e6a167c8882ec2ca77f6d7bf6c00d7e9bc3eadb777bb0bad2cdfd41d9f3767601180fd256ab68644a7703caa2f5b5d4b671cb9509125f43c7f1b53f9ff0684b98cab81d07ac87f49c13c32c0d5ac6ec60bc318e2c0f0d908919191919100000003e80f899f1890a30143778ffff4702d71797446caba0a41e9ccf7ac0d8e0add64ccd7435320f39152761243eb770830d529152f2d4438c84b4790117c98bab3fb0f62656e63686d61726b73
010049ead12845514d91d0e7d78814a0314e00c2018a6955aa25a23a2dbeadfd1838593397b9336d1267d3dfc3af19cb0b8d654e232278c58c593719ba476e17fa31b846392a45721a2cf23458e4b401dbe79c6ec60bc318e2c0f0d908929292929200000003e8834ddf294abb5e0687edae6e7d3253ecd8246f77c60105f82247cbf65b2b16c0270f22d8d42e2a30c0defe1c2701e0163eb0e2583a845c063ba88308bba4500f62656e63686d61726b73
01004acde71420153a8c9c79f1c78cf965c10059718e3a0cb657297b5f7e47c8b56fe14801ef8e8d182d165c75f91fed8278155871213027f4b53ce981206909b7b313d6868518182f7eb15a55988628f115146ec60bc318e2c0f0d908939393939300000003e8ce31c362e2f1f8c4b3205927f1b33c4ffe51623471c78e636fa30f96aa5426d609de9a52e62d3bc9948bafd388041fb50f40720cfb0479c573c7b6328000a20462656e63686d61726b73
010030dd54a9acc8834ef67c6c213659553100fec4409eafac55b1982988966bb107e1a0f781783776366e7d4a61ebd3c2f30d96045acc9f8184b745948d064eae7b3025995f6ccdcb24998525d3163928a2c06ec60bc318e2c0f0d908949494949400000003e8de82b920a675cdf0d2929484755c73b81005191963ff3d667de90df7b5fac1e9dbec0f68b98ca741523b976835752fcd2c29fceb737a6dafd069ff2f9dc23a0262656e63686d61726b73
01008b74d3147ec6946aa548d65f7fc08d4c009356160cb183fe925766be7fedbdd143ee22de0c8c56cf76f408d40f783ff45b0bb0da2dfdbcd3ada257c30a0e239102f12d4cc2cc7cfbcdf5e6fb42c7f9434e6ec60bc318e2c0f0d908959595959500000003e8c5a675fed7da2d6636c05db2d2e52cf8fb392da265ed6d3f29c75ffe01f3c5aa4ff0bf61a052bba433b4f183944d73ee7901203f544760ee3ffdaf982c40ed0262656e63686d61726b73
0100660a3fcc80261827d947f6b1d53f5f2300da18513aa94a25a8dc475b401d4b19e946bcd4db495a0e9e842e8330fa9dd65f20aa29fb546c4560b59f0a499dc36d5abfb1e3bcb58cf96d4c0014b42d867e576ec60bc318e2c0f0d908969696969600000003e85771dd2e1c3833a5bd89e3118793d828b51020377c4362c9e4af5e6168234d41838b2d6ebe9e79abb2472116e3b15b6ccb73c058ab443b193f740d9092eea40a62656e63686d61726b73
0100326085600091e359efbd63fcb830579a0018729c3700344d80dba0b2f92223e3b43fe550c31e2a59060ae472572785ad472b7c8ed8d19b7213495b2ac503f4e2ce18a1c64f5cc41b078dc03413ab683f086ec60bc318e2c0f0d908979797979700000003e8f67f8a5295ae86c5258e4087a6793f13bae472a8e83fa2fc6c67280222c1cc000bf37bf7690aca29812f64e043aefad867c68fc823b545359d2c7f64b395070562656e63686d61726b73
010084de12dd22d62bce50174213e4b8d60c008110bb82f400375e2cba7d67d167a1ca91aa5a64572087676905ad315d3a387fa208c68330bfafe72d5daac2ff26b3281d6e34eb4471d24c61945797a911f8d76ec60bc318e2c0f0d908989898989800000003e88cbec7bea07030de3e77e4210a54fcb56e02b5d87120c812738e5fc0258c6b01fe7d1a5923b7b0bbd482d6d9662a6784e2bea4ad4b8609d4e6c178147b698f0362656e63686d61726b73
0100138c7e5db8ef8090251b9c92af98c7a60044b2a7f6197f88b94b08ecca22d98496a26b35cb8900ff2a14620685fe2a370caeaaac50ecec5137294637df6f1e46465bb6ba82514fd825073d5101ee41f7916ec60bc318e2c0f0d908999999999900000003e8893e9a065e07832c075dfdab5f496033e2887e2b9b6cbc34d24baae7b0fc269531130bfdb6ca19a32ce6441c095adafcc841e9970cb4f217a5019b4321ab670b62656e63686d61726b73
01002b52499f3ba2dffbff09512b5808082c00b437a45c40b016f705250c0391e4c4cb909971fa2ec3affe997d461cf377a324a8829e1ae3434efcbbca36dba7da9dc0224423f871dc828ace5a69b610b3876f6ec60bc318e2c0f0d9089a9a9a9a9a00000003e855a1aa8e6f09230c8048d4284afcac9bb159161480412805886c4567235f994e3905463b48dddc658a22966a3a571c203a4c56423b5611ff604f976607e2440462656e63686d61726b73
01001d8bd4928949b6bb2db3346680880cb100fc95d218d904b4f53d4677aaaefc5ac2b671d20ef880f2f742348bb25da42a0af91fd1bf1383107d203184e553b11ea8b1f5b9997817ed6ef1e4a0ebd207b2656ec60bc318e2c0f0d9089b9b9b9b9b00000003e8d28f1f9054b3f414ba99c47df58bda173b2480ed4102ca993331914f71f616b7ad56227b4ffb3dac9bbf30066f453945f8d959b85321220b87b8e5eb77b5900e62656e63686d61726b73
0100c0179f5c7163d4eafdce090faa3fd6670033a0a0b7cc87d3f98b775830036e1e841cbb215a854b40a9dc5aabdf057ba56fecf66ff120c6a018937e0c779f3d1691de568e8c117b848774e274471da355436ec60bc318e2c0f0d9089c9c9c9c9c00000003e85921d81c947505693d6f73e6c03ba4a250029e1a3e01b83a146db93be7070858888a5f4a0e40507b705c696808d5ebe0bf3048a681255165de00742de180920a62656e63686d61726b73
01000969084c27c2d60c2d507c10fa9ea02c008ace0ac8e02bb81c26d45fadbf6397ac12ae08b7a4c1ed0560f87841203e7969e73ebf6a8c2325e4ee5bb07b9add49e083ea39aebb4e5d07f0dd207b709ea0526ec60bc318e2c0f0d9089d9d9d9d9d00000003e891f6744c3222b0275da982054d027bbb5239eb2018f95400292d58809d830bf26c93db6bf86f93ff7cf3b121aa819cb71e1d05bee52f54dc4e4f5e47a6b7be0462656e63686d61726b73
01000cfcadd876c0bafad33d452f98a71efd001f00f68499dfb226335696006f40c87d71268158237cc727ca8da548a3555416dca7e30b77481ab03010053cee2015a5e1195c4d078f059c5558af50faa43c3b6ec60bc318e2c0f0d9089e9e9e9e9e00000003e87bfdeaea6b80da4c50fcbb7393487da18d35993fe5ea849f776a36c44c39aaf2503f3edfe875a6eb98d6226620c90683c6c5915202df3b744020039d259c310362656e63686d61726b73
0100ab686ee00dbafa584e8ed94691e98a5d008a321fc9472342d38a57a27894280183cbefd01d4a5e5d105450b90c80a3c97f5f627b63c5dd71d8402a113e814a662092181572685c115ceb14bc197ad7ee186ec60bc318e2c0f0d9089f9f9f9f9f00000003e8f64e64198ec73f71a5ce371ea450d72f4f515914913f68a80673fab5940c1c5079df51f8e78145ca85d3c0792f88f14a08193cf3343f08caf1896984b035730d62656e63686d61726b73
0100b72813db6a1407717ecaf7dcadcb00ad00746797315ef9d7c60134220768130c40a4a9b65c2fb1d0aeefa5437191fee2423c37d11447c83173c1fc7ca47529bc599e530620f98a3e50f152cb7f0ef5397d6ec60bc318e2c0f0d908a0a0a0a0a000000003e810361ab1aedeb844dedd9052ab31b4dddda73166733efdd762d11e62da0fbe44c6b88479c54bb2a23d8f128dce124a60311b7ea5717d1ad29a1f250dff39540c62656e63686d61726b73
01005dd6f9186134ec3e65154e72f8edecb6003a9fdb3f3996a283df8eb6c1a35cba0d17cf3c5d89904cfa52f0686b89842f566194bdab5e9969431f11bb3e5a1f5baab64691f926c0c751c71669c81f5e7b456ec60bc318e2c0f0d908a1a1a1a1a100000003e84916e0fc8ff1b0ec3e9ab11376fd896fe7a253bb3731161758ba4689c03c33a60ecf5e4db8df304c688c6e1b59910923b6d58f4f1c43b76d388e5c5b69007d0262656e63686d61726b73
0100f379bdf733c4f787ea20ea0d8afc7e4600dce0299e21233fd67fee5ce52ce9c87207e04199e2fbd97736ad279738a7ce0ba9239d1198c93a728c5fb19c3109af8309032bc291210558bb323be8edefb70d6ec60bc318e2c0f0d908a2a2a2a2a200000003e8036979f7a180d3c1b549ca6aa76aa1c40ca7fda3a84d9144754fc14eec49a3e3718f57f6eea41b9ded4d62a40326fccdc1ac4f5bcb4b829719c9c51d2e20370162656e63686d61726b73
0100141b33aad31e9b3ddb77920040f9f64a0027c232766a5926c238fe7e68450673f2eaf550c957c1e06c35978b190e66a222e8931e40bbc258503ecf973436a5e46cc572a7349f2a08295c81e86fbc58ab906ec60bc318e2c0f0d908a3a3a3a3a300000003e8811d6b9db60b5c40857ac2edac5eaa48ef038726b5f0be2930c73cc716c91d4d6d6bd27dc741ec51508532ccb6fcafdfe1abb1bdc6228b42196b99014a956e0062656e63686d61726b73
01008ac05ea87e290c1b0f9c5205c04f2eda00ffc1a8e182142684cc132590b0580428f051189a365bb9cdfe3661da6b1c47210641771f76b618ca665b9f8f47e08506fc1deb6414aa5d6b2daf1e14c51f61666ec60bc318e2c0f0d908a4a4a4a4a400000003e8f950d147076e6a04d39b5e845b720bac5bc6cf1987cebf49279cdde3314c0bd38aff63974c3174dfba05910e8e5ae8e1b466b95495f433afc1428fc4cbfbe00f62656e63686d61726b73
0100996da24924c5da3561fd472c71a446e20016654da8168b04796328841efe1d969e75f71820cd7dc3359e62d669ef6d9a59ad10f0165e9b66124106aa98903ea209e38ab4e6e7ca43a647ea461adb383cd26ec60bc318e2c0f0d908a5a5a5a5a500000003e8ef0fd26f5d70551c38c102b747507af3e037e47d4465fd5d0f8d7d9a28a22f0913494c3edef3f2cb705b6f7c76a67fee52810668c987c5350723e2a294532e0e62656e63686d61726b73
01009d1ae5a25574b78b1633f67a9a4bd35200e0423732fa77233b84890a2cc9492fe619d15b8a18b11d9bd864c06e07dab20dc9e0cd474a566c9bebd761f3c738f1370f124bf4c005f480b2da87984b76d86a6ec60bc318e2c0f0d908a6a6a6a6a600000003e83d3e1ee159f4cce94170151a27e865eaea2b76f6fc248f2938eb253ac1bbad3d130c07e267be6bdf25700f87798ac2f46a7ae2f2eacdfea3e17d64d4fe8c350562656e63686d61726b73
0100c310f67a11591d34c4b05da924bb3a480060b8aec9606528c28b300bc57cd3d947db814df8bf7a8071fc0b883025b15827b7caf365a04dfe69bc8775714061a008a56469ca636fa646b626742b0c533d1a6ec60bc318e2c0f0d908a7a7a7a7a700000003e89e1d692eb91e75318e713a520e3d4fd2c13d93ba8b58d27ecbb89b5f569818eeae4de14f6e95b5d8c296b417941151b98b9ceda98cd346fa430130a711f3530d62656e63686d61726b73
01001a6c1abdf0196a9c5d756ebc8e6f3d5b00975829fa1ef29d1e1376015b41610eacb3191e98216b600edbcd171ec04a0058ac2810937a24a4eef93ff3512d0240537aaeb70ef3dd587c2735b0be8b804bbc6ec60bc318e2c0f0d908a8a8a8a8a800000003e8454dc22adaf3596dc42bb7307fef16fe4dc2f61ace254f7b5a7ca06aa24ad96022dfa208595b682313a155d70fcdc6c016e26f751784f1a019532ab9aff1570962656e63686d61726b73
0100193c91538a504658e14fd606d10cb0a1002e080db1a31bbdb42b34a06a06cf0987199c97863d38ae2d57774fac5fa5be76203e3757bcce6137c0f6f299793dd78dc9a5afc18eb1ac7a1f1fa69bf0d87efd6ec60bc318e2c0f0d908a9a9a9a9a900000003e849e3e3136e0dfeedf6ddd37c5b848c0d5b5d44ec1c6aee9e2eaac1d5d564f3dfe00a0fad5c7d32b3034a04b0451b4e2231522ec052128182f05f71441a8d170a62656e63686d61726b73
01006e32b9f3f0505134764417859b93f9900029b60943ebfa162582caa0de9587a02029cfc12cbee7b01cf53af92b8ed0bc21e99f68975c4024f5c4121b21b351ff4c85724915235dc51fdb5a9ad5369822c66ec60bc318e2c0f0d908aaaaaaaaaa00000003e8580a2f99939078860fc6aecd8202f5b2033400c6912e3a5d01bac32a001ddce41d1a85a63d4c770c436b254a00b0b3b2b63fda00c135f73b6ea9f47d1045500362656e63686d61726b73
010001b60c55b7870200f5c874c9c3c75d3c0043d5fbe555d5cb2db5e9996e0877149d3c0775c48774db25baac0221efd508460fee8998ab9474f92d5cdeb1411b450d8d4ac33e978835611b05d46e5a1e84aa6ec60bc318e2c0f0d908ababababab00000003e8f6351ed2bd1ed36905b1e1187201aae9ec15aa3c524162275061bea83803b2bedb8e828a18cd0e6e4713258002873d2bf0d32dba0f733f2e246d044fb0f1370c62656e63686d61726b73
0100b215fcb9e65e74553e3e1f8c0aa169de00026133300047d6fdf9a121ec7292f86a97aad4f259b2857e32b85ffb34f284256a9ae768898cf55ce017c29bb0ab73bdbbdcc23c69d4428dcbdc83107000e35d6ec60bc318e2c0f0d908acacacacac00000003e8ee2d0eaeefa8428c21b69593ac99ace7167cf220fb766bc5a04f3e1425538d9c17417dbbd6c147ec3343c31072ea2395efd47fd55a3609f1a52cd64f636fe50162656e63686d61726b73
0100d1d82526f449f02b0f6d2123cb45f8b000827301a142c94bbe74d735ca6b1407305eb82f01f5901dfefc8d18f9a9c7c01b26451e3cbf990e65c0ad3ad99f3f07b67bbeaf01fa7fd1e41f7b9813588a90136ec60bc318e2c0f0d908adadadadad00000003e8e467020b37861a60a1234f305341b1709d7c4ea36cd7b355e087844762fa7ac179fe6f7133ff461b3cf5ee671e9fbea3675734bb0e4788a9095eba4b9634ce0462656e63686d61726b73
0100db974815f1b5ca884a6d5d5ec9588289004aaf19b7dfdc3a98e9665c066f79f52c53e9ae8667b7935de7ca4afdb660a720fc80c02f5209a02e939ef5a2831491fd95c40c2adbc72d43f0c81007567d0e166ec60bc318e2c0f0d908aeaeaeaeae00000003e822413a91d95c4faf93b9eb15b757f72ae5916861dd3757de013a183ae997b13892efa1c7df7b0723f7ffcd4bfc82482c0653b8f42f06d0dd30caab6cb3eadc0862656e63686d61726b73
0100041874f1ebe2c657afe2c83c61ab36e200997c6abfa1e7fea144c7cde7d1aeb898c48d41142bd58583175e19430c5ec04eca953d3ece4e2a4bca9ef35cd6e36236140e2705f6ae2f4e7e97145ec2c572586ec60bc318e2c0f0d908afafafafaf00000003e8d77259a63646739044dab8ae1da8e2f60aa07b07d93e45139cb2fa3b6d2509fa6ccd57c240a8726b09e6b09f7f6d0ccf54e98c1a40ec0303b32e64b3aaa3b90462656e63686d61726b73
0100327bf9af529c0fadea62e85b15d904de00b578a0c89eb18705f599acc3862fbed4b6c4635118e4cbf2ec132ad62e82b00cf5b04009d6ea74ee9a4a7b7378ac498c612d656848b79edc19dc6898014131e16ec60bc318e2c0f0d908b0b0b0b0b000000003e85db19379854f802a2661ce8fc0ae4a7a5da1cf823a3623faf6ceab81ceed06952b4930ed9e8b835fa9005b0c2f82a94b8b340280abc830eb556d08230fc6ed0262656e63686d61726b73
0100e942bfcb7c8a63c2e5ff1db0bf6ae9d000f9c9406826a613aafa3f7b4b900ed5e63263c9b95ff43ed8b3c91e29e6471755cf7ccd04878874a9bed627a1125ea144b48a9ed1cc5bb64b12cbbfa342a8e7d46ec60bc318e2c0f0d908b1b1b1b1b100000003e8603f0bfb050d22a58e3962e397d7eb1792aa240fa96120eb0c5b2e09a7e00730b5507d0abdf89ab6a58579ea6a837998d818d5db2478fdcff5efaae3501f4b0662656e63686d61726b73
01004074893e7051ef6852d1ed5d0521e062000b377f25dee16c80f19db6c5ab61cf4c6f5d3983f495b903668ec11ef0be88696d49119e6257c3d17c2c58e1d3be7939df70652c58fc71c15efce413adc792956ec60bc318e2c0f0d908b2b2b2b2b200000003e8aabaf0f40e4a11d2922caafe168dab9af402573949af4356c60ce1f908403a196091d1f0b53034a0cf8cbac6e003311706acf86c335f4db1a65f4effe58a4c0762656e63686d61726b73
010073386695bd7a73a594b8d0b1b38b355f009b5fda3cee2e0fd28bf8959b6dfbfa0328ed59bf0b01328a07890ffc84214c172b1519dfaf639a403c6d96d23bd3feae067d3a8af97172edc570ef8e54b628f46ec60bc318e2c0f0d908b3b3b3b3b300000003e8b135f9b7c539f2b02e9d23661a97bbbc19ff7592141d049dda105403adbc30c6d10c7ab42c4aea13356dc36d7cfce9fa115bede4049103ad6c2ded9dfb3d580362656e63686d61726b73
0100ff5584cfb9854813fc0e70f0ddf57b070012fba26fe65866119fa005045686159afb63df284d76dd28d6e1ab03779e8d161d0547f8d63f6e781b0fb9f8131a8625e1d12ee200a345f36eee9d8da1e8ba0b6ec60bc318e2c0f0d908b4b4b4b4b400000003e83a9aa37234ae82db85fe504b7cc25064dd99dfe1f7667b4b3c0cab4cce99c4194a0631abebe72ffcc2490084916a84758f97c4b00a3a8125ef7eb2d253d73c0862656e63686d61726b73
01004243f59ed32f9130a4a142b03ee5aa8a000297af2ed9dd46f68453290de04f7f47edd7a74c04c41ed0aab3913ba1668c57acb7fcdff01b858d3fc11d2ef2455c05d05b37d662a688d1dff6591e75376e326ec60bc318e2c0f0d908b5b5b5b5b500000003e810330fbdbb9b6ffaf6ed6e784136c17c99db61d6316d5540d4a71c6303fb2bdd7ecb10984680f2bf7ddd68b916b7c92fc1a3ed6e943338bd9cb3f8835517fb0d62656e63686d61726b73
010078121426f98e628414dc572fabf1bf2300e8e04ee93360db5fd6f3436f8bb7949e9bda958b8152ee4d4a283533bf57e676b404b3e01e0cacd97723eca8a90c788c9e7e57f4db9d85728dc341eda16b0e156ec60bc318e2c0f0d908b6b6b6b6b600000003e8cbb323f4dfb14f0890f2cfa4ffa8701dec12555b46a9f8aad3ee5bc1757a5484b8cc71a92c8d7a79f4c5952138d51216fc48b9c49f23a91d6b98f391c8f7650a62656e63686d61726b73
0100002d8528ec276433e65e852c90ddae6d001ba245322e934eec06d203ef114fd4b868fc43371c45023af38beaab92dd692e0dca1266660c240d49dfd4cd4553d43714b3a7a01325837d9d92ca275af2b8b16ec60bc318e2c0f0d908b7b7b7b7b700000003e88f902ea2471a01610a7c22726c10d0a0f38ce36e6582f84edea33c3ad8ea7a73ade9f54d76a56bd27c9d4845ddd6ba6a8ea57494380398d19c388993e9dfd50b62656e63686d61726b73
0100ec1e5a62db3cb92c8d97a836d98b555100ff0e527da741217fbf298a2fedea29314df5021d0f9789e197024fcdf8a02d04dc35e50b307c52e4184153bbc6e8f1314c65bc65b3ea3f0a7097a5ee003788076ec60bc318e2c0f0d908b8b8b8b8b800000003e8f43cc1d64a174dbbae256567cf2d4b2603ea3f1c2e6b842dc7c63a223dbb2cc97c3fb22ffe52c29e5f9d7e503884fe016adba3ac361016a89efeb7a153cb930a62656e63686d61726b73
010047325279390effd7913585a9ddd15b7600743fdd48c329bc0478265180d26ce8e98a7e7a15c87636c6ac5d23ddf99a6f35d0041d125b1dc92369576d8f51df1ffba5ac48de7c855cdd2c6de3ccfc0ba0416ec60bc318e2c0f0d908b9b9b9b9b900000003e807176987d402b752810fc86d1bae9def4f6d04fcdafe6405fcb775876c37997690ec276960a34ac834650982873a9fb5fab93b3d92c8eef0bc1df4130b6ee10f62656e63686d61726b73
0100d6ade118f27373f1e4f38d71adf5ec330070d36f85b6e270656b97cf30b31b8ba8524adae2db2a97259e24dbc669ba163683a50260d5df7f1b8a899fd645ddf3ae711cdc1ec1e2bea4139808ee5ddb6e256ec60bc318e2c0f0d908bababababa00000003e83e9ad78a26076c97fbcd79a96073f4a7d2512ab4b8082ec0a17fcf7906ab75d802dc4b5ad8742b09303d60236e6be3ce4f3a2f703b6657cc7c913a17176a730b62656e63686d61726b73
01006f8586f59d5753ef843928284dd1e63e00c24f1f31a451cb528cdf8d676004e0fc9766956cdd3812282606719b7e7aee287625ed95ae9baf1e0ee578e264261fc60ad90c47919b9f4b5e2d40e6b31d4dfc6ec60bc318e2c0f0d908bbbbbbbbbb00000003e89d516b20c783fef91a85ca597a4fde697687342ce09175ae068b48a7b09aa1e94cb3bd348f71e3bbd39d910f5558a02c4022a3428410eafb3e449e77999c750f62656e63686d61726b73
0100353ac9bc8ae33b38438daa67efab935700f153bd248e2e93d9c0f678d7abd00007853f2295c1fb8368532c779a83f4e132885c1af1b114c7ad9f4309e625df17b20edc3804bfb63f8da62cb66dac6186e06ec60bc318e2c0f0d908bcbcbcbcbc00000003e8a0e621bb29373195d806cb0f48838ad4c5c74833c0a3c4acc8f99618b9a88b967f371f2cba177a1d3f911f1aa8a9182d26d3033104b4693ccbe2f013ff4f2f0062656e63686d61726b73
0100708f44d45e4f70bee8b56f14efe419b300dd4b37666ec0b83b34df9d784693c3e892d0b32a006d30c915a7f7ad4df5c05c2b09ff1966519840e19a7c3ac0dae9c7571ce674fb96ec86d546a83edca762696ec60bc318e2c0f0d908bdbdbdbdbd00000003e84bc4f6236071e9a741408f043f819f7cb7a792adee63c16868ca95fb1747be3466109e27ac8159371456d920520e48460c83a9197cf498d7b3d2208535d2970062656e63686d61726b73
0100255f7e2d369a76f22cceb123c023fc2f006318bd5c5bce5d0a5b8d7ecf6328afb5372563c88b9823a7ab60c869d2f1e40dc154bf1a6871fd2210daa7f2473d153927162309bb06015c843e485fe29e62ec6ec60bc318e2c0f0d908bebebebebe00000003e814c0b26d12d50eb07e8eceb893613c13f590bb422143291e8620097049183c4d05820c881bbbc19c288fd1221f4ac63f8ae5dc4c132abf23b707615ffdf3250562656e63686d61726b73
0100b5b3f1f0bfaed2154384e2ec5783faf100e45d20708ef6feb86c5bb3a0529711c418f3dfa70c4f135749e6ad839f3e98164304ac788cb357e9d7263ca27d88c4869dd514624f53150d5a1c3916be0cb51f6ec60bc318e2c0f0d908bfbfbfbfbf00000003e821bba4c23c0dcab4847c44843fb5e1a6a69cda713660581cd5cbc6577dc7eedaa43d17fb9cff6ab665730340de868f180afcb8f09b8605b49ec7ed6f68f2570662656e63686d61726b73
0100810be582ee34833db36f74870450e34d00db1d1db320f474469ac9defe9498d652b9d801ebce73f862f2bde03cc5b4e0485d7e50e8ba9ebc9dc14100de900ab093218e72ddc43a5da30c6ff902fb3f6e506ec60bc318e2c0f0d908c0c0c0c0c000000003e808401c87b8d06e61823968ac9d9217dfdf5c082a7a52a5810452714176c359573dd7718225bda96de49af2a8e8f659e0dad3a9d62c0b32598da01367da9c4c0762656e63686d61726b73
01000c3de9469ee440e5a006bac46b8b48a60044a4322b2f56fdde359b87eda4aef32031210924f9b1adc232158aafa7df860bbcfe8b59af52c0d1445db01c16efd6773cfb9509ac2720184df6ec736c2ea7756ec60bc318e2c0f0d908c1c1c1c1c100000003e8e9c47b8128919975e88840577f08a31f3539fb4427ac09b2f3822bf34722efeee848f394234f430e71cd7609cb17d62f1eab4924395c4cb76077c4d2fdb4050762656e63686d61726b73
0100ed86a2e1813c4b150c4163d45a393b37003628e8ea1fe09648f38e34b6210712f2b008bdd1cd40aac6b57ec7e7c2df812267a5bb3dc686366dee779957dae060550f199b332e4a6f2f7a9c0d4cc3d7f0776ec60bc318e2c0f0d908c2c2c2c2c200000003e8b710a5f90ee59baeb00c7a850648bb02450060e7955c72caddce3ba6757304b0b2629f6fa13d2bd759446c17c5131f399c023a81db5a8cdb0e9f59cc05f0c60162656e63686d61726b73
01000ef51730b26713798e151d3bfe2535bb002c25817c43665a66155e6f0360862e73cecd9a13ccb6a483ea7558e564c07050bb1348410caa5005d3f5be403125480e0ebc28ad83c89c89d8d8f128d440f69b6ec60bc318e2c0f0d908c3c3c3c3c300000003e8c15880485c19f569d067a2d7792ead8b58dc29a1b8f36643ba18d5e24c571d84775eb6c54ae90ab734b99b6175a94fd87203f5113d2d32de1af7b738077d510662656e63686d61726b73
01000e1f68be9654be9414150a3881c137fb0066f61aa771301449dfc221cfed40400859140d6799a723f1961caffe1bc012556ee310ca02e3adfdde38e42bfa6bde4b63d0976469d109fc788ccf658220690c6ec60bc318e2c0f0d908c4c4c4c4c400000003e87a124c630b83e0163c1dee65775c2336427a91490851c9fd682bb59810323fcb0a685d0cfcc18bc739f31c68dd7e995da87b964d74f0c9a019a0c3e7f6b2550a62656e63686d61726b73
010038e4e3a7142a7460a1932a00732aaf8700de701f3e8a0ebe7dfb6794163ef2c79dab70eba2a87ceb25f87f34298e5477049ba353f471c780d4ce4d994da0a965f09b12b7b30eaf413983de619f3f838cfc6ec60bc318e2c0f0d908c5c5c5c5c500000003e894e48abad57232964585c89fbe6fe6f5881001d93e2f596ae88961c60a17fb21a10d3b75f7458bbd27ae8f6767f96d3fcc325471db2924d09ad3c99dd57dfc0662656e63686d61726b73
0100ab5fb0c145ef191c5673440dc2e8045700d914f1fbc3108c0da4854b2146fc4b2ca1f097da032886f44d24db958d1fab4be9afcbf17e9f1cdb7fa97ea2eec4df4bd5811c65ba4e481ce97a390fb0f40c906ec60bc318e2c0f0d908c6c6c6c6c600000003e833af5c68d64750c41d4863146338bd312d2691c72191b6890b6e2764d2fe4d245e7fa311ac73a31f15d1de8bc018fa964bc742f226eef045fee681161c87be0162656e63686d61726b73
01003053eed6712131205724c367a8973750003a1f98441892d9512f7b49255ba69b263f71aaa3ec1dc42a13c772879a47196f4eeb3ceada0127b3d41c87485f3ebf01dd9e6ce068b35d2872ca32db528640a16ec60bc318e2c0f0d908c7c7c7c7c700000003e870145883fc755880c590b06021b7999a95b9caf14563d505c9ed97ac9fced86aeed05913d1d7b9a7ecdf66b4016705ba324d308da7597a96bc9cfbf9e0862f0362656e63686d61726b73
01002a64cce33c97e64e97d1718c8727ba590098c7d2a65987e22f48888563b2827a86a8e8901a549ffcd0f537d5c3aed73454c42e0e3ff0de706657a5a7370eab0226e7877e5bbfe413ee3a02aa0f8ab644016ec60bc318e2c0f0d908c8c8c8c8c800000003e8018ce6addf0856d27ce11e49f4b7f429b3d64e985ec3c2152983c7ff928c44cda8a3313aa185ab2a332f99015e28c158ae677005b51000dd19712149116e3e0062656e63686d61726b73
0100f5a4fec3f2eb5a5775e7fcc64fa0744800502359e2a1d871d4034f2df0c6c0993d66d5efb7570e972b3696cabb294b57614d47757852a3ffd260b924d62e679b7eb09146cd7abeb3530a555931d929b1e56ec60bc318e2c0f0d908c9c9c9c9c900000003e8c9f9fe617b523bebab5744bedae3d7863b6de727af8539e9518cf2dfcb52f5eed3c368d29b3a773728a9d579b33ebcf25a295b2044b0e980559a858f331e3a0062656e63686d61726b73
0100e4f9a3faa57af1052cc90af246de336100b963ad9becc996982dae5ed1108ef5e086ddfb83f2b0196d44ca38f9f01f177631800fa105a546b2e7f8b9a4a72705d28c6fc253ac674c5da5949ab33bac7efb6ec60bc318e2c0f0d908cacacacaca00000003e87354bb26282a5183c9d4a5200c29cfce2465ecb2678e11efecbdaf9b366dd846d5dad58c3dbde044573900930339edd0a6f1c2f6c1e857c49dfe9037dccff20162656e63686d61726b73
0100802e9864051c0dfe3219146537c43a7c00dd8ffc48dccbfa6349b3707923af979b350b827c2564474bbe8f0f6e134d3a179b7d2dc2d0931816ef2bafe3221ec6b387fb8ad99ab7bb8ab28eaedfa56517f86ec60bc318e2c0f0d908cbcbcbcbcb00000003e8ee5417578e1d45c5b97e75fc6111563580b1eb2cedb7f883284eb70789ef28a6c6d15b0aa22b240f0a52953871acf2b84dd9a6ac026c66f1d64d4017c861160462656e63686d61726b73
0100ba381b1ded1fef7dcfdcac36ecd7be7700ce65b516a3e131b3298021ea1557287dc07a28046a246e694b99ebe2b1d605215dfd461e002d5c2842acf060172d66aa234fb18ad5769c69f46ca99dca6ee3956ec60bc318e2c0f0d908cccccccccc00000003e8aa6d1efec41fab6795ddb2978a451fabf1ce0e9da672566299354066d91724465e890d88ec8c544fa8512bae6599231f8d7c33014928ddc378ce13afcbfdfc0962656e63686d61726b73
0100386e2ea795219e509c86d8937c5d6e120092efee8816640dfbc8358e5755b6405a6b96d04b64ee2fd50ccd382dd14a3f4c23a91e6ae44ceffed714d50b50f1e3bd31c3c37361ed2dd62d40da926e3054b66ec60bc318e2c0f0d908cdcdcdcdcd00000003e88c9abfa85e8906a6181ef38dd4be324dd8957254151d5d8f1534fe3aadd67bfd9e7fd44fc11aa4d3ece03fcbeb3f4282eebd631abda36dcd9d3f2ba62656f80762656e63686d61726b73
0100c8cbef99a5d8d29019db5569222dd9a6000e1d0500ebdda43f42e3565f96da861bc8d850a81d3e98e542efeeb3d8b267389dc60fa03e1dcddce97c9f8b9d563492b7f7bb307c2067d666707508c759cac66ec60bc318e2c0f0d908cecececece00000003e8bf77048f619312019e67abaa664c2c80c7d46bb536a506ee1d3762705cdb39ceb62e618e914fa0b6b5eb047f38afeb0e8b0c4423a65efb24ad282c082ac9630e62656e63686d61726b73
0100ffd879da25faa97fdabdeaf2597721d400aaeeb0bb460785d54b2d086aa378f582c05827c549a3bb7e2d9eb40c31b03b17e3d6623bcd1605ba09d3eb1445ee031fd7c04756b3faa2c4140699a106a8ca946ec60bc318e2c0f0d908cfcfcfcfcf00000003e8d6acc92bd391e8def3bb36bfd284268687317131aa54433d0f2edff0e26f1490228d27ea5ab6153696f0479879f001ce0fca20bc29870c08ac8fb71fa9af010562656e63686d61726b73
010065376c6c7a27b1cd3995f5a95bb5ec6000d13140e4132f6383a923909d16b06e47129c4eba0bc2628172f8b4d653d6ab2837ccdb1e84099dcb901f6010d02db4d97d58e45cd20af63456cd1ecfb055a1ac6ec60bc318e2c0f0d908d0d0d0d0d000000003e806220aa3eb2f9c5ffb907dd67b506999190b507a2b405bda4808ae8b88e1b7943461d61a690560ed636dc315225129bbdeb09d70538e46b5723d0aa6dcc9d80662656e63686d61726b73
01003fca4d854a8cc660f64faf6983c2cb63009c57b5ee5e6f111a67f5fcf2d66234452c1c0dfdcb1f38ed1f2f40844ecf6b1f59c8ec6869606e87edbab19ea083bcbd181b9b5c19c4dd42e2079b2663079f9f6ec60bc318e2c0f0d908d1d1d1d1d100000003e87af161d1d580d89dbb0842ca861ae8be84c48e2306b97dac36f34cc43f0c5b0590657a6224cc250026ff649f6fe0e8ff2c3b11e3c3216d3401f73b9160b3cd0762656e63686d61726b73
0100da7eebe438b048e50ddc217b031fdc85006ef765a9a82a76675491d6c76171ecaed6667b852f9081a4c982e7f27050773f861e593b453b4e072804eb11e439fd46e010140b91ac650a408e44e872e76dd76ec60bc318e2c0f0d908d2d2d2d2d200000003e8a583ad3f882fce16b4cbf99069b94888debc31c9d7a9eff210ce92581c7cfaa22062c87a9ddec5b7edba9cd715ed6ed1f6954fa129b56f9dbead5f7c979d540f62656e63686d61726b73
0100109659826a42c54c3851d26cbb8c1d5b00126ce222bc7e6bb8e88d4c627712b7f62b354632254584319754769e9e17185e282dabd2da51ed9da4d435308315f902bec28bd184956851d344830a445b550e6ec60bc318e2c0f0d908d3d3d3d3d300000003e8199bb589e505a574e87d11687b4b78135eba8019a0246c3f5f06f4f3e39730beacb209ed810cd01c4e38165c5633ee88033ab1bbdb728ee5d21c1f9ad996030462656e63686d61726b73
0100fc9cf1773e697b220cc99050d7dbb887009852d31245a666f2ea1d914ed96097ad2b1afea7f9b05466bf72f88e60aa273e4ab321e6bf2575894bd396b260434d11f913f4da232c3491f9279564224134c36ec60bc318e2c0f0d908d4d4d4d4d400000003e8e0fb9a129f7cdfb5f49a1307f1f5153f1a8acf0445c41a1f94faee7076a4424e5a209118911e3e8815e118ed106e021d334d44c65ce3db9d094c9690e970a00962656e63686d61726b73
010021a5af8aefa08098daf160f716d7952300827cd48301cdf09b2ea2502bc15a26aef59769d67ac6be2ad08f723e07a8ff4d8c28ff87d622255a717efec9025d522bd1d367f5da827943dd3106219b6e2c786ec60bc318e2c0f0d908d5d5d5d5d500000003e8e7905f6e741e2c19b769a52237b4bf9f62feec615114393c93ac615b8f12345e20ba3cd62f5c8808520935b1fd6e90343ae7b43ce94b7c04e974f0244c740a0062656e63686d61726b73
0100d3209bc2628685f60338e7f19503be2d00a18c033c536759d991c7affde092edd21f383ac58f35df20e40e454e9a220f6039de730e3629d6b54195d5d3d0b8358f870b4706cb15431d43d21fbe4e7909086ec60bc318e2c0f0d908d6d6d6d6d600000003e8b75fb8cd203e4a8603a4946598eaedcdd030371ac1013afcdb2ea5b80a5513a8c52910b5280576df2362b996ef4fd126eb27b823f6040290e9ffda02409dfb0862656e63686d61726b73
0100a7b083ce85ddb7ad1236deb26631e9e700eb9f95745ed557c68727f69d2977c84eef9c6be522d397b0dfc39aad7bc36403cbe6bf3ac18aee68f72e5e47fd462f9260e284cbce11a19acb526ae3760fdfdf6ec60bc318e2c0f0d908d7d7d7d7d700000003e86e435c4fc2836c8bf42a926a37e3c57d5a8b9424deb58675e313b4db052073c665d4ae874f53479aa3e2d6b1f0719e101c65892491224a7c142aa36a7ccfa30062656e63686d61726b73
01000fa6ba45148048ae23b8a0e1d63c9e100095949d6e5e8f779116b4d099b7ff7585a64424a0a20d603ec018eeeb8fe7fe354f499005fb664871ead383583784255befa4119c72a3b078c85725a441167dbe6ec60bc318e2c0f0d908d8d8d8d8d800000003e862064c040fc61b7e551d412c218584c03d8b63337c895b248184313a6661985947f64793d88a0af92c91d81d806cf09ca976aa5c8fc0481d0763984f1479d50a62656e63686d61726b73
01007f6170f4f5afbba4e40858f5391ac861005cd71d410ec0c2b1cf8cae40c3ba52c6fd6b2691b21915cb09163e1bcef0d57e373e34d8934af0f3c2308f828c3fd0abadd1ba0cd757e5f26f7d371877b3e2076ec60bc318e2c0f0d908d9d9d9d9d900000003e817f04614581e9a99ae93b004aac89f165d236c91bd6fdf5f8814de5a72e411dee3f1f4a0717049af8b21f9be0c629d6a709cf7cce46871ed79c6284df9dc680162656e63686d61726b73
010086aa7bfad23c8abdf117d5f92bb37b7200f94272b1e67d89d89d87ca9ad68345de8570458005e104b8023b8d58048cf056259d004cc28b1a03f80eef5d411d84688b1bffef00183acb29a6a4ffea98007a6ec60bc318e2c0f0d908dadadadada00000003e8d7c1282f0fbcd44a335966ff569f4b697b68d2a8c1a3253a7b98a58f2b2adfdc0f4df664d6acf9ae58a2c16ef17722dba66025e689d8b6f548222be7a2c83a0662656e63686d61726b73
01000d78df879869a43a605c61325e75fcea0014620870a9a6aa3a96f35c39cc1c6fea65eaaf5e5506ca7b290424e9fb429c5ecdb3e1842caa13ad6d8d090d3c3278a4a874a651fd5f8e721b170fca1ca559296ec60bc318e2c0f0d908dbdbdbdbdb00000003e8cfa4bbcfa90bc736f4eba49898cf1f510fe54f4ed99596161af47d50a0074284e46be8f85708c530d8cbdb331553a42032130713673ce2199265be4e0d2b630462656e63686d61726b73
0100b36be16ebb0e7199975f1ccd78b655ec00a1ed126aea8204662887f92296e1f7e1c9c7a291e435a2eee4d56c8eeb656a7ec602c9bf6a83ffc47cb3d9197929a9ffafdc0b504a0684cd3c7019b2ff0b73e56ec60bc318e2c0f0d908dcdcdcdcdc00000003e843ac2ed9f3aaac142b68e37b4f594e1f0a884d9e72da8ddae595b9dfe8b52efef2d5ff9827590685c88ccebdcf560c2f0c85bfd3829267c09270f3688956aa0962656e63686d61726b73
0100d012a323dd95a9d425e09f4fbadcd3af00388afa1241ed8e4fa76bc8b9253a0453aa1a1bdcdc0a61732355c4048fe58c05106c6b8c6c797944bdbc6c2a532b866045ae9756ac3fd38e3166577fbaa8113e6ec60bc318e2c0f0d908dddddddddd00000003e8d52656ba961b58d971d86c6e6697e13d1f409e6d3a052d9c80aba9e0e15d1ecbf1b4e8652205d9cf5835605d4a730b77d9fd36f75aa1afeb82378b5ae79a410462656e63686d61726b73
010089ec141cd08de590d96e40226d120f1700f3ef63581f146e70ff9d0c24c53dd3e6a2f6a74cf2682ecde7abe032d8d5f96e7badd4b5d8046f23ae42c365f8e62f60494b460590cd6e3adfb9002c6dcfbae56ec60bc318e2c0f0d908dedededede00000003e8519e89277b4802c52f53c2299f069b87cad48209b6805452106890778e17a2ab241da4f7a0ed53e1e64a8d2bd32435c43a0b957a921c929eca05ec8bc922960d62656e63686d61726b73
01008bf5a9765b40c34dc89cdbb59527ae93004bf265482b47c6f11fd12ec48f9ac6170b3d9de554a5f29d6e005d60a3f9d66eb4a4d34707e7b38e13f5230f26c4675c07e5b0835e48cfa60939d27767cde46e6ec60bc318e2c0f0d908dfdfdfdfdf00000003e80d57acd6c66fcb9a7cc696705e810ef6d8f19777781d3c6a1644aae7d214aa8cc470b3d3aba8f27c80976bb280e98f172803345fb5704db8539ffde1ced4f60162656e63686d61726b73
0100d0c07f952990e8f5e93239b1084f3546003bc9f948fa3c3c91efa14f46a6de83142b644fec6bc341d8b76bb07783cee9771887296e3d5a249628dba09869ac3148a18aae0a9eca0631fe2ecd89b10f6a8f6ec60bc318e2c0f0d908e0e0e0e0e000000003e89464255ad137863ee74ebb266e7f68a634302a343197a5920aea3bcc7b92af2d151c1ca36fac84e5b54b786ca937d714777e892d09c8d3a12346dd480103710162656e63686d61726b73
010007013fb3a4b17d7e34adf61e2d3c30ec00226a5f235f0da847f7f55e9eb4580dc6681cc234634ea504c225e5145a60ff091f34dc184d9b7120af65922dbdb1247cb15564c5125046b3c6bb90c2a82c50996ec60bc318e2c0f0d908e1e1e1e1e100000003e82866979c284c7df319e8ed0fad25ffac5c8d4546f71ab95c6840f040dbc4e1200df3c1c06436b6bd3e854a1262be10f2b7a76abf4ff264f4b6edcb89b186d40162656e63686d61726b73
0100a6d55e673ed914e0cfddd3a3d135f3d700bdbae0c01af72a6b829767ff0907d80a63407b32902de092544aa6bb2b8f526b1c675e67628984c25b00366a787c3dd3f1d55c82a6c48a7e4af4f55762847bc86ec60bc318e2c0f0d908e2e2e2e2e200000003e840cf9ea9ab0fca4760066e34b9d1914f48ed5fcf3566d2ed2bd6156664b17a2052e474a7dd1b305a9c63d182059b877082c876ca75685e3ae539448a5615e80262656e63686d61726b73
010087694d2032fb97fdc27974dda09d799d00a8f2fe9ccfce34b7b76f4e915eb9c4eab385d7cc8b3f91cb761bbb9c3ee2b276f237fbaf3242a12118574b6fe9ea0120d7e130b23a09a69e9c4587145d60ee276ec60bc318e2c0f0d908e3e3e3e3e300000003e8e71d2219ac8176f1a2ca3b844e0f9da18ea43c769940b1c07183e1914dd65e110a8585ebd65f3a8a80d39e4968292337745304964d1f584521a160b2e30abe0f62656e63686d61726b73
010048a9aed135e6d2acd250b40a04a8c8e50014110688cfe7f62c8250ba3e7a92e6ed05083d3b1601f9aa1cd01d794b29df0e207ba3393849f2c3c912d07e48bd8873625bdea5585c0f35df19f5c0ad8d3a1f6ec60bc318e2c0f0d908e4e4e4e4e400000003e86acbcde7620dd5f0250978c893f98ba96b60a14b0785969cb4302bcd0b0d44238c791aeae234fb6ada4d06dd47ee433ace14e77f3012ba0e297c71558ad9290762656e63686d61726b73
01008f93c083222fcdb70299dec53bbdb828005b086fda0eb0bac41fbcd2fbd53e0851c9c8bac6c56ac10e6d66c5866bf38768fb03b12990e88344d827a7c75bf64602d3719a67660b47ff526adb3bd29000876ec60bc318e2c0f0d908e5e5e5e5e500000003e8a5a4f091846826086e68be60a6accb7098b42f27b1bd44915baf4e420076b9f4e2116ee6af3ea4b259baa8188f81ce84294e1195f8f8251c3e44f6f4a72bb70362656e63686d61726b73
01007e8a223f143a3085681544d34d79575a0066f74cd8eb4c033cf9174ea416fbbd7839af9a2ab5ec5f7d1a8e30334aa6541f915c4ae106c6fa36906e2e9eb4133fa530a831143730a835a0ddc4ea0bd73db86ec60bc318e2c0f0d908e6e6e6e6e600000003e8ba779eb871a5786e071b5020a10cb83d75d7457eed932d2b85b17f85f4fb3d81904cc22d4224656f3f7a13e4940d67a7535ffb80d0ad05389459871ad5b5760962656e63686d61726b73
01008ab37915b389128cc4a19fa3eba85cc7000e252e41a5d1361b828301eb74b4a106dbba77d8c0b6ffaad6162ff7a9e24c7b2d4993e4e5d17671234ea057d9277bc982df87e634232c732e35b3eb83b29ad96ec60bc318e2c0f0d908e7e7e7e7e700000003e8a9edc24e7e09e803bdd7f74936fc12621d6147b0fcd9e8b189ec9672a9ae5501941cd0db3f92ed858e61b720e5adf5c49d9d646403c0def6cdb146d3ed186b0862656e63686d61726b73
0100caf5339615acc737246ece1f7f5b5c650038a15bae4a4ac7c60b4ecca83e515f71533e9965a8d1120e35569a8d188e8a27d0011e1f44ed0ab359c42890e96e12e35a948cca1965d6008b80669db80a54656ec60bc318e2c0f0d908e8e8e8e8e800000003e80b3c3a84670f5ea687186e8cd5e67da2e5b5faec844269c6c32cd47780431d53ff42be932dec00df0118d446caa0f9a1254384fb2191ea4f80878fce3d6cb90b62656e63686d61726b73
0100dc587ecd66e204a4a6a6995769fe9bb8006e3ccb6eec4976df5066296dbf5314c08436fbe1b8d455d895e86c3567cf8059a4c120e17318219114ff9aa32000e4b18d956c5d71df30dfc9294ff043ab8e0a6ec60bc318e2c0f0d908e9e9e9e9e900000003e8c06e622b1bf6618456f8beffce91a4b9c57df0cdcc9de75b88e0599a93d7b8b2d9dbe015697b7658d15afdb8bdf1fb44025e42e19be3c7f2ead27ecdbfd4610262656e63686d61726b73
010073689bdc5dbf751653a3079b3e93a0cf00133c67f31ab26d80c602ebbe95f3b4e13f93c9b672db548d5326c67153bf3c3b81d9e96fc64fe99a656860619c8a46ed130774f9dcadd2277a2954c88e2f27566ec60bc318e2c0f0d908eaeaeaeaea00000003e8a9e30231864761f97e84e5760bf4b06e57134af34d8a220495c569b6fce8491689198f038d43e5f15b0709fe7a04be15b2d4dfeaf5e196c61de01451bdad910c62656e63686d61726b73
01005d8566a3d944a76c707ad433c91bbdd100d4af6ce0ee3e5519b028f4aa229e4dbc0071139271df17f0b47303262e00e738420fbe59fdc1b118be316b828cc904add44dc92680706a06d5bb0782958ee1096ec60bc318e2c0f0d908ebebebebeb00000003e8b39f69403e90dca5ec3ab8cb6f060596d5798d441f1ab90ee3c6ff43c9df3e7c56b6705cb561d9be6674f1d79bd3373e0ba2516c0fb16375df82d37f3572910362656e63686d61726b73
01006f468e38bcf0e352d553de8bccaad19900a550831694ed79f5b23d7bd9f73e037d774a02b93153db9da10e085b4582112e6215cdf502bae9544606cd2eb61fc9b1378ad19c9465fc8161e07ee47c2a4c386ec60bc318e2c0f0d908ececececec00000003e84813c99761a99d2feacbb61e4a2e25746ff3dd79451e196ac4649550ce0ac715dd2222ac45ae785d992d11ee1df3a41218f83202f465a7aed797ec221bd3210862656e63686d61726b73
0100e253d95c72c39650d1c84f72a851ebf90092ac379949a52ede06f6957dad24ff72acf1e53970bc45b0269f83f80985cd582d738918e77d49057b6a61c4a8f010e3f40b81a05ff049711ef4c4446a98e9a06ec60bc318e2c0f0d908ededededed00000003e8a7b59a37a3535648914d581b754963723ed08d604d4108f445716c941b41cb3de04b8fe4f56f25b539b0310d54b9b68f8ec1331d311be5e9e6a3c635f765dc0c62656e63686d61726b73
0100b17bee78e4b81f72e3c82aa93439074300087ea2b6f51837267ee4de901ea957ce079af50082b90117b0f7e8de0861952ba1b3379f49363fe528a55228bd0560e529b7e9c370fcb6f9a889b704ed4e5cd56ec60bc318e2c0f0d908eeeeeeeeee00000003e885c7a713be2c8143c50d34ed9b95db28f566898249810aeb2bd343a27d0f004979d6b32400a505057ad90ed1057117f82b6926dc9154d2bf76cac86fc7329f0e62656e63686d61726b73
0100066ef53b527acfac8f97572d937bc1ba00aa35e135cd62ac045625b7cb9c86e8c94e8a0dc127fa452f6f91a0ebaea1a9178aa8e49ddf3f0d2396af275b6ad8cc6fe08ff52c69bd63348e028f3056ba4d436ec60bc318e2c0f0d908efefefefef00000003e83b3ede564e13bc4a4c5b1554785aa30f62893ff1e1f68ac6b18e1a78e1f99bc672da97743a85f15bb1b12d08c38720063a3963ff2cb4dab84af3802f07508b0162656e63686d61726b73
010058e5bdc1f2bf1adc6b7ac1ccd1e722f4009dcc1c883ac15f219f508e95a9656b4bc5f47b4989c9e2280d21a6efde684a55a10ecdf5c22af9a87d7f22aecedca9d452cb7b6b44b65a099eae0c71d2ea6e446ec60bc318e2c0f0d908f0f0f0f0f000000003e85a44f303e41d3d2fb5b1a7f50856dcd08d9d6efc7eb4144d5df41e9b3bfe2da30b81358f5bf11fb8bcd276548891491c24f07f37c6b818e67d9b779eb5f3cc0262656e63686d61726b73
010006de47bec01782c1aa17637c4cc71618004aafa731d6ad461fefe2691d6f3a292fe8b35940680624025fd531e8a8493d347d704611431820418f1ad935d2588ab5788d9b81fc8464585cff228a7486f5616ec60bc318e2c0f0d908f1f1f1f1f100000003e8ea1cbee6763ccbb4e1edd9c29a9b62cabef32cdfaa677dcefdcd754355fccb8aa9c37a074fafa06a84ee0414afa7a6d6245f245d82fa8905e9f485289f8edd0562656e63686d61726b73
0100fe4c4a72294da8670b38db6eace4d22600b9f3424ca35904e44e4974347738f3757ecf8a4e56720ad396ce015ed27bb70e324118732afa9585e7be8ae30e062b8fbae1a52dfcbb6f89241ff2f798d9cc286ec60bc318e2c0f0d908f2f2f2f2f200000003e8d594c092c0be66750e97d703dc59372ec0a34ec39d29a675cfc175a5ecb834cd6116ae18bb4017f18f7a7c698b2bfb4552c819472a104036e90065bfe8ccc80762656e63686d61726b73
010018cb7c9e75abb532a0b6a2b2f8046b4200c49f6cfc7d0a13e867f164297dec85a54f9257d477a2d574e47db5053b58bd3b589dc3322f1185f1577790c270bad86613d5d062f0193e99b5241740e64e18af6ec60bc318e2c0f0d908f3f3f3f3f300000003e8b6cb82cce96ccb5361ade5dd2e4821a25fd680d74f0411ae74c09498b0e9db594710f0cf8c08248f008defc98899ac9fa59d56c22a36c322f4a4e8305740a20262656e63686d61726b73
0100da84767c6f65fd281186ab4f004756290067448061f4f06bdf49dba97a2420c0c4f69d2fbc01512de8e394d1aef57f3c42bc1ede91add8bca2710a8cad19157de00b24545fe73c8e02b6a10614f425320b6ec60bc318e2c0f0d908f4f4f4f4f400000003e8f50658967aac2f4b325a024f95bf99cc62838439fc397f9788748d0c96653d0b16f01ecae8cf87f0a12eb3c343b5e8d0290d5882a397613b3c27358a706a7d0462656e63686d61726b73
0100e923d93015e71202b5a71fccc74642ad0034da185c991471f9edb6a48125cfa440280f6e214ce3b3b70834c9c2e9cac20f734a9aa5d2c2afdf14de33a166f6d06779cb3b4379fb0529c6acf730b0c94d4d6ec60bc318e2c0f0d908f5f5f5f5f500000003e8775cd5c546ae60ce6dab31211d46e1c37426bbbd2a462fdc21548d31335c429fef866eba50f1037215ae3710cc7640a11f7edbc33b0746b360d6fb90b6531f0162656e63686d61726b73
0100f045a348a8e6be9001f52849ca48d9df004e5d202f463a93ceeb4cac999d0587da932952f1cf0ff902f0c83c04c6f96e2806094200dd51fc82e05d053eecfd4e7cc3f6100ff7f48198fea2caa2a7dfb0506ec60bc318e2c0f0d908f6f6f6f6f600000003e8ccc72c3b0dbaf5914d00636091cbccadf32b118f0f74fa4e78b6f64498523d0364603977ab33efcfd614f415a64524fd70a788570760e0daeebdfdcf23dd770d62656e63686d61726b73
01005c77741487131eee4a2cb5b7cae74d7b00b9eda4b2a46c66eae9383c8ecba544feaff9430fdf6323978f9b05e749987f5086d7dc13513af38d09ea12b187667a3c254a23a322de334a5f08b9e562a08a236ec60bc318e2c0f0d908f7f7f7f7f700000003e860fd8d141f4a5fd89797f3421fcc9675d67109b134c2aa5dceef7b6931562ecfbb134f13407f584b1e319c121eed272982fe3d4cf16be5f69de1226189a3b30962656e63686d61726b73
01003aa14d3e726207bbacc83d746ea897d90045b385d579b50922eb12303d5ca575ab78813b313437d3429c66bab4797cb53066abfcb0c27aac79e9f93ab0534257ddd5585f7be5a332181e7eeff130b120c66ec60bc318e2c0f0d908f8f8f8f8f800000003e80e96448488f26229506f3b9c0c2086d60f2a5995e34fe86eba45cc3305de101dcad3f6fa35ca6652c207cab61b41cf3ca6354a5b9f7a932069207dc01037510962656e63686d61726b73
0100ae129d145588cbdb29af960aade033dc0079958a8d2f3d9384e169e00fd6979fa47e560d7c10f96caddb2326b2860e65316515bb6373e382cf734fb360fddc7ae790f644826bd7215743ce16d50d0044c96ec60bc318e2c0f0d908f9f9f9f9f900000003e8dd9234b915cfd2b3061707a61d7a02af4dc4de6fbbc0871a926833413fab7b38ce5ac89acff5db3f1e95651a9c97407f8d829d3457d0207267a88cc278f3130a62656e63686d61726b73
0100432b047025eed9012ec5bc588920946600409e3fa497de40f8eba08965baac19c0ded6bc8d2fa9d547ebe24528dc5a70593f3f8926a0a790b6ce1c2831bded18091ef8bb4a50fad946ad3fc32fdd43cfe36ec60bc318e2c0f0d908fafafafafa00000003e82540691e281c44aeac7c8f72d0ac9fb7dc50ebb13ec4861c2aa13b271413b7078a23f0d8da843ca75cc2a20e0a25012f2d4c44f0a34001a7e63aa7cef6a92e0762656e63686d61726b73
0100ccc351240b3df0538a62bab478ed2c5f00e3747b88785be2b6c800a2162fda8b121c120ef554310efb43154cda018b9a0de02183a15dca314b070a244c1bc1acfabca7f311d99dcfb254c3be58dfc7a8ec6ec60bc318e2c0f0d908fbfbfbfbfb00000003e8824bd2f352017bd69539c3ffb1882b32d86dee0a7908629cb8d816bad897c2985bb13f3356dde52d84c360ff0e418bfd5207490a8a8bbe57140e51b06f05f30162656e63686d61726b73
01003093df2e1e0302907da3436bcbdaac840075434caadc51ce568e416a493be8d329647433d776ed1b191c87381ab43019365ea27cb2e90e093a243428c42e65ebcc74b851fde8429e5141e3cf6b8a4cd7156ec60bc318e2c0f0d908fcfcfcfcfc00000003e85f6790da5fa1553246c1b10fc9f0b574c2ea14ce873d2566b3dd7fa360bcfeafb344094f69d6b6818eb4e9d2428e8db36e870a961cbb788b75ef6ded76ae360662656e63686d61726b73
0100f5da5452555483fe0853e9fad1e6c9ea0099d2104624d836a429458df74e9cba0968d579731ebfcce667fa38c2be20bc7dfced5c0af1d76d9445afb6c07eea748e4d6f4aa134bacac371565567cbdb24016ec60bc318e2c0f0d908fdfdfdfdfd00000003e8799c7f39a2fe788a62bb37dc06e54bff6f5291dc5e1a73eec2a78861c06e14850ff668e66f46f33099891aedfad29b229b908f6013baca6256e5d996c2e13a0e62656e63686d61726b73
0100ac4334ee4738444aa82655ce566d26cf00165fca05971b9851067344d0d962541807e8cde91621351db65381b3d1aea0647c8782f78a48c7feef4962767ab813f0b0d1a57c8b5399eb8ebf41e470857f576ec60bc318e2c0f0d908fefefefefe00000003e88a1ac79c7b991b376fdfa5e4868fb44397e2cd0ebf30ff820867c16ea700438b15bcd06244f00b38a326a7d8b29e07941d90f49911d4e355e7f2cc56f1fe4d0062656e63686d61726b73
0100613610e769241e14c09bd080455fe60000351cb802754a7740787eb64a29caaa5db589828bd03f291c7c7e6a5d3da13b1603cc7bb95038541c96924883e0b415c85b6d3c5721fcf562f0eccf4950704d5a6ec60bc318e2c0f0d908ffffffffff00000003e8cb03a2055e5f1ef518d26d9645f3fa72813793d1ce0d193f06736cf7833c7b4465fe687344eac8cfc4a10b3daa8a232006e19b0c45d2297aca31b78ae892e70b62656e63686d61726b73
0100f515459f119aa9644fa194d65516c05e005b9643eecd0b0ef3a42e906d54634ce2178fff79f3253153a1eef85091af582f08d3cf8985f00ef0152d14cc0a6d999dfe206a602fe77a38749d2212b367033d6ec60bc318e2c0f0d908000000000000000003e8fa261a73f14b5260f56a0a66483fe533b69cd80bb2b64b04acfefa0def417781644e6c470692f334eaa9baf8c54707c5ba2b5ea341ac4a77ee7b523ff450e00a62656e63686d61726b73
0100dcc25939f4102fc2fb066f9212cf47b400116abfce12f18358fc97ddd8098dd4884692d90d85a3775862a51ced287f163167109510d5c39684e27c7b6f6487ca85d04be84241eed3ec53accf7abf0e1f5d6ec60bc318e2c0f0d908010101010100000003e82b07b4e1870e787c5b975b12c215d5d3d3547e9164e72164af105bbb71520376f1b4b1f793823c1cf9e8a33f4370f345ca44870706b2210ddab965add4efc60562656e63686d61726b73
010056b2559b3c33ab1495142bd48b10db610017be89c98e8f182dc3ad730ee18f5be12988236735dd4dc60c7abd24d3530834c06393196ebff2027cb77d7d4b892ad41765fc0901989452310237439a3f9a556ec60bc318e2c0f0d908020202020200000003e87090c0be2de9c77602be889504627fb5d8f7b46546421c172235f6da3faddc014ffb6d1752de37d1c44162ea8dc8486863e810f4f9781247d4a0309d75c68b0562656e63686d61726b73
0100fdddc10d5aaeb461b274b9576aeb1d68001e1792b1c3926220d57a202facbf9d12c6c98975cc17071ca9736127128706619ce398c0ece9c83b06d0257dc8b36010420b31cf956cb78d9339ac07c165b8306ec60bc318e2c0f0d908030303030300000003e8dc03ebb6ed5b40651d81d5aa1f6fb0aa96e14679c1ab7d48a90df14eb871f4a0e417dc9ee30cf0b70a586814b05970007a5cd5684de28986f53668309cc8a30162656e63686d61726b73
0100e80a67a763f3640661a3feb50ef0f89d002d6d17204f119fdffa7e95297875917f98d71290f6adff29998333ec47b1532c021f5fe6859e7fbf259386dc1a3055c59a5ac69be90de57822c8c34ff3febaf46ec60bc318e2c0f0d908040404040400000003e8c171798c45009158a46434e00c3701b961ae993ac69f155b6fd601f347de68fdd4e127ebdb61a14406780e3482c650613469d2854bc0a773a601261eff12f40962656e63686d61726b73
01006ec032b355086a6628ae32976d87d942007cf06c6de052e1c53c939a60f2d2906ef20af8275d0b11d818089f4d880e6032d4f65f3201e4693eee101e9931ba504e5cee7c59c966d5c7a3594b9bf0a1d7f76ec60bc318e2c0f0d908050505050500000003e8e4663bc08aaec3761b5f02d966f6285767ecaf3cf27b588a0af823097d49f1bf3645bcc929ba8d72acddfe716c163a31734682caf63464239dd85d359793d80d62656e63686d61726b73
01007b3df704bd28347fc9186e7932866bca0026cf88812bd72549dd37d3577301ef97aa2dd1aeb103e528d94f25328c706b5261d4780285b036367aaae265e6d2f399b0023a1c717dd3a1e098ae09ee4474506ec60bc318e2c0f0d908060606060600000003e8bbaeedbbb204f86167cc05223b7470cbe1cd74a7683c7d1ff33bafa5957192e552d0f5dc8831d89ff7d53aed009888efb5ccf136c1121dc76f17aaed955b3a0362656e63686d61726b73
0100201794123753609b75d1061f6143c5f400db7e27c8ec8c32c2a58615438945adc0b4e6089c09305461986cccd25ae95a0e62e3cda35452123329c4ada53c1eec5fbe774e3ede8fb10918b665de8967f0906ec60bc318e2c0f0d908070707070700000003e8d97ea5fa1bc34e887514b7eda338f322a000092906d0160bb315e7fb8eb2bc80892edb56d7199c84eb5599552e09bf2fa9cb834ecf9ede5dc4cab7ba966adc0462656e63686d61726b73
0100a6d1965e8b785079e593d5b5ca1d71b000d33e23afa1081117586068d36cad208710616bb7a57989feaa3c0bdf4673b5117c21ef247c998688bdbf508b419814886472743f85535e63d3bed3c0e02e29316ec60bc318e2c0f0d908080808080800000003e8c594c093f9786aaa0ca8db88961d67c7b118983194cc52d1120b22e1f306a91930e9f41761a7076dd68596282d8203caecd8bb8555cac1631b52d30eb39d190562656e63686d61726b73
0100ef0af57c58c8917746ba597131f1cc8900b23dd472edefe870715c4c28544ecbd3b9a5043c114746a8039bebe591ea7701eae242d29d10cff5729dae766088db97613957d0b16df3457b83e4efe0d3b5566ec60bc318e2c0f0d908090909090900000003e8877923ad5b034759770f77c01fcea2eb644d7f4cc3ce616dcb0f99b5ecdcd8e51c6ba201e83346e786f6123aacacea1050385ef39fc8c3590750371fc3456f0a62656e63686d61726b73
0100a5d533d1641cea5be8e7a4a5ca4751ae00f3f008296cd133db3efd1c7ef453b628f1a0bc823cc4ceee15750e932bf7626b4c8db8cdfa533241af201e4de21c8622c4aaf621b64a3becafead5f4feed9d1c6ec60bc318e2c0f0d9080a0a0a0a0a00000003e87c9ac70c6da8fa65a5c7666bed01853f5b89f00480fae12e4f25ba57a58a8faaa4d1d6ac932587a9f0237a60ee1297baf64d137cb56a3a6fdc9c41af5df0090b62656e63686d61726b73
01002633b9661761876add48d47ef14fbec90088679c374f8387caf8df1b2b39240d5d7a1e96579455eed7c9fc25ee364ad335aaaabdcfb0319ed0f54948f148685e1eb22e3134ec225e3d43205a5f9a281afd6ec60bc318e2c0f0d9080b0b0b0b0b00000003e8ebaa96235b0799d4c2ca714b37d7f865adf096974cf751977a3eef5e0ab94054db55ec30e39ed752228003a26c2d6edbed4e4b4bbfce162277d7fde0bfff2c0062656e63686d61726b73
0100b22ec4f912551dd27d2871f6159052ac00f6e855c5ad3bfcdadb49ed011cd83f39e4a247b5195ccb27811df8e06fe1707233d866c731c599d597590ca96669d65f8633e757b40a6bcae26dfcfce93eb8c66ec60bc318e2c0f0d9080c0c0c0c0c00000003e8c22efd98668e36c72ea8004c911a2f6fe23998e71516c7643981d810877bd6e05071225cf50fd6315686b96d8d4f5fc9503f8051bfbb031c9cf5094f12e18d0a62656e63686d61726b73
010045a37fb8b952e43f66719ea35d29354d00721778d552d75045e1bcf1825781fba5f163aa9a138d5f7f72978cee2d5c067cde39ab3416624d7bcb37b68b749ea7926f07c6338102ba85602bfa103d5297086ec60bc318e2c0f0d9080d0d0d0d0d00000003e8b6691ab92bd84e2d88baa4c208fb9d607c1f5d9622a4a29178b1f5ad6f940aca69cf9f72445c42caa09c18b9731c045faec18795ca21067e6e6cd051fe13770e62656e63686d61726b73
01001c8a78b6da6d05549c0169dd7d948dc600676697da8da530bfff18a067be3a473054053786878bb965155866b70f4a3907a0cc29aec98a85a6c9176feaaa52eb4d0d4e9192ad4cb7694c863a0407cbc62c6ec60bc318e2c0f0d9080e0e0e0e0e00000003e8eee1c9b82199812faa8712af5f16d0757ef03032736d1fe23586a31faa1cfd383dd56adcdb587ea8f23641e60ac1d3cd06c46e400ebf15f6228cf195affa880b62656e63686d61726b73
0100a4e73c51f91485203cc1708fe68933d100ce9b44d6ba1a510762ca83fc2bb42b0e07a638712c7987a5f027b45a4f30316d889f034610023ea032ef6e3d025cbf3f9003a8ac9760c400c8dbae4a2e498fb26ec60bc318e2c0f0d9080f0f0f0f0f00000003e8dc83b797d8c55759babf069041a1c6c732419e970a7a7bb391c2e53067e4eada187cb7f0644bb52ebc29d8ea6e2e7b9cc595c69c948c79c02f08fc130fb7b50662656e63686d61726b73
0100b5358dfaa691cf82cb4b18c9c6a4ab3000e4c67ccb21bf759a498d44103ddc03002ae8f9449b8ae4760f6cb263796f2810be110e25b1d511fe88042b79b20df87149026174eaf19969b7a2fba7317d684c6ec60bc318e2c0f0d908101010101000000003e8fd82ecbe1a37a02955d2fb473f5af6ebebbe8138afb66ed8cf6342e629f5058a6df71db1098be238c02f409849a71e26416d7ac2df037bb14f076c47c3e71a0762656e63686d61726b73
01008d6227555e4bfcf50f25999909579c5100beaee00b77c7588e13fc2054d3c4853d1e70d0f0b71fb4c4b5389081bdfdfa2e1eaad9d92bd6610b311fc3e227c94dc57fb48f4a5d61589243edfa1e7c2dbce26ec60bc318e2c0f0d908111111111100000003e8d45b7b1272111743618c4221ae47fe0ca150d0bc128f23afdd0b8b93d0136b5e3456b848d9c21cc16f318541bf6b90ed522be8b62249c59fb6a6415ae199f00a62656e63686d61726b73
010079d6b4c304c27c183dd62a9dc970847800d08a16d6af26e017e6f60279394ffe5fc6ef7e24d32f38944a1b3e4d8a73d942089371b3db4803288f05932c61f94da33cbf3ba1778eabb1dd73207b2592725d6ec60bc318e2c0f0d908121212121200000003e80eef09789f661679ec22433b24c5c23dc1568f8704fe73485b0dcd85d56db15ce83b3d9017c2384cf6febfbce90cd5f816c51d61bef3581124c240bd42b91f0762656e63686d61726b73
0100f99f6e89f78ef1cb632053d959712c1c0066bfff045d74546374c1afdeac75beabb4811bcf06d7943fd32b29efaa65b2484d138572d64a8f88e24529da4babd19a12cb02c5fc2d4600290428555d2ab5986ec60bc318e2c0f0d908131313131300000003e82d5cbb8b45ad8fa020ac07318efdc00a2c917cae9f98a8532feaabc06ad767a5cd728f521d5efe22d4c5b5c84f10d8ed6240dfcf5609feef6d02e37af8acf70a62656e63686d61726b73
0100ca7e01688f013afb39b92bdad9e5837200a12691dc1bb4641c4193f14a27feb27b84000d2e857c37609fb9a27786d49140cb34960314ac5d04db6600c7554fc591e7ff4f2c5b9dca4ad4244dae5cb4c84d6ec60bc318e2c0f0d908141414141400000003e8247c3e20856d919ccd3f203ce40963ac8532b6c8168ed6da27d172f1fbf763d620308d7d839b1f851299369033ccb217a55d6b5da4aac45469ca2c3fec56600962656e63686d61726b73
010022dd9d8ca06615a4f60198db630849d3005c61e6a09ead82f654ea95dae5a765c3ffa2e52aa9f140094f4cf2bef843ee5b6948d62c998febfc3f7f5f4e5c73b9f0aeafc8f2a6a1bfee2e85e4f6411987516ec60bc318e2c0f0d908151515151500000003e87b071b5083000b3d7992c25f8febf3bb8660eefa34ff1ec0ddcac557cc07f0efe7de3f36fb3cd6fdab282bf478167aea218dd69fbb9d4259984882a797333d0462656e63686d61726b73
01001b354f683bde442818170f643785f342006d1a696df7b432dbc6cffb6a4c717340be56880f9d37c79a21bb2265f1c9384de05bed832dbb217a4c2602743e4b2b965d0b9da6984f2b70e6c9f5451e62ae2f6ec60bc318e2c0f0d908161616161600000003e84df2c412f60d4760deb23368fa6cf77430eafcc3bc6badc3f6e59acf4f0d9f6fdf985ab0abe3dc69232de78544813a24e2b250c78c0e6e26286bd4a30594b00262656e63686d61726b73
0100b45c30af9b57c83bbd5b7411d0116d9200fd452f9777872b09ff237ce82fa509b4882dece569c7339b8cc8be93ca4fce334e57d31d8b9592823da3f8f1cd1064383e9a479ed16bf04ac4e1fc3255bbe1686ec60bc318e2c0f0d908171717171700000003e804fd2a32c84bd3e5098612a7ec4bee4dd7dfbbc4ff0735b3c87cd8b5a1ca063dc04515638d7922bc08bfd0987c6d3c958901d5107fb94c4273ba4c6a763e950262656e63686d61726b73
0100f48e2f18e4c46d19133a53cfb343cc830055e320de1ca9f1c72cefc665213c1c083c92bef1dd72628bbfed1083b3bc6a5c8efb5bc0fc98438994da952df4cfbfc8cb8dfaff0f9d13c814fd46de301ad39c6ec60bc318e2c0f0d908181818181800000003e83b75b765d00a7a883cced073de8beebf908589f3678e8460c353092ac7f65574141f58f95395aff32424fde046beb4e22213ec4d1ff7cb4d2c437ba06226d60c62656e63686d61726b73
01001f6ce5a910a4be55ba21ddc68ee70c970023d4d62c9420f7354021f598d08ed89f04121e9c870b83154de1073adb77351618f3a4e15082a798f4019387aee5264525d3e8143b7aa632fb64e96242adf4236ec60bc318e2c0f0d908191919191900000003e8999303edde78f5fb7b9300548891f650a12cc096394398a1e4e2ff90163911093ac4893e81f4de5c06f09dd646d7df92b2c232229bcc2f9dad064f8bdf67e30562656e63686d61726b73
0100fb4c0e6799868d7d2f37e5f97e5c4da90002678afc297c615545a4a854e1255e2c824687af6afe3fc4ea50bbe4bed91018bc3993aa18ae225e95959ee95c14d15582ca1302f0932d16628e5ee4465405d56ec60bc318e2c0f0d9081a1a1a1a1a00000003e877d93db081af6c86c93625cb4a14bd057da4e3c205b537708d6c5d158eb06b9b18cb10a17ab276175a83d61f7de8c38a9fed0374d2770efb8785b42ec010c80062656e63686d61726b73
0100e2e8ace29cbc5204a5dccd4df4ddc5990091212d1d35e7c5b3a2a8edb7389e7c6bc5ba6fec654b6d0153f0a7d2ff786a652d13cac298b2ff4bbc1de593992adb60016571e6802031b951d0b86f06479f1b6ec60bc318e2c0f0d9081b1b1b1b1b00000003e8cf655c6b73f4b5541f3517febeee68be0466b74848050101b3c3da495b9462ce2b41e01ccf719bec564140df3949d553798b39015434dc8d93334ec9416c0d0062656e63686d61726b73
010070d9388dadd0acb17dac2d0abc388c8b005aaa3805ea2b11495d63f4a22d8bb37feec0182f75b6ad7a5051d24179e35f2ab98716ceedd22bdf7e9c2822dbe1447b21fff1988125b1307d304dce54d6dba36ec60bc318e2c0f0d9081c1c1c1c1c00000003e8430636a41c4ec8900cc60e3672e311e11d25ddea6c35754a39c46d26e1ee28059d5c211b8ae1fdea0ece5ce413b9bcb11a33a10e7a05e827cd4ec9884048700a62656e63686d61726b73
0100d5808b1d205e2083e757b628a540dea50053a8b8499b32224cb8e28a15285233828ceb90dbb58e48738ad6bab88972546b3684218ec0b2749f1f96f75ff8200f9596c1ecd0d0742bae937c6649074ad1506ec60bc318e2c0f0d9081d1d1d1d1d00000003e825b339ba3310ea452afcfdeb393d8ff694ce901a7b535b6d17bdc1c8f29ac9dafe0d847c93f378eb6194ebcaa6d502be1e777c6c771354f7cbd3cd4af3faee0062656e63686d61726b73
01009d8cad020d3e8d929cdd6c70de259989009fa28f779629cdbb8c8402c57ef1ea1dc6a48e5bcf82eb15e310185a3cf4f2686a4c57ec10f33c2cb87359bd6f968b281ed33c851814412cc3025d9b378e29876ec60bc318e2c0f0d9081e1e1e1e1e00000003e89c14cb5eeca52fa7b26e280a24b2fe2d7acd1713f54a0166da1a5096d78908415ae096041358559112326042feb1ca6373f09c1129ffa65a76acab8cd1c68d0962656e63686d61726b73
0100ecc68846dc040b5136544d30c403a74f0043d0b6aa20b8a893e2bea570834af4eac2509cabc2e7fb8504f232f9f471d6138dab18b572cdd014fdb45f0f0b85c65aeb8bcae8e915e79e4e9c64d593de5c2a6ec60bc318e2c0f0d9081f1f1f1f1f00000003e887e21d28cf77245b99335f76376d0bf26d34aa8b656a05d4c481d00d0a1eb8ee787db841c1b0bdb6b1a811a9bb6931925e9d539a1e1affa81a1a16004ece150b62656e63686d61726b73
0100b3f6eb108f29c3607696d78a0192f0e20076cbf097e75059dab048befed9e7abd039b529ce4b275ef928f4f7ce127ccd4848590947b618a731e3c61b37106ea91839c17d4ba9bc7e530b9d07e3fa5c21606ec60bc318e2c0f0d908202020202000000003e836bc8a70e4df7fa01a5076ed6c83988b2b2aa0e500a1d01dc87ffc816957b878e9a5cff54ea48c61be8424f2c92ecacbb84b9c62ec8ca2cbc44b3f05ee908e0f62656e63686d61726b73
01000b5ecad0e9abb89406b6c2d49b27e087004b236115dc4d1bb08bb826a56ec391dd5b42c53bfbe6bbb997ad3a6a703fdd1014104031777109d56669c5ad820ec83bc0aa92ac8ec8e9fcd5823c0f9ed1a6856ec60bc318e2c0f0d908212121212100000003e8b76bc07b0e4db0af6c73d1074b8b035fefe61e52f5d22b4128f703a822d33ecf960ab364d2099bd12d7896592b9370df108a62784d4ccc4f709dfcf69800f20262656e63686d61726b73
0100c8c55874f6d036a919c67fbed6649f45002f27932597f3da6e8554bb7e326f9cd9f579c8bc1c989a09f65e87b7102d3368796e0f6d87374b02036b0176965edd359b9df590ec9a3eea5469a889b650a6de6ec60bc318e2c0f0d908222222222200000003e895705182df615111a062f595fa3f6d2a29614c031325ea9f4e3baa4dfb3e086dfb19a264728af137161ea90b7a7307d862431cbeda54f9c087b0382e552d560d62656e63686d61726b73
0100af8eff16d12e8986e67ddf58f829303100585ff5c2f627aa92fcac05e5b38a97cca13e385804073a6fa1c9910f116f127c2f044fab3a80ce93c429a87020e6c2e625b786be5d57771fb02fd0b9782b049b6ec60bc318e2c0f0d908232323232300000003e87914b874836c8611a94662dffab0ff10fd46fe2f9f195b9fd9048ccdf04ccaa96191e94e160840c1698828acc0de83bc9ea2d7a359cfc70e635558ff6853630862656e63686d61726b73
010097f47475675c5e109976bc5d414b670400caa4d80e4308d170b9d880709926b282f79bb3666ce73bfe4d0c4c719646ec0a7a4847dd2dd31bac78b0e3a61a754866b4cd9e418ed3c42dc8aa7a98b85100256ec60bc318e2c0f0d908242424242400000003e809707c727d678e6c94bd9e6f754bc07f82a7dcde35c2eb11cdc9e2c42c13ce6870e7c4c738b1c1d1951c8b60ab7b95864a2f2beeca1208f7234d775ac6c5470a62656e63686d61726b73
010021944d90668d72bb28f30a5161b1a11d005a6557ee91741ed4fc26425fe81c7287379a48811517c7c3816ece1e4c88902adab31002b6ad3f327078ab66ea454f364d8ef48d1c1bd3e35b8f965a42bdfbcd6ec60bc318e2c0f0d908252525252500000003e83fbe972c3b50fba57ed14fb26f6909a28d2f2218e00599abf6b2c042a80775608914a49cb007c5f6971279d00da266806235fc1ff1b5d2679e7db96ff2e02b0962656e63686d61726b73
01004613686c51cbca7a530ff255b0395dbd00f452b12f9fbed1b1fb5238ff5888fbefada9d0c9aa2919785f55ee5285117d7fdd84b5311fb5b438063e3d336e637c91f3f201610cc83b8ac3b04f8b335349476ec60bc318e2c0f0d908262626262600000003e8beabddb3f7bf509e4ddae5f0e1cc2eb211e8e394e277dd97962c4808c56f6474661bc080877346c5dcaf37af13d6a8b09f92ed23600e7b6811c8991e5015310a62656e63686d61726b73
01003605b4ea1871a7f05122d5f071441c48008d9e7942e0341d6be0c328f00513857fa9090c214bf598688e9a80fe9f2729356f9b84a8d75e65474d7012f365de3ac95553a5bbc63f9e82024cb1ddb35f51006ec60bc318e2c0f0d908272727272700000003e863ce8c3d7519abdbd8921fff402029b3174604ea8aaf38679eeab49f9f80013c56c039f33ab66f7f5f74e40d506e98686df6d4ea0c7776fd46725faab86d9f0c62656e63686d61726b73
0100a39c82dc134360b7a739e7a22ba1ce90009bf7eef610da1bf1b524819a603fe65785be5f91ac9e684090167dee8416955fe4a6d2d8b72474165b5e2df45ecad35afcbd25f2bea053cada7db6b14cccf6a36ec60bc318e2c0f0d908282828282800000003e83876dbfce37607c7384b144b0d033abd51a07f1440a514921c116f5d8b66c15526c9690efb83ae2e3e9c3b8bcd4168ad755577838e43f47ce5b3cf0cd5daa50062656e63686d61726b73
01001eda14d5a777df94282e52bfb21a744b0045afcc032705d257a05875f69e2efa2dc468627a58be51e114ff4f4533d0f76df56d553d145473c92cca37150fd3eec6017acf1e984d9bd2c92c2d38628cf1966ec60bc318e2c0f0d908292929292900000003e843b445b65eba3b4823ed9c1d8fa4b548030749e02ddf75b17bb72b83e312dc882f58d9d81f9f96c45a1b60bd4be9003a2a2af826d4a9c25431166ffcc9eb700662656e63686d61726b73
010026155aa29508986debbce5282eb2a37100b4e01ec8b4ff223f4ce7d778f461c33f543eb3c1309cba257172a347d41eb5016c3980850423b67868162c5ff38c794409fdddf36bd2a493d604d80b5b7d97856ec60bc318e2c0f0d9082a2a2a2a2a00000003e86d4ce03d24228dffb424df3531448f51560df0d89dba108053768f067be001d5147f0582cda354388641017539fec621cd92065d2c28d0fbedcbab808a407c0962656e63686d61726b73
010082a140abb99fe309998a378ef45c9d2500ed87ccb69e3a583a93d44f57973d90a24c77b7d242a02193e333671776db412b77f402208a0450b3656178ca846d718e1eca09dd3a3bea277fbc6e853d1ce6d16ec60bc318e2c0f0d9082b2b2b2b2b00000003e864a630881ada5efe9b216088163cd503e6dd8cdae1604c7847468a93d4ab213aa287611fe0b1f7d16f640e838692410315001deb5fa4025c6b234862ab51690162656e63686d61726b73
010079e4d0b43e0e02ca5a7aba8933ccb1f000c91f7f23317cb20168f5c11390235336d1b32c41e282e0ec795b15fe078f2254465f0fc1bddd92a0d34487d0382dc25927638560e4cbcd6e0f8334e344d73ad96ec60bc318e2c0f0d9082c2c2c2c2c00000003e8e0f9cceb374d7c2c523887a246698c8d4bd65718556b19d2dfe2ceda6f0c2608a6bd0b133d65caabfc4a92ebe9ebbf5fa94d686664972de4fc73d52532cf830d62656e63686d61726b73
01000635240c6fbf56b98720f2fe59409406007d9b52e74d7d7dddaeafb38ccf23f26e0e047d30e7f25ae4d8ca67655da4517f3b41515373156779b689c250c0124f48abcef2d9b7c49fb446f777e92876e7e36ec60bc318e2c0f0d9082d2d2d2d2d00000003e8a3b2977fda8cdbb0b646fabbefa71e435c89a6d62e3a40b3ae065222e1915257055af38be2d1bd8aa56055e92238a33d588be7f1a1f4b99e4921894244a9300862656e63686d61726b73
01000f30a9310b88add363e6d8291ebb460a0000b6d58a3f9393f2ede71de639b93f9349279df20ff058e3769badb518b66b4c0ee11fe75e85e57fd1a5b6fd460a77e1b854a0c6f51314085339b0df678a51f26ec60bc318e2c0f0d9082e2e2e2e2e00000003e879951a6298901dfda7e04b948759543eabeccd082caa767adb6fc1eb1b89bc1207aa88a162d9e6e89925f0226c481e1014d504a23e4d298f85b5258e20b94e0962656e63686d61726b73
0100a5e5f4fa37a81f27d8ae9bce91045315008120152c08d3f0e94e1f42a5a1cad44a5b9af72d14f7e61d0feedcd4309f86024fa56a84e06b55b79cb4ded301a2b9093a6c26057ac46f3915d4cb5d3fd697a36ec60bc318e2c0f0d9082f2f2f2f2f00000003e8b7bc7ce01f44b29842ef80255b3083c79e4ebd38dbf7347ecf484e88195497ac93949bf728e8ffb03930138bd266f396e787b9c52d8f049de7adadf07af8cc0462656e63686d61726b73
01005d312246273734cb3906de5ddcf109a800498e3ac958e6fa17ee4d21d3a839f7271bd5b4e1ce320d07b9b31a8eeda7d37688508c87e20d362b48a6af5805a72e8a79bbae7c5b972c6eeb8953091d15b4896ec60bc318e2c0f0d908303030303000000003e86caf2c7778b16f664b7b99606dee474082cbeafe2e2773c93d292dd00bc56ef7b7c5dee021a94655615e9fd8401ddda8074331f599d96f6e67d12762938b120762656e63686d61726b73
0100336d5d7c857cc7a4be85a47b7817558600d61328432e82846bdd7f89d70ae5e8c6fec561ea065a001f450cefa86bc5185ca051126bd8ecaf54b69aeab1775067eda04868aafce68db582171700ab8edc426ec60bc318e2c0f0d908313131313100000003e831cbbe2dba86941843e94d294e2ea89bf94d29d9e050baca2c75bb823c9b17c6eb809d6848ce9aca3eef4d91f137345487c01c066176e7d3d4c8820b8a7f180962656e63686d61726b73
0100d2bec0cba5e9da588ec11c9d3c66ff8300608abe88683b482e7ce5dc32124e0ac8d06c3a6329400c688183612abc6fd13ae82bc7ea7e5e0888cba12f9f535de8d5be7c64c4d1a79455d210b4d9625a61676ec60bc318e2c0f0d908323232323200000003e8216c2889e9ecff40afe78d1e8a895093945639015c3b74af0bcc99556b850371002dce5b3953ca059774f8e30a7e52affb72cc6bc1be31cdb462cc41c993a90262656e63686d61726b73
010010a111264cd7c847055d070f5740c0a900277dc2c6edf5a3e619b583d852fc4b4650096aaa2bc2905d7bb681929a4f6622f245750a02389174868bddc9946c58eb48502ddc655c8511fac6e97131e4a5646ec60bc318e2c0f0d908333333333300000003e85cf2846cf67103067ac0eb1ad832898b0dec9a94e7dce7c297ccbc859ee3c2c771f5d854f871aebde7e8787e23c9abe815f07381f83b4169f1d554233a63710f62656e63686d61726b73
0100329f54706923ca5ac5fa81432884d27b00d05c0a82049709a4ec55ff74aeafc0e388b0a2fd8ceaec5dcd8c72e9b152cc062070acaed2bd6ae99a9c75acfbeee4697c0a9a01ba4583d621343126559538676ec60bc318e2c0f0d908343434343400000003e8f9a177b3bacd3aba7cbebe5949d880327380f9a6cbf2c8c08085db2c6d2e8ba5656b93473598e99cd113d80849768948a7d551af7e2823596015845179b2370062656e63686d61726b73
01006ca6a4d66335c6bd3940cd2145864f5d00a6b868780fc7dbbf5c7a7482398ecc3490834fe614719645daeba708261882119589e9cf0cc1a570835901659739a3cc162fe57ced98c5bd365968ea7dfab3a06ec60bc318e2c0f0d908353535353500000003e8d5f6ef4a20d6918700f8399947e2933ede83e80912837e459addd7a8ae729511f297d1effe91124750259e2ce5f382e49a8fd8b94a32999b53aa5acbc879d90962656e63686d61726b73
0100d1f406d9d98e7d3197c05dfbb91a9a62003c554d84b2742c2413c6c766d5f272b4c47566caf5e94bde4c58952fb3d7bb678006a6b5fe598a1b71d4c0102419d34cf88070c96dbec7335da2cf4b98afded56ec60bc318e2c0f0d908363636363600000003e8c001b0da7cbf04d203003b6d14e8450ed069c899885bb3a6acbe0c991f42f5bdb92b61ddfa5d8c3a9c3d5b795c3da4f37b13ab91cb487f14227eede2027ee90262656e63686d61726b73
0100da2ead5d70c3459907642dc349293c76005c8811d721ed95df1bebf16b31716c26c3efb1f457978c43de3441f5bdd7ab461b9429db84b0cc639af8738d74053ba487ecf20a3de69ad23b9dbb87e51be0de6ec60bc318e2c0f0d908373737373700000003e8af9d3e89f79d9ab3b63bdeb8c8856e776ea753d0dac715ba43c527f880b4a6897d20abf559760916c0790cbb94967a3ed5f607d9ff1edef45ac6b866455e200462656e63686d61726b73
01008cc594cc39403b5d56f371e39978af0d003510b94b85ee54935776264995bd0986e9894c96d6c98e9cfd7d8b8edc4b80008a5db8e630357a4dc9ee609c774ba427ad208f1dca2903144359a1f7f762f6aa6ec60bc318e2c0f0d908383838383800000003e8226997773d6a818240ef13e53a890a922f31f2d838ef7de8430e03ef5f2184b2d4858fd9f2b998078c89aeba317e7c4b347570f3e6a68a6fa3354340f34cd10562656e63686d61726b73
01008f3b088b19dada4e00bcbd33b58c8bb5008d50ae6e37bc8faab0ac90a7c5a3ddd576768987305771b52f2810b19c62501e9bc9056084eb6df9ea72e54fc42adbcee38612d133b4f83ce54f01977ee2c6206ec60bc318e2c0f0d908393939393900000003e852e442e3e6789c54ab73a9937d0c6e8b5c8d8ee80e9e5aa4b4df3caa8bded9765dbde00f4a0805d9a7396f9014ddb2b372713b9c2fd58b5ca27440a1d1a97b0562656e63686d61726b73
0100dc7dc8a26ea1912a09ec29262a68762a0008271b65f5eacc212b93a9707bc44b4678c9e09abee9afb486f60e7f31b4ed38817392e442a72f1790f05d811930290e8a4dc40c937e343289cabfdc300cb63c6ec60bc318e2c0f0d9083a3a3a3a3a00000003e8c9b6f25c50ac80e7d3571d4529ce4ba525f1f43b6e12dd4fc2804e4eb17c3065b698b2db602b9ec394950a266b8cf848d08c870cc5d69f9c0c7c428fbc9ce00e62656e63686d61726b73
0100d206286cf8a307acfc949f65e4a36c8a00d303a6a0e8711db006668faa4287dc3b526e3d1406404c07a8ff16d5f74fd3227469f38c82191f52b16cb098f82e03f441c16f7ac8ceb989ad22e79186ed63696ec60bc318e2c0f0d9083b3b3b3b3b00000003e8929d3935ac65987c362533c2b72b8eb473133e14ed1b37ed1d9dc1d4b41b74a9c9add0fa2a155e2f79ff29bdfef771801bc1e97d524a99cca9dd16b4a05a880b62656e63686d61726b73
0100e8f7152499be9dba06390405410ea70c00f5dbb96e0ff247c1d6666ea8027f65e9273c586a285bfc90e3b899af21ab393bc924f02bbbd98de404ad7d011638d3abec65b265358fd281144aeb36e31b22e56ec60bc318e2c0f0d9083c3c3c3c3c00000003e8230a4f1a760397fba17791892a87dd17cad63f14c22eeca748e2d3ec9fc99ed6f369577b4222d2b8ed753c42c6a36c0c25a3a82951383552ad5d4d611e6ffb0462656e63686d61726b73
0100ace2b9a921b0779fce2e2ceebb08131d00c6f2c9347693f05b8b6664fb0a207bab3936b307b35461638948ffffb5432e4ff0d3362cf68e667764db75f9716d4f0f399f2d60a7afe1368c3939ff648f8d026ec60bc318e2c0f0d9083d3d3d3d3d00000003e8794f37b1fc294f5c52c512f4044749f8943da214ae927d2ee05e1b03d0a299fd39cf558591c76afa90e02aafa317cc5ea45c016d5fc47e8693fb1bc113dcb40f62656e63686d61726b73
01001c81f76a49e0996e57086e964c15d8a900fd9bcb5e5d8aeb5590ac9d0313a121696b5fb4cbdb1e868822208d5ed87a3a37b637fa3c7cf9f7710ada253697216087d46f3b1554f355af07caff99abca1f486ec60bc318e2c0f0d9083e3e3e3e3e00000003e82b13686bd6fc9507f3687ce692ed85ca0cc68470f1bf8c81f63f357bc69fcbb2819e7915f09e9449929f2f7dbde138406c48d0e7ee5053b7bf97a9284b51740f62656e63686d61726b73
01002eb16a95b7ed4ab7c3d659e368b33dfc0004b6b41fef5ac58dc9d1cf6516a089f93005c1e7419a6af5d2364e2bda779717a3bc7ce8532fab91ebbea66a952a197fd8885e00a7db4656975f523402f35d616ec60bc318e2c0f0d9083f3f3f3f3f00000003e80f8fd4d55d82f1b06cbad1a2b51dca956cef5cf644c2a6d13ca962453d0ca48f5313f9faac6cca47f2f47c356ee17c096d5f63633825299542852be5f5f4fe0162656e63686d61726b73
